reconciliation_id,company_id,transaction_id,reconciliation_type,status,reconciled_amount,unreconciled_amount,currency,matched_record_count,bank_statement_reference,matched_on,reason_code,owner,notes,last_reviewed_at
REC-000001,CMP-NL-001,TXN-000038,bank_to_ledger,partially_reconciled,26341.46,27726.64,INR,1,BANK-20250401-000001,,amount_mismatch,Neha Rao,Synthetic reconciliation record.,2025-04-05T17:30:00+05:30
REC-000002,CMP-NL-001,TXN-000010,bank_to_ledger,reconciled,45226.06,0.00,INR,1,BANK-20250402-000002,2025-04-02,,Rohit Menon,Synthetic reconciliation record.,2025-04-14T17:30:00+05:30
REC-000003,CMP-NL-001,TXN-000013,card_to_receipt,unreconciled,0.00,21849.22,INR,0,,,missing_bank_match,Asha Nair,Synthetic reconciliation record.,2025-04-04T17:30:00+05:30
REC-000004,CMP-NL-001,TXN-000024,bank_to_ledger,reconciled,83004.93,0.00,INR,1,BANK-20250402-000004,2025-04-02,,Kabir Shah,Synthetic reconciliation record.,2025-04-04T17:30:00+05:30
REC-000005,CMP-NL-001,TXN-000006,card_to_receipt,reconciled,96521.27,0.00,INR,1,BANK-20250403-000005,2025-04-11,,Neha Rao,Synthetic reconciliation record.,2025-04-22T17:30:00+05:30
REC-000006,CMP-NL-001,TXN-000032,bank_to_ledger,reconciled,67059.03,0.00,INR,1,BANK-20250405-000006,2025-04-06,,Kabir Shah,Synthetic reconciliation record.,2025-04-19T17:30:00+05:30
REC-000007,CMP-NL-001,TXN-000026,bank_to_ledger,reconciled,85803.24,0.00,INR,1,BANK-20250406-000007,2025-04-17,,Kabir Shah,Synthetic reconciliation record.,2025-04-20T17:30:00+05:30
REC-000008,CMP-NL-001,TXN-000044,card_to_receipt,reconciled,30747.02,0.00,INR,1,BANK-20250407-000008,2025-04-11,,Kabir Shah,Synthetic reconciliation record.,2025-04-20T17:30:00+05:30
REC-000009,CMP-NL-001,TXN-000033,invoice_to_payout,reconciled,169205.22,0.00,INR,1,BANK-20250408-000009,2025-04-23,,Rohit Menon,Synthetic reconciliation record.,2025-04-24T17:30:00+05:30
REC-000010,CMP-NL-001,TXN-000016,invoice_to_payout,reconciled,122499.06,0.00,INR,1,BANK-20250410-000010,2025-04-22,,Kabir Shah,Synthetic reconciliation record.,2025-04-24T17:30:00+05:30
REC-000011,CMP-NL-001,TXN-000021,card_to_receipt,reconciled,140472.25,0.00,INR,1,BANK-20250410-000011,2025-04-16,,Neha Rao,Synthetic reconciliation record.,2025-04-28T17:30:00+05:30
REC-000012,CMP-NL-001,TXN-000042,bank_to_ledger,reconciled,830645.24,0.00,INR,1,BANK-20250410-000012,2025-04-14,,Neha Rao,Synthetic reconciliation record.,2025-04-22T17:30:00+05:30
REC-000013,CMP-NL-001,TXN-000007,bank_to_ledger,reconciled,63343.23,0.00,INR,1,BANK-20250411-000013,2025-04-25,,Kabir Shah,Synthetic reconciliation record.,2025-04-17T17:30:00+05:30
REC-000014,CMP-NL-001,TXN-000019,invoice_to_payout,partially_reconciled,47288.95,66875.44,INR,1,BANK-20250411-000014,,amount_mismatch,Rohit Menon,Synthetic reconciliation record.,2025-04-23T17:30:00+05:30
REC-000015,CMP-NL-001,TXN-000023,invoice_to_payout,reconciled,54571.70,0.00,INR,1,BANK-20250411-000015,2025-04-20,,Kabir Shah,Synthetic reconciliation record.,2025-04-21T17:30:00+05:30
REC-000016,CMP-NL-001,TXN-000051,invoice_to_payout,reconciled,41736.39,0.00,INR,1,BANK-20250411-000016,2025-04-14,,Kabir Shah,Synthetic reconciliation record.,2025-04-25T17:30:00+05:30
REC-000017,CMP-NL-001,TXN-000050,invoice_to_payout,reconciled,21656.01,0.00,INR,1,BANK-20250413-000017,2025-04-17,,Rohit Menon,Synthetic reconciliation record.,2025-04-20T17:30:00+05:30
REC-000018,CMP-NL-001,TXN-000008,invoice_to_payout,unreconciled,0.00,85618.67,INR,0,,,timing_difference,Asha Nair,Synthetic reconciliation record.,2025-05-01T17:30:00+05:30
REC-000019,CMP-NL-001,TXN-000029,invoice_to_payout,reconciled,191484.81,0.00,INR,1,BANK-20250414-000019,2025-04-20,,Asha Nair,Synthetic reconciliation record.,2025-04-15T17:30:00+05:30
REC-000020,CMP-NL-001,TXN-000035,bank_to_ledger,reconciled,623422.78,0.00,INR,1,BANK-20250414-000020,2025-04-28,,Neha Rao,Synthetic reconciliation record.,2025-04-20T17:30:00+05:30
REC-000021,CMP-NL-001,TXN-000001,card_to_receipt,reconciled,178413.82,0.00,INR,1,BANK-20250415-000021,2025-04-19,,Rohit Menon,Synthetic reconciliation record.,2025-04-23T17:30:00+05:30
REC-000022,CMP-NL-001,TXN-000045,card_to_receipt,unreconciled,0.00,17600.27,INR,0,,,missing_bank_match,Neha Rao,Synthetic reconciliation record.,2025-04-29T17:30:00+05:30
REC-000023,CMP-NL-001,TXN-000049,invoice_to_payout,reconciled,55657.48,0.00,INR,1,BANK-20250415-000023,2025-04-28,,Neha Rao,Synthetic reconciliation record.,2025-04-19T17:30:00+05:30
REC-000024,CMP-NL-001,TXN-000057,invoice_to_payout,reconciled,19760.59,0.00,INR,1,BANK-20250416-000024,2025-04-26,,Neha Rao,Synthetic reconciliation record.,2025-04-25T17:30:00+05:30
REC-000025,CMP-NL-001,TXN-000022,invoice_to_payout,reconciled,44680.45,0.00,INR,1,BANK-20250418-000025,2025-04-21,,Neha Rao,Synthetic reconciliation record.,2025-04-24T17:30:00+05:30
REC-000026,CMP-NL-001,TXN-000025,card_to_receipt,reconciled,66025.21,0.00,INR,1,BANK-20250418-000026,2025-04-21,,Asha Nair,Synthetic reconciliation record.,2025-04-27T17:30:00+05:30
REC-000027,CMP-NL-001,TXN-000034,card_to_receipt,reconciled,414545.12,0.00,INR,1,BANK-20250418-000027,2025-04-26,,Neha Rao,Synthetic reconciliation record.,2025-04-25T17:30:00+05:30
REC-000028,CMP-NL-001,TXN-000043,bank_to_ledger,reconciled,126353.50,0.00,INR,1,BANK-20250418-000028,2025-05-02,,Kabir Shah,Synthetic reconciliation record.,2025-04-27T17:30:00+05:30
REC-000029,CMP-NL-001,TXN-000047,card_to_receipt,reconciled,70915.18,0.00,INR,1,BANK-20250418-000029,2025-04-25,,Kabir Shah,Synthetic reconciliation record.,2025-04-27T17:30:00+05:30
REC-000030,CMP-NL-001,TXN-000053,invoice_to_payout,reconciled,21124.34,0.00,INR,1,BANK-20250418-000030,2025-04-27,,Neha Rao,Synthetic reconciliation record.,2025-05-03T17:30:00+05:30
REC-000031,CMP-NL-001,TXN-000011,invoice_to_payout,reconciled,34438.45,0.00,INR,1,BANK-20250419-000031,2025-04-24,,Kabir Shah,Synthetic reconciliation record.,2025-05-07T17:30:00+05:30
REC-000032,CMP-NL-001,TXN-000014,invoice_to_payout,reconciled,92657.70,0.00,INR,1,BANK-20250420-000032,2025-04-26,,Asha Nair,Synthetic reconciliation record.,2025-04-21T17:30:00+05:30
REC-000033,CMP-NL-001,TXN-000018,card_to_receipt,reconciled,226807.70,0.00,INR,1,BANK-20250420-000033,2025-05-01,,Asha Nair,Synthetic reconciliation record.,2025-04-23T17:30:00+05:30
REC-000034,CMP-NL-001,TXN-000027,bank_to_ledger,reconciled,440799.99,0.00,INR,1,BANK-20250420-000034,2025-04-27,,Neha Rao,Synthetic reconciliation record.,2025-04-29T17:30:00+05:30
REC-000035,CMP-NL-001,TXN-000036,invoice_to_payout,reconciled,236946.86,0.00,INR,1,BANK-20250421-000035,2025-05-03,,Neha Rao,Synthetic reconciliation record.,2025-04-30T17:30:00+05:30
REC-000036,CMP-NL-001,TXN-000037,invoice_to_payout,reconciled,217714.45,0.00,INR,1,BANK-20250421-000036,2025-04-24,,Kabir Shah,Synthetic reconciliation record.,2025-04-23T17:30:00+05:30
REC-000037,CMP-NL-001,TXN-000041,invoice_to_payout,reconciled,172742.33,0.00,INR,1,BANK-20250425-000037,2025-05-10,,Rohit Menon,Synthetic reconciliation record.,2025-05-06T17:30:00+05:30
REC-000038,CMP-NL-001,TXN-000020,card_to_receipt,unreconciled,0.00,66445.65,INR,0,,,missing_bank_match,Asha Nair,Synthetic reconciliation record.,2025-05-13T17:30:00+05:30
REC-000039,CMP-NL-001,TXN-000017,card_to_receipt,reconciled,146808.77,0.00,INR,1,BANK-20250427-000039,2025-05-10,,Asha Nair,Synthetic reconciliation record.,2025-05-05T17:30:00+05:30
REC-000040,CMP-NL-001,TXN-000046,card_to_receipt,unreconciled,0.00,94843.17,INR,0,,,missing_receipt,Rohit Menon,Synthetic reconciliation record.,2025-05-16T17:30:00+05:30
REC-000041,CMP-NL-001,TXN-000054,invoice_to_payout,reconciled,176063.13,0.00,INR,1,BANK-20250428-000041,2025-05-08,,Rohit Menon,Synthetic reconciliation record.,2025-05-18T17:30:00+05:30
REC-000042,CMP-NL-001,TXN-000015,bank_to_ledger,reconciled,28274.95,0.00,INR,1,BANK-20250429-000042,2025-04-29,,Kabir Shah,Synthetic reconciliation record.,2025-05-04T17:30:00+05:30
REC-000043,CMP-NL-001,TXN-000048,bank_to_ledger,reconciled,139168.74,0.00,INR,1,BANK-20250429-000043,2025-05-14,,Asha Nair,Synthetic reconciliation record.,2025-05-12T17:30:00+05:30
REC-000044,CMP-NL-001,TXN-000056,invoice_to_payout,reconciled,16487.62,0.00,INR,1,BANK-20250429-000044,2025-04-30,,Rohit Menon,Synthetic reconciliation record.,2025-05-11T17:30:00+05:30
REC-000045,CMP-NL-001,TXN-000004,invoice_to_payout,reconciled,386166.58,0.00,INR,1,BANK-20250430-000045,2025-05-07,,Asha Nair,Synthetic reconciliation record.,2025-05-19T17:30:00+05:30
REC-000046,CMP-NL-001,TXN-000005,invoice_to_payout,reconciled,470122.99,0.00,INR,1,BANK-20250430-000046,2025-05-05,,Rohit Menon,Synthetic reconciliation record.,2025-05-14T17:30:00+05:30
REC-000047,CMP-NL-001,TXN-000030,card_to_receipt,reconciled,96124.82,0.00,INR,1,BANK-20250430-000047,2025-05-03,,Asha Nair,Synthetic reconciliation record.,2025-05-14T17:30:00+05:30
REC-000048,CMP-NL-001,TXN-000052,card_to_receipt,reconciled,27698.68,0.00,INR,1,BANK-20250430-000048,2025-05-05,,Kabir Shah,Synthetic reconciliation record.,2025-05-16T17:30:00+05:30
REC-000049,CMP-NL-001,TXN-000055,card_to_receipt,reconciled,109658.84,0.00,INR,1,BANK-20250430-000049,2025-05-09,,Kabir Shah,Synthetic reconciliation record.,2025-05-10T17:30:00+05:30
REC-000050,CMP-NL-001,TXN-000003,invoice_to_payout,reconciled,343287.49,0.00,INR,1,BANK-20250501-000050,2025-05-01,,Rohit Menon,Synthetic reconciliation record.,2025-05-17T17:30:00+05:30
REC-000051,CMP-NL-001,TXN-000028,bank_to_ledger,reconciled,340247.85,0.00,INR,1,BANK-20250501-000051,2025-05-09,,Neha Rao,Synthetic reconciliation record.,2025-05-20T17:30:00+05:30
REC-000052,CMP-NL-001,TXN-000031,invoice_to_payout,unreconciled,0.00,206519.80,INR,0,,,timing_difference,Kabir Shah,Synthetic reconciliation record.,2025-05-07T17:30:00+05:30
REC-000053,CMP-NL-001,TXN-000039,card_to_receipt,reconciled,52183.58,0.00,INR,1,BANK-20250501-000053,2025-05-01,,Kabir Shah,Synthetic reconciliation record.,2025-05-19T17:30:00+05:30
REC-000054,CMP-NL-001,TXN-000040,invoice_to_payout,unreconciled,0.00,276242.86,INR,0,,,reference_mismatch,Neha Rao,Synthetic reconciliation record.,2025-05-06T17:30:00+05:30
REC-000055,CMP-NL-001,TXN-000083,card_to_receipt,partially_reconciled,111007.15,13044.05,INR,1,BANK-20250502-000055,,amount_mismatch,Neha Rao,Synthetic reconciliation record.,2025-05-10T17:30:00+05:30
REC-000056,CMP-NL-001,TXN-000090,card_to_receipt,reconciled,334204.95,0.00,INR,1,BANK-20250502-000056,2025-05-10,,Asha Nair,Synthetic reconciliation record.,2025-05-15T17:30:00+05:30
REC-000057,CMP-NL-001,TXN-000009,invoice_to_payout,reconciled,120660.54,0.00,INR,1,BANK-20250503-000057,2025-05-04,,Rohit Menon,Synthetic reconciliation record.,2025-05-22T17:30:00+05:30
REC-000058,CMP-NL-001,TXN-000064,card_to_receipt,reconciled,341029.93,0.00,INR,1,BANK-20250503-000058,2025-05-16,,Neha Rao,Synthetic reconciliation record.,2025-05-04T17:30:00+05:30
REC-000059,CMP-NL-001,TXN-000066,card_to_receipt,reconciled,199692.83,0.00,INR,1,BANK-20250503-000059,2025-05-11,,Neha Rao,Synthetic reconciliation record.,2025-05-11T17:30:00+05:30
REC-000060,CMP-NL-001,TXN-000100,invoice_to_payout,reconciled,421480.40,0.00,INR,1,BANK-20250504-000060,2025-05-10,,Rohit Menon,Synthetic reconciliation record.,2025-05-09T17:30:00+05:30
REC-000061,CMP-NL-001,TXN-000107,invoice_to_payout,reconciled,77781.53,0.00,INR,1,BANK-20250504-000061,2025-05-06,,Kabir Shah,Synthetic reconciliation record.,2025-05-21T17:30:00+05:30
REC-000062,CMP-NL-001,TXN-000091,card_to_receipt,reconciled,253752.49,0.00,INR,1,BANK-20250505-000062,2025-05-13,,Neha Rao,Synthetic reconciliation record.,2025-05-16T17:30:00+05:30
REC-000063,CMP-NL-001,TXN-000082,bank_to_ledger,reconciled,61332.84,0.00,INR,1,BANK-20250506-000063,2025-05-16,,Rohit Menon,Synthetic reconciliation record.,2025-05-18T17:30:00+05:30
REC-000064,CMP-NL-001,TXN-000088,card_to_receipt,unreconciled,0.00,79357.22,INR,0,,,missing_bank_match,Kabir Shah,Synthetic reconciliation record.,2025-05-12T17:30:00+05:30
REC-000065,CMP-NL-001,TXN-000103,invoice_to_payout,reconciled,8925.85,0.00,INR,1,BANK-20250506-000065,2025-05-12,,Rohit Menon,Synthetic reconciliation record.,2025-05-23T17:30:00+05:30
REC-000066,CMP-NL-001,TXN-000092,bank_to_ledger,reconciled,187071.70,0.00,INR,1,BANK-20250507-000066,2025-05-14,,Neha Rao,Synthetic reconciliation record.,2025-05-27T17:30:00+05:30
REC-000067,CMP-NL-001,TXN-000110,invoice_to_payout,reconciled,91457.16,0.00,INR,1,BANK-20250508-000067,2025-05-15,,Asha Nair,Synthetic reconciliation record.,2025-05-12T17:30:00+05:30
REC-000068,CMP-NL-001,TXN-000068,card_to_receipt,reconciled,96760.53,0.00,INR,1,BANK-20250509-000068,2025-05-21,,Asha Nair,Synthetic reconciliation record.,2025-05-14T17:30:00+05:30
REC-000069,CMP-NL-001,TXN-000097,invoice_to_payout,unreconciled,0.00,35906.44,INR,0,,,missing_receipt,Kabir Shah,Synthetic reconciliation record.,2025-05-18T17:30:00+05:30
REC-000070,CMP-NL-001,TXN-000059,card_to_receipt,reconciled,224744.86,0.00,INR,1,BANK-20250511-000070,2025-05-19,,Kabir Shah,Synthetic reconciliation record.,2025-05-22T17:30:00+05:30
REC-000071,CMP-NL-001,TXN-000060,card_to_receipt,unreconciled,0.00,629910.09,INR,0,,,timing_difference,Neha Rao,Synthetic reconciliation record.,2025-05-17T17:30:00+05:30
REC-000072,CMP-NL-001,TXN-000077,bank_to_ledger,reconciled,206677.24,0.00,INR,1,BANK-20250511-000072,2025-05-23,,Neha Rao,Synthetic reconciliation record.,2025-05-13T17:30:00+05:30
REC-000073,CMP-NL-001,TXN-000095,bank_to_ledger,reconciled,85669.56,0.00,INR,1,BANK-20250511-000073,2025-05-16,,Rohit Menon,Synthetic reconciliation record.,2025-05-14T17:30:00+05:30
REC-000074,CMP-NL-001,TXN-000087,invoice_to_payout,reconciled,114641.20,0.00,INR,1,BANK-20250513-000074,2025-05-20,,Kabir Shah,Synthetic reconciliation record.,2025-05-14T17:30:00+05:30
REC-000075,CMP-NL-001,TXN-000084,invoice_to_payout,reconciled,101080.83,0.00,INR,1,BANK-20250514-000075,2025-05-27,,Asha Nair,Synthetic reconciliation record.,2025-05-30T17:30:00+05:30
REC-000076,CMP-NL-001,TXN-000098,bank_to_ledger,reconciled,91445.32,0.00,INR,1,BANK-20250514-000076,2025-05-19,,Neha Rao,Synthetic reconciliation record.,2025-05-20T17:30:00+05:30
REC-000077,CMP-NL-001,TXN-000085,bank_to_ledger,reconciled,973996.88,0.00,INR,1,BANK-20250516-000077,2025-05-28,,Neha Rao,Synthetic reconciliation record.,2025-06-01T17:30:00+05:30
REC-000078,CMP-NL-001,TXN-000101,bank_to_ledger,reconciled,18471.12,0.00,INR,1,BANK-20250516-000078,2025-05-22,,Neha Rao,Synthetic reconciliation record.,2025-05-21T17:30:00+05:30
REC-000079,CMP-NL-001,TXN-000108,bank_to_ledger,reconciled,42266.68,0.00,INR,1,BANK-20250518-000079,2025-05-31,,Asha Nair,Synthetic reconciliation record.,2025-05-21T17:30:00+05:30
REC-000080,CMP-NL-001,TXN-000073,card_to_receipt,reconciled,21377.35,0.00,INR,1,BANK-20250520-000080,2025-05-26,,Neha Rao,Synthetic reconciliation record.,2025-06-05T17:30:00+05:30
REC-000081,CMP-NL-001,TXN-000081,invoice_to_payout,unreconciled,0.00,72938.49,INR,0,,,timing_difference,Rohit Menon,Synthetic reconciliation record.,2025-06-03T17:30:00+05:30
REC-000082,CMP-NL-001,TXN-000058,invoice_to_payout,reconciled,152610.33,0.00,INR,1,BANK-20250521-000082,2025-05-25,,Kabir Shah,Synthetic reconciliation record.,2025-05-30T17:30:00+05:30
REC-000083,CMP-NL-001,TXN-000071,card_to_receipt,unreconciled,0.00,94580.77,INR,0,,,reference_mismatch,Rohit Menon,Synthetic reconciliation record.,2025-05-27T17:30:00+05:30
REC-000084,CMP-NL-001,TXN-000080,bank_to_ledger,reconciled,69470.29,0.00,INR,1,BANK-20250521-000084,2025-05-22,,Neha Rao,Synthetic reconciliation record.,2025-06-05T17:30:00+05:30
REC-000085,CMP-NL-001,TXN-000086,card_to_receipt,reconciled,309177.30,0.00,INR,1,BANK-20250521-000085,2025-06-01,,Asha Nair,Synthetic reconciliation record.,2025-05-25T17:30:00+05:30
REC-000086,CMP-NL-001,TXN-000093,card_to_receipt,reconciled,169211.32,0.00,INR,1,BANK-20250522-000086,2025-05-23,,Neha Rao,Synthetic reconciliation record.,2025-06-01T17:30:00+05:30
REC-000087,CMP-NL-001,TXN-000063,invoice_to_payout,reconciled,319159.50,0.00,INR,1,BANK-20250523-000087,2025-05-23,,Asha Nair,Synthetic reconciliation record.,2025-05-26T17:30:00+05:30
REC-000088,CMP-NL-001,TXN-000069,invoice_to_payout,reconciled,43560.65,0.00,INR,1,BANK-20250523-000088,2025-06-06,,Neha Rao,Synthetic reconciliation record.,2025-05-31T17:30:00+05:30
REC-000089,CMP-NL-001,TXN-000089,bank_to_ledger,reconciled,80691.38,0.00,INR,1,BANK-20250523-000089,2025-05-23,,Neha Rao,Synthetic reconciliation record.,2025-05-27T17:30:00+05:30
REC-000090,CMP-NL-001,TXN-000102,bank_to_ledger,reconciled,17075.61,0.00,INR,1,BANK-20250523-000090,2025-05-25,,Rohit Menon,Synthetic reconciliation record.,2025-06-08T17:30:00+05:30
REC-000091,CMP-NL-001,TXN-000062,bank_to_ledger,reconciled,213255.68,0.00,INR,1,BANK-20250524-000091,2025-06-03,,Asha Nair,Synthetic reconciliation record.,2025-05-26T17:30:00+05:30
REC-000092,CMP-NL-001,TXN-000076,invoice_to_payout,reconciled,110785.02,0.00,INR,1,BANK-20250525-000092,2025-05-30,,Neha Rao,Synthetic reconciliation record.,2025-05-31T17:30:00+05:30
REC-000093,CMP-NL-001,TXN-000065,bank_to_ledger,reconciled,148439.83,0.00,INR,1,BANK-20250526-000093,2025-06-02,,Neha Rao,Synthetic reconciliation record.,2025-06-01T17:30:00+05:30
REC-000094,CMP-NL-001,TXN-000070,bank_to_ledger,reconciled,27774.64,0.00,INR,1,BANK-20250526-000094,2025-06-08,,Neha Rao,Synthetic reconciliation record.,2025-06-15T17:30:00+05:30
REC-000095,CMP-NL-001,TXN-000104,card_to_receipt,reconciled,93646.45,0.00,INR,1,BANK-20250526-000095,2025-06-10,,Kabir Shah,Synthetic reconciliation record.,2025-06-14T17:30:00+05:30
REC-000096,CMP-NL-001,TXN-000061,bank_to_ledger,reconciled,113606.16,0.00,INR,1,BANK-20250527-000096,2025-06-04,,Rohit Menon,Synthetic reconciliation record.,2025-06-07T17:30:00+05:30
REC-000097,CMP-NL-001,TXN-000099,bank_to_ledger,reconciled,373290.00,0.00,INR,1,BANK-20250527-000097,2025-06-04,,Kabir Shah,Synthetic reconciliation record.,2025-06-06T17:30:00+05:30
REC-000098,CMP-NL-001,TXN-000074,bank_to_ledger,reconciled,8151.66,0.00,INR,1,BANK-20250528-000098,2025-06-01,,Kabir Shah,Synthetic reconciliation record.,2025-06-10T17:30:00+05:30
REC-000099,CMP-NL-001,TXN-000072,card_to_receipt,reconciled,19398.07,0.00,INR,1,BANK-20250529-000099,2025-06-08,,Kabir Shah,Synthetic reconciliation record.,2025-06-11T17:30:00+05:30
REC-000100,CMP-NL-001,TXN-000106,bank_to_ledger,reconciled,179404.47,0.00,INR,1,BANK-20250529-000100,2025-06-11,,Rohit Menon,Synthetic reconciliation record.,2025-06-04T17:30:00+05:30
REC-000101,CMP-NL-001,TXN-000067,bank_to_ledger,unreconciled,0.00,119361.59,INR,0,,,reference_mismatch,Asha Nair,Synthetic reconciliation record.,2025-06-10T17:30:00+05:30
REC-000102,CMP-NL-001,TXN-000075,bank_to_ledger,reconciled,7929.38,0.00,INR,1,BANK-20250530-000102,2025-06-12,,Asha Nair,Synthetic reconciliation record.,2025-06-05T17:30:00+05:30
REC-000103,CMP-NL-001,TXN-000109,invoice_to_payout,reconciled,119742.27,0.00,INR,1,BANK-20250530-000103,2025-06-03,,Rohit Menon,Synthetic reconciliation record.,2025-06-18T17:30:00+05:30
REC-000104,CMP-NL-001,TXN-000079,bank_to_ledger,reconciled,50733.01,0.00,INR,1,BANK-20250531-000104,2025-06-10,,Kabir Shah,Synthetic reconciliation record.,2025-06-15T17:30:00+05:30
REC-000105,CMP-NL-001,TXN-000078,card_to_receipt,reconciled,246878.02,0.00,INR,1,BANK-20250601-000105,2025-06-06,,Kabir Shah,Synthetic reconciliation record.,2025-06-09T17:30:00+05:30
REC-000106,CMP-NL-001,TXN-000094,invoice_to_payout,reconciled,99057.38,0.00,INR,1,BANK-20250601-000106,2025-06-16,,Rohit Menon,Synthetic reconciliation record.,2025-06-19T17:30:00+05:30
REC-000107,CMP-NL-001,TXN-000096,invoice_to_payout,reconciled,89262.91,0.00,INR,1,BANK-20250601-000107,2025-06-16,,Kabir Shah,Synthetic reconciliation record.,2025-06-02T17:30:00+05:30
REC-000108,CMP-NL-001,TXN-000133,bank_to_ledger,unreconciled,0.00,99282.82,INR,0,,,timing_difference,Asha Nair,Synthetic reconciliation record.,2025-06-12T17:30:00+05:30
REC-000109,CMP-NL-001,TXN-000154,invoice_to_payout,reconciled,85557.60,0.00,INR,1,BANK-20250604-000109,2025-06-18,,Asha Nair,Synthetic reconciliation record.,2025-06-21T17:30:00+05:30
REC-000110,CMP-NL-001,TXN-000130,bank_to_ledger,reconciled,123734.09,0.00,INR,1,BANK-20250605-000110,2025-06-13,,Kabir Shah,Synthetic reconciliation record.,2025-06-14T17:30:00+05:30
REC-000111,CMP-NL-001,TXN-000156,bank_to_ledger,reconciled,146694.09,0.00,INR,1,BANK-20250605-000111,2025-06-12,,Neha Rao,Synthetic reconciliation record.,2025-06-13T17:30:00+05:30
REC-000112,CMP-NL-001,TXN-000131,bank_to_ledger,reconciled,110119.35,0.00,INR,1,BANK-20250606-000112,2025-06-10,,Rohit Menon,Synthetic reconciliation record.,2025-06-17T17:30:00+05:30
REC-000113,CMP-NL-001,TXN-000153,invoice_to_payout,reconciled,54264.70,0.00,INR,1,BANK-20250607-000113,2025-06-18,,Neha Rao,Synthetic reconciliation record.,2025-06-18T17:30:00+05:30
REC-000114,CMP-NL-001,TXN-000118,invoice_to_payout,reconciled,585586.71,0.00,INR,1,BANK-20250609-000114,2025-06-09,,Asha Nair,Synthetic reconciliation record.,2025-06-11T17:30:00+05:30
REC-000115,CMP-NL-001,TXN-000126,invoice_to_payout,reconciled,28217.07,0.00,INR,1,BANK-20250609-000115,2025-06-18,,Neha Rao,Synthetic reconciliation record.,2025-06-16T17:30:00+05:30
REC-000116,CMP-NL-001,TXN-000141,card_to_receipt,reconciled,119268.17,0.00,INR,1,BANK-20250610-000116,2025-06-15,,Neha Rao,Synthetic reconciliation record.,2025-06-24T17:30:00+05:30
REC-000117,CMP-NL-001,TXN-000155,card_to_receipt,reconciled,39158.42,0.00,INR,1,BANK-20250610-000117,2025-06-13,,Neha Rao,Synthetic reconciliation record.,2025-06-18T17:30:00+05:30
REC-000118,CMP-NL-001,TXN-000146,invoice_to_payout,reconciled,72547.05,0.00,INR,1,BANK-20250611-000118,2025-06-22,,Kabir Shah,Synthetic reconciliation record.,2025-06-18T17:30:00+05:30
REC-000119,CMP-NL-001,TXN-000112,bank_to_ledger,reconciled,232486.13,0.00,INR,1,BANK-20250613-000119,2025-06-14,,Asha Nair,Synthetic reconciliation record.,2025-06-27T17:30:00+05:30
REC-000120,CMP-NL-001,TXN-000121,bank_to_ledger,reconciled,55422.53,0.00,INR,1,BANK-20250613-000120,2025-06-14,,Asha Nair,Synthetic reconciliation record.,2025-06-16T17:30:00+05:30
REC-000121,CMP-NL-001,TXN-000119,card_to_receipt,reconciled,229625.68,0.00,INR,1,BANK-20250614-000121,2025-06-21,,Asha Nair,Synthetic reconciliation record.,2025-06-23T17:30:00+05:30
REC-000122,CMP-NL-001,TXN-000127,invoice_to_payout,reconciled,33417.22,0.00,INR,1,BANK-20250614-000122,2025-06-20,,Rohit Menon,Synthetic reconciliation record.,2025-06-25T17:30:00+05:30
REC-000123,CMP-NL-001,TXN-000149,bank_to_ledger,reconciled,394035.28,0.00,INR,1,BANK-20250614-000123,2025-06-26,,Rohit Menon,Synthetic reconciliation record.,2025-07-03T17:30:00+05:30
REC-000124,CMP-NL-001,TXN-000163,bank_to_ledger,reconciled,64776.35,0.00,INR,1,BANK-20250614-000124,2025-06-18,,Kabir Shah,Synthetic reconciliation record.,2025-06-27T17:30:00+05:30
REC-000125,CMP-NL-001,TXN-000142,card_to_receipt,reconciled,160586.22,0.00,INR,1,BANK-20250615-000125,2025-06-28,,Neha Rao,Synthetic reconciliation record.,2025-06-27T17:30:00+05:30
REC-000126,CMP-NL-001,TXN-000161,bank_to_ledger,reconciled,82815.81,0.00,INR,1,BANK-20250615-000126,2025-06-30,,Rohit Menon,Synthetic reconciliation record.,2025-06-23T17:30:00+05:30
REC-000127,CMP-NL-001,TXN-000162,invoice_to_payout,reconciled,48417.40,0.00,INR,1,BANK-20250615-000127,2025-06-21,,Neha Rao,Synthetic reconciliation record.,2025-06-24T17:30:00+05:30
REC-000128,CMP-NL-001,TXN-000140,card_to_receipt,reconciled,215378.20,0.00,INR,1,BANK-20250616-000128,2025-06-24,,Neha Rao,Synthetic reconciliation record.,2025-06-17T17:30:00+05:30
REC-000129,CMP-NL-001,TXN-000151,invoice_to_payout,reconciled,25534.42,0.00,INR,1,BANK-20250617-000129,2025-06-25,,Neha Rao,Synthetic reconciliation record.,2025-06-22T17:30:00+05:30
REC-000130,CMP-NL-001,TXN-000150,card_to_receipt,reconciled,124838.33,0.00,INR,1,BANK-20250618-000130,2025-06-18,,Neha Rao,Synthetic reconciliation record.,2025-07-04T17:30:00+05:30
REC-000131,CMP-NL-001,TXN-000115,invoice_to_payout,reconciled,348080.03,0.00,INR,1,BANK-20250619-000131,2025-06-26,,Asha Nair,Synthetic reconciliation record.,2025-06-27T17:30:00+05:30
REC-000132,CMP-NL-001,TXN-000147,card_to_receipt,partially_reconciled,218909.41,49836.36,INR,1,BANK-20250619-000132,,amount_mismatch,Asha Nair,Synthetic reconciliation record.,2025-07-09T17:30:00+05:30
REC-000133,CMP-NL-001,TXN-000159,card_to_receipt,reconciled,22450.74,0.00,INR,1,BANK-20250619-000133,2025-06-25,,Rohit Menon,Synthetic reconciliation record.,2025-06-30T17:30:00+05:30
REC-000134,CMP-NL-001,TXN-000148,card_to_receipt,reconciled,417231.37,0.00,INR,1,BANK-20250620-000134,2025-06-22,,Asha Nair,Synthetic reconciliation record.,2025-07-08T17:30:00+05:30
REC-000135,CMP-NL-001,TXN-000123,bank_to_ledger,reconciled,32881.53,0.00,INR,1,BANK-20250621-000135,2025-06-26,,Rohit Menon,Synthetic reconciliation record.,2025-07-01T17:30:00+05:30
REC-000136,CMP-NL-001,TXN-000152,invoice_to_payout,reconciled,25277.95,0.00,INR,1,BANK-20250621-000136,2025-07-03,,Asha Nair,Synthetic reconciliation record.,2025-06-23T17:30:00+05:30
REC-000137,CMP-NL-001,TXN-000157,card_to_receipt,reconciled,225576.42,0.00,INR,1,BANK-20250622-000137,2025-07-04,,Asha Nair,Synthetic reconciliation record.,2025-06-23T17:30:00+05:30
REC-000138,CMP-NL-001,TXN-000113,card_to_receipt,reconciled,49445.33,0.00,INR,1,BANK-20250623-000138,2025-06-23,,Rohit Menon,Synthetic reconciliation record.,2025-06-29T17:30:00+05:30
REC-000139,CMP-NL-001,TXN-000122,card_to_receipt,reconciled,78643.41,0.00,INR,1,BANK-20250623-000139,2025-06-30,,Neha Rao,Synthetic reconciliation record.,2025-07-09T17:30:00+05:30
REC-000140,CMP-NL-001,TXN-000145,invoice_to_payout,reconciled,48001.22,0.00,INR,1,BANK-20250623-000140,2025-07-01,,Neha Rao,Synthetic reconciliation record.,2025-06-28T17:30:00+05:30
REC-000141,CMP-NL-001,TXN-000158,invoice_to_payout,reconciled,25166.91,0.00,INR,1,BANK-20250623-000141,2025-07-03,,Neha Rao,Synthetic reconciliation record.,2025-07-02T17:30:00+05:30
REC-000142,CMP-NL-001,TXN-000160,invoice_to_payout,partially_reconciled,20398.63,2268.75,INR,1,BANK-20250623-000142,,amount_mismatch,Asha Nair,Synthetic reconciliation record.,2025-07-09T17:30:00+05:30
REC-000143,CMP-NL-001,TXN-000116,card_to_receipt,reconciled,364607.14,0.00,INR,1,BANK-20250624-000143,2025-06-28,,Kabir Shah,Synthetic reconciliation record.,2025-06-25T17:30:00+05:30
REC-000144,CMP-NL-001,TXN-000124,bank_to_ledger,reconciled,39854.99,0.00,INR,1,BANK-20250624-000144,2025-07-09,,Kabir Shah,Synthetic reconciliation record.,2025-07-01T17:30:00+05:30
REC-000145,CMP-NL-001,TXN-000128,bank_to_ledger,reconciled,142383.01,0.00,INR,1,BANK-20250624-000145,2025-07-07,,Asha Nair,Synthetic reconciliation record.,2025-07-05T17:30:00+05:30
REC-000146,CMP-NL-001,TXN-000120,bank_to_ledger,reconciled,182910.09,0.00,INR,1,BANK-20250625-000146,2025-06-25,,Asha Nair,Synthetic reconciliation record.,2025-07-05T17:30:00+05:30
REC-000147,CMP-NL-001,TXN-000132,invoice_to_payout,reconciled,123967.00,0.00,INR,1,BANK-20250625-000147,2025-07-04,,Kabir Shah,Synthetic reconciliation record.,2025-06-28T17:30:00+05:30
REC-000148,CMP-NL-001,TXN-000139,invoice_to_payout,reconciled,164342.90,0.00,INR,1,BANK-20250625-000148,2025-06-27,,Neha Rao,Synthetic reconciliation record.,2025-07-15T17:30:00+05:30
REC-000149,CMP-NL-001,TXN-000134,invoice_to_payout,reconciled,151041.82,0.00,INR,1,BANK-20250626-000149,2025-07-02,,Asha Nair,Synthetic reconciliation record.,2025-06-30T17:30:00+05:30
REC-000150,CMP-NL-001,TXN-000136,bank_to_ledger,reconciled,48980.05,0.00,INR,1,BANK-20250626-000150,2025-06-27,,Kabir Shah,Synthetic reconciliation record.,2025-07-06T17:30:00+05:30
REC-000151,CMP-NL-001,TXN-000135,invoice_to_payout,reconciled,71471.07,0.00,INR,1,BANK-20250627-000151,2025-07-06,,Kabir Shah,Synthetic reconciliation record.,2025-07-10T17:30:00+05:30
REC-000152,CMP-NL-001,TXN-000114,bank_to_ledger,reconciled,507637.10,0.00,INR,1,BANK-20250628-000152,2025-06-30,,Kabir Shah,Synthetic reconciliation record.,2025-07-16T17:30:00+05:30
REC-000153,CMP-NL-001,TXN-000125,card_to_receipt,reconciled,113496.09,0.00,INR,1,BANK-20250628-000153,2025-07-09,,Asha Nair,Synthetic reconciliation record.,2025-07-13T17:30:00+05:30
REC-000154,CMP-NL-001,TXN-000137,card_to_receipt,reconciled,1248474.75,0.00,INR,1,BANK-20250629-000154,2025-07-12,,Neha Rao,Synthetic reconciliation record.,2025-07-14T17:30:00+05:30
REC-000155,CMP-NL-001,TXN-000144,bank_to_ledger,reconciled,35398.94,0.00,INR,1,BANK-20250629-000155,2025-07-08,,Asha Nair,Synthetic reconciliation record.,2025-07-01T17:30:00+05:30
REC-000156,CMP-NL-001,TXN-000129,card_to_receipt,reconciled,295042.17,0.00,INR,1,BANK-20250701-000156,2025-07-13,,Rohit Menon,Synthetic reconciliation record.,2025-07-14T17:30:00+05:30
REC-000157,CMP-NL-001,TXN-000138,bank_to_ledger,reconciled,246352.49,0.00,INR,1,BANK-20250701-000157,2025-07-16,,Neha Rao,Synthetic reconciliation record.,2025-07-04T17:30:00+05:30
REC-000158,CMP-NL-001,TXN-000143,card_to_receipt,reconciled,94550.46,0.00,INR,1,BANK-20250701-000158,2025-07-16,,Asha Nair,Synthetic reconciliation record.,2025-07-08T17:30:00+05:30
REC-000159,CMP-NL-001,TXN-000197,bank_to_ledger,reconciled,251479.51,0.00,INR,1,BANK-20250703-000159,2025-07-06,,Rohit Menon,Synthetic reconciliation record.,2025-07-15T17:30:00+05:30
REC-000160,CMP-NL-001,TXN-000214,card_to_receipt,reconciled,105361.82,0.00,INR,1,BANK-20250703-000160,2025-07-16,,Rohit Menon,Synthetic reconciliation record.,2025-07-09T17:30:00+05:30
REC-000161,CMP-NL-001,TXN-000165,card_to_receipt,reconciled,27951.47,0.00,INR,1,BANK-20250705-000161,2025-07-18,,Neha Rao,Synthetic reconciliation record.,2025-07-15T17:30:00+05:30
REC-000162,CMP-NL-001,TXN-000176,card_to_receipt,reconciled,36319.82,0.00,INR,1,BANK-20250705-000162,2025-07-05,,Neha Rao,Synthetic reconciliation record.,2025-07-25T17:30:00+05:30
REC-000163,CMP-NL-001,TXN-000181,bank_to_ledger,reconciled,14700.05,0.00,INR,1,BANK-20250705-000163,2025-07-05,,Neha Rao,Synthetic reconciliation record.,2025-07-08T17:30:00+05:30
REC-000164,CMP-NL-001,TXN-000195,bank_to_ledger,reconciled,72631.30,0.00,INR,1,BANK-20250705-000164,2025-07-17,,Kabir Shah,Synthetic reconciliation record.,2025-07-17T17:30:00+05:30
REC-000165,CMP-NL-001,TXN-000177,bank_to_ledger,unreconciled,0.00,69294.38,INR,0,,,timing_difference,Kabir Shah,Synthetic reconciliation record.,2025-07-13T17:30:00+05:30
REC-000166,CMP-NL-001,TXN-000205,card_to_receipt,reconciled,41429.03,0.00,INR,1,BANK-20250708-000166,2025-07-20,,Asha Nair,Synthetic reconciliation record.,2025-07-26T17:30:00+05:30
REC-000167,CMP-NL-001,TXN-000211,bank_to_ledger,partially_reconciled,8892.18,4052.59,INR,1,BANK-20250708-000167,,amount_mismatch,Kabir Shah,Synthetic reconciliation record.,2025-07-20T17:30:00+05:30
REC-000168,CMP-NL-001,TXN-000202,bank_to_ledger,reconciled,226620.12,0.00,INR,1,BANK-20250709-000168,2025-07-17,,Rohit Menon,Synthetic reconciliation record.,2025-07-18T17:30:00+05:30
REC-000169,CMP-NL-001,TXN-000166,invoice_to_payout,reconciled,15973.97,0.00,INR,1,BANK-20250710-000169,2025-07-20,,Neha Rao,Synthetic reconciliation record.,2025-07-20T17:30:00+05:30
REC-000170,CMP-NL-001,TXN-000185,bank_to_ledger,unreconciled,0.00,117959.63,INR,0,,,missing_receipt,Neha Rao,Synthetic reconciliation record.,2025-07-12T17:30:00+05:30
REC-000171,CMP-NL-001,TXN-000186,card_to_receipt,reconciled,112568.90,0.00,INR,1,BANK-20250710-000171,2025-07-17,,Rohit Menon,Synthetic reconciliation record.,2025-07-26T17:30:00+05:30
REC-000172,CMP-NL-001,TXN-000191,invoice_to_payout,reconciled,52558.85,0.00,INR,1,BANK-20250711-000172,2025-07-18,,Neha Rao,Synthetic reconciliation record.,2025-07-31T17:30:00+05:30
REC-000173,CMP-NL-001,TXN-000198,invoice_to_payout,reconciled,169309.82,0.00,INR,1,BANK-20250711-000173,2025-07-20,,Kabir Shah,Synthetic reconciliation record.,2025-07-31T17:30:00+05:30
REC-000174,CMP-NL-001,TXN-000213,invoice_to_payout,reconciled,54047.29,0.00,INR,1,BANK-20250711-000174,2025-07-24,,Kabir Shah,Synthetic reconciliation record.,2025-07-19T17:30:00+05:30
REC-000175,CMP-NL-001,TXN-000170,invoice_to_payout,reconciled,173586.84,0.00,INR,1,BANK-20250712-000175,2025-07-24,,Neha Rao,Synthetic reconciliation record.,2025-07-28T17:30:00+05:30
REC-000176,CMP-NL-001,TXN-000188,bank_to_ledger,reconciled,157850.55,0.00,INR,1,BANK-20250712-000176,2025-07-21,,Asha Nair,Synthetic reconciliation record.,2025-07-28T17:30:00+05:30
REC-000177,CMP-NL-001,TXN-000208,invoice_to_payout,reconciled,8487.86,0.00,INR,1,BANK-20250712-000177,2025-07-12,,Rohit Menon,Synthetic reconciliation record.,2025-07-25T17:30:00+05:30
REC-000178,CMP-NL-001,TXN-000168,invoice_to_payout,reconciled,420514.87,0.00,INR,1,BANK-20250713-000178,2025-07-13,,Rohit Menon,Synthetic reconciliation record.,2025-08-01T17:30:00+05:30
REC-000179,CMP-NL-001,TXN-000209,bank_to_ledger,reconciled,20861.94,0.00,INR,1,BANK-20250713-000179,2025-07-14,,Neha Rao,Synthetic reconciliation record.,2025-07-14T17:30:00+05:30
REC-000180,CMP-NL-001,TXN-000196,bank_to_ledger,reconciled,204502.77,0.00,INR,1,BANK-20250714-000180,2025-07-17,,Rohit Menon,Synthetic reconciliation record.,2025-07-29T17:30:00+05:30
REC-000181,CMP-NL-001,TXN-000169,bank_to_ledger,reconciled,424249.93,0.00,INR,1,BANK-20250715-000181,2025-07-30,,Rohit Menon,Synthetic reconciliation record.,2025-08-02T17:30:00+05:30
REC-000182,CMP-NL-001,TXN-000172,card_to_receipt,disputed,0.00,543897.36,INR,0,,,vendor_dispute,Asha Nair,Synthetic reconciliation record.,2025-07-24T17:30:00+05:30
REC-000183,CMP-NL-001,TXN-000183,bank_to_ledger,reconciled,95434.36,0.00,INR,1,BANK-20250715-000183,2025-07-15,,Kabir Shah,Synthetic reconciliation record.,2025-07-27T17:30:00+05:30
REC-000184,CMP-NL-001,TXN-000204,invoice_to_payout,reconciled,27935.78,0.00,INR,1,BANK-20250716-000184,2025-07-25,,Neha Rao,Synthetic reconciliation record.,2025-08-04T17:30:00+05:30
REC-000185,CMP-NL-001,TXN-000206,bank_to_ledger,reconciled,104035.17,0.00,INR,1,BANK-20250716-000185,2025-07-31,,Asha Nair,Synthetic reconciliation record.,2025-07-17T17:30:00+05:30
REC-000186,CMP-NL-001,TXN-000210,card_to_receipt,reconciled,8257.46,0.00,INR,1,BANK-20250717-000186,2025-07-19,,Neha Rao,Synthetic reconciliation record.,2025-07-19T17:30:00+05:30
REC-000187,CMP-NL-001,TXN-000171,invoice_to_payout,reconciled,144007.08,0.00,INR,1,BANK-20250718-000187,2025-07-26,,Rohit Menon,Synthetic reconciliation record.,2025-07-19T17:30:00+05:30
REC-000188,CMP-NL-001,TXN-000174,bank_to_ledger,reconciled,57690.29,0.00,INR,1,BANK-20250719-000188,2025-07-29,,Neha Rao,Synthetic reconciliation record.,2025-08-03T17:30:00+05:30
REC-000189,CMP-NL-001,TXN-000175,card_to_receipt,reconciled,34190.83,0.00,INR,1,BANK-20250719-000189,2025-07-20,,Rohit Menon,Synthetic reconciliation record.,2025-07-23T17:30:00+05:30
REC-000190,CMP-NL-001,TXN-000178,card_to_receipt,reconciled,78604.38,0.00,INR,1,BANK-20250719-000190,2025-07-20,,Asha Nair,Synthetic reconciliation record.,2025-07-27T17:30:00+05:30
REC-000191,CMP-NL-001,TXN-000201,card_to_receipt,reconciled,578803.19,0.00,INR,1,BANK-20250719-000191,2025-07-25,,Rohit Menon,Synthetic reconciliation record.,2025-08-04T17:30:00+05:30
REC-000192,CMP-NL-001,TXN-000212,bank_to_ledger,reconciled,9429.66,0.00,INR,1,BANK-20250719-000192,2025-07-22,,Rohit Menon,Synthetic reconciliation record.,2025-08-03T17:30:00+05:30
REC-000193,CMP-NL-001,TXN-000184,bank_to_ledger,reconciled,85098.05,0.00,INR,1,BANK-20250720-000193,2025-07-20,,Kabir Shah,Synthetic reconciliation record.,2025-08-06T17:30:00+05:30
REC-000194,CMP-NL-001,TXN-000203,invoice_to_payout,reconciled,69125.80,0.00,INR,1,BANK-20250720-000194,2025-07-20,,Asha Nair,Synthetic reconciliation record.,2025-07-28T17:30:00+05:30
REC-000195,CMP-NL-001,TXN-000207,card_to_receipt,reconciled,78154.75,0.00,INR,1,BANK-20250721-000195,2025-07-22,,Asha Nair,Synthetic reconciliation record.,2025-08-02T17:30:00+05:30
REC-000196,CMP-NL-001,TXN-000215,card_to_receipt,reconciled,71879.17,0.00,INR,1,BANK-20250724-000196,2025-08-05,,Kabir Shah,Synthetic reconciliation record.,2025-08-08T17:30:00+05:30
REC-000197,CMP-NL-001,TXN-000180,bank_to_ledger,reconciled,7331.96,0.00,INR,1,BANK-20250725-000197,2025-08-09,,Neha Rao,Synthetic reconciliation record.,2025-08-10T17:30:00+05:30
REC-000198,CMP-NL-001,TXN-000200,invoice_to_payout,reconciled,349543.96,0.00,INR,1,BANK-20250725-000198,2025-07-27,,Kabir Shah,Synthetic reconciliation record.,2025-08-05T17:30:00+05:30
REC-000199,CMP-NL-001,TXN-000187,bank_to_ledger,reconciled,105383.63,0.00,INR,1,BANK-20250726-000199,2025-08-05,,Rohit Menon,Synthetic reconciliation record.,2025-08-15T17:30:00+05:30
REC-000200,CMP-NL-001,TXN-000164,card_to_receipt,reconciled,330614.82,0.00,INR,1,BANK-20250727-000200,2025-08-03,,Kabir Shah,Synthetic reconciliation record.,2025-08-10T17:30:00+05:30
REC-000201,CMP-NL-001,TXN-000182,invoice_to_payout,reconciled,142472.37,0.00,INR,1,BANK-20250727-000201,2025-08-11,,Asha Nair,Synthetic reconciliation record.,2025-08-12T17:30:00+05:30
REC-000202,CMP-NL-001,TXN-000189,invoice_to_payout,reconciled,491060.34,0.00,INR,1,BANK-20250727-000202,2025-07-30,,Asha Nair,Synthetic reconciliation record.,2025-08-14T17:30:00+05:30
REC-000203,CMP-NL-001,TXN-000194,bank_to_ledger,reconciled,148608.68,0.00,INR,1,BANK-20250727-000203,2025-07-29,,Rohit Menon,Synthetic reconciliation record.,2025-08-03T17:30:00+05:30
REC-000204,CMP-NL-001,TXN-000179,card_to_receipt,reconciled,117788.64,0.00,INR,1,BANK-20250728-000204,2025-08-08,,Neha Rao,Synthetic reconciliation record.,2025-08-12T17:30:00+05:30
REC-000205,CMP-NL-001,TXN-000173,bank_to_ledger,reconciled,33663.27,0.00,INR,1,BANK-20250729-000205,2025-08-04,,Kabir Shah,Synthetic reconciliation record.,2025-08-17T17:30:00+05:30
REC-000206,CMP-NL-001,TXN-000190,card_to_receipt,unreconciled,0.00,39934.78,INR,0,,,missing_receipt,Asha Nair,Synthetic reconciliation record.,2025-08-16T17:30:00+05:30
REC-000207,CMP-NL-001,TXN-000193,card_to_receipt,reconciled,831336.66,0.00,INR,1,BANK-20250731-000207,2025-08-08,,Kabir Shah,Synthetic reconciliation record.,2025-08-01T17:30:00+05:30
REC-000208,CMP-NL-001,TXN-000199,bank_to_ledger,reconciled,127914.78,0.00,INR,1,BANK-20250731-000208,2025-08-07,,Rohit Menon,Synthetic reconciliation record.,2025-08-09T17:30:00+05:30
REC-000209,CMP-NL-001,TXN-000192,bank_to_ledger,reconciled,84401.77,0.00,INR,1,BANK-20250802-000209,2025-08-09,,Neha Rao,Synthetic reconciliation record.,2025-08-06T17:30:00+05:30
REC-000210,CMP-NL-001,TXN-000262,bank_to_ledger,reconciled,32689.37,0.00,INR,1,BANK-20250803-000210,2025-08-08,,Neha Rao,Synthetic reconciliation record.,2025-08-21T17:30:00+05:30
REC-000211,CMP-NL-001,TXN-000227,bank_to_ledger,reconciled,36751.31,0.00,INR,1,BANK-20250804-000211,2025-08-15,,Rohit Menon,Synthetic reconciliation record.,2025-08-12T17:30:00+05:30
REC-000212,CMP-NL-001,TXN-000234,invoice_to_payout,reconciled,18736.42,0.00,INR,1,BANK-20250805-000212,2025-08-16,,Neha Rao,Synthetic reconciliation record.,2025-08-12T17:30:00+05:30
REC-000213,CMP-NL-001,TXN-000220,invoice_to_payout,reconciled,769779.92,0.00,INR,1,BANK-20250807-000213,2025-08-19,,Asha Nair,Synthetic reconciliation record.,2025-08-23T17:30:00+05:30
REC-000214,CMP-NL-001,TXN-000221,bank_to_ledger,reconciled,177523.66,0.00,INR,1,BANK-20250807-000214,2025-08-17,,Asha Nair,Synthetic reconciliation record.,2025-08-25T17:30:00+05:30
REC-000215,CMP-NL-001,TXN-000226,invoice_to_payout,reconciled,70270.37,0.00,INR,1,BANK-20250807-000215,2025-08-08,,Neha Rao,Synthetic reconciliation record.,2025-08-18T17:30:00+05:30
REC-000216,CMP-NL-001,TXN-000230,bank_to_ledger,reconciled,149857.46,0.00,INR,1,BANK-20250807-000216,2025-08-17,,Neha Rao,Synthetic reconciliation record.,2025-08-18T17:30:00+05:30
REC-000217,CMP-NL-001,TXN-000246,card_to_receipt,reconciled,140062.20,0.00,INR,1,BANK-20250807-000217,2025-08-18,,Neha Rao,Synthetic reconciliation record.,2025-08-20T17:30:00+05:30
REC-000218,CMP-NL-001,TXN-000236,bank_to_ledger,reconciled,77356.63,0.00,INR,1,BANK-20250808-000218,2025-08-16,,Asha Nair,Synthetic reconciliation record.,2025-08-21T17:30:00+05:30
REC-000219,CMP-NL-001,TXN-000260,bank_to_ledger,reconciled,69062.32,0.00,INR,1,BANK-20250808-000219,2025-08-20,,Kabir Shah,Synthetic reconciliation record.,2025-08-18T17:30:00+05:30
REC-000220,CMP-NL-001,TXN-000222,card_to_receipt,reconciled,157852.30,0.00,INR,1,BANK-20250809-000220,2025-08-19,,Asha Nair,Synthetic reconciliation record.,2025-08-18T17:30:00+05:30
REC-000221,CMP-NL-001,TXN-000232,card_to_receipt,reconciled,48738.15,0.00,INR,1,BANK-20250809-000221,2025-08-20,,Neha Rao,Synthetic reconciliation record.,2025-08-26T17:30:00+05:30
REC-000222,CMP-NL-001,TXN-000217,card_to_receipt,reconciled,236186.82,0.00,INR,1,BANK-20250810-000222,2025-08-12,,Asha Nair,Synthetic reconciliation record.,2025-08-18T17:30:00+05:30
REC-000223,CMP-NL-001,TXN-000219,invoice_to_payout,reconciled,341936.94,0.00,INR,1,BANK-20250812-000223,2025-08-21,,Asha Nair,Synthetic reconciliation record.,2025-08-22T17:30:00+05:30
REC-000224,CMP-NL-001,TXN-000228,card_to_receipt,reconciled,37905.06,0.00,INR,1,BANK-20250812-000224,2025-08-27,,Rohit Menon,Synthetic reconciliation record.,2025-08-18T17:30:00+05:30
REC-000225,CMP-NL-001,TXN-000223,invoice_to_payout,reconciled,47228.37,0.00,INR,1,BANK-20250813-000225,2025-08-22,,Neha Rao,Synthetic reconciliation record.,2025-08-22T17:30:00+05:30
REC-000226,CMP-NL-001,TXN-000244,bank_to_ledger,reconciled,34607.85,0.00,INR,1,BANK-20250813-000226,2025-08-26,,Asha Nair,Synthetic reconciliation record.,2025-08-28T17:30:00+05:30
REC-000227,CMP-NL-001,TXN-000263,card_to_receipt,reconciled,28363.84,0.00,INR,1,BANK-20250813-000227,2025-08-14,,Neha Rao,Synthetic reconciliation record.,2025-08-24T17:30:00+05:30
REC-000228,CMP-NL-001,TXN-000241,card_to_receipt,unreconciled,0.00,204665.03,INR,0,,,reference_mismatch,Kabir Shah,Synthetic reconciliation record.,2025-09-02T17:30:00+05:30
REC-000229,CMP-NL-001,TXN-000264,invoice_to_payout,reconciled,69585.69,0.00,INR,1,BANK-20250814-000229,2025-08-14,,Neha Rao,Synthetic reconciliation record.,2025-09-02T17:30:00+05:30
REC-000230,CMP-NL-001,TXN-000235,invoice_to_payout,reconciled,91197.67,0.00,INR,1,BANK-20250815-000230,2025-08-24,,Asha Nair,Synthetic reconciliation record.,2025-08-31T17:30:00+05:30
REC-000231,CMP-NL-001,TXN-000255,invoice_to_payout,reconciled,162218.21,0.00,INR,1,BANK-20250815-000231,2025-08-19,,Rohit Menon,Synthetic reconciliation record.,2025-09-04T17:30:00+05:30
REC-000232,CMP-NL-001,TXN-000240,invoice_to_payout,reconciled,430014.60,0.00,INR,1,BANK-20250816-000232,2025-08-18,,Neha Rao,Synthetic reconciliation record.,2025-08-19T17:30:00+05:30
REC-000233,CMP-NL-001,TXN-000266,invoice_to_payout,reconciled,34480.79,0.00,INR,1,BANK-20250816-000233,2025-08-22,,Rohit Menon,Synthetic reconciliation record.,2025-08-22T17:30:00+05:30
REC-000234,CMP-NL-001,TXN-000229,card_to_receipt,reconciled,68103.66,0.00,INR,1,BANK-20250817-000234,2025-08-29,,Asha Nair,Synthetic reconciliation record.,2025-09-02T17:30:00+05:30
REC-000235,CMP-NL-001,TXN-000233,bank_to_ledger,reconciled,11806.41,0.00,INR,1,BANK-20250817-000235,2025-08-30,,Asha Nair,Synthetic reconciliation record.,2025-08-18T17:30:00+05:30
REC-000236,CMP-NL-001,TXN-000247,card_to_receipt,reconciled,463770.27,0.00,INR,1,BANK-20250817-000236,2025-08-31,,Kabir Shah,Synthetic reconciliation record.,2025-08-30T17:30:00+05:30
REC-000237,CMP-NL-001,TXN-000249,invoice_to_payout,reconciled,36043.79,0.00,INR,1,BANK-20250817-000237,2025-08-23,,Kabir Shah,Synthetic reconciliation record.,2025-08-26T17:30:00+05:30
REC-000238,CMP-NL-001,TXN-000216,bank_to_ledger,reconciled,298955.50,0.00,INR,1,BANK-20250818-000238,2025-08-21,,Neha Rao,Synthetic reconciliation record.,2025-09-07T17:30:00+05:30
REC-000239,CMP-NL-001,TXN-000254,card_to_receipt,reconciled,300324.71,0.00,INR,1,BANK-20250819-000239,2025-08-29,,Kabir Shah,Synthetic reconciliation record.,2025-09-01T17:30:00+05:30
REC-000240,CMP-NL-001,TXN-000245,card_to_receipt,reconciled,52414.38,0.00,INR,1,BANK-20250820-000240,2025-08-28,,Asha Nair,Synthetic reconciliation record.,2025-09-09T17:30:00+05:30
REC-000241,CMP-NL-001,TXN-000248,bank_to_ledger,reconciled,125382.40,0.00,INR,1,BANK-20250821-000241,2025-08-30,,Kabir Shah,Synthetic reconciliation record.,2025-08-24T17:30:00+05:30
REC-000242,CMP-NL-001,TXN-000252,invoice_to_payout,reconciled,47650.99,0.00,INR,1,BANK-20250821-000242,2025-09-02,,Neha Rao,Synthetic reconciliation record.,2025-09-02T17:30:00+05:30
REC-000243,CMP-NL-001,TXN-000256,card_to_receipt,reconciled,62106.61,0.00,INR,1,BANK-20250821-000243,2025-08-24,,Kabir Shah,Synthetic reconciliation record.,2025-09-03T17:30:00+05:30
REC-000244,CMP-NL-001,TXN-000251,bank_to_ledger,reconciled,41094.28,0.00,INR,1,BANK-20250822-000244,2025-08-25,,Neha Rao,Synthetic reconciliation record.,2025-09-09T17:30:00+05:30
REC-000245,CMP-NL-001,TXN-000265,invoice_to_payout,reconciled,81765.46,0.00,INR,1,BANK-20250822-000245,2025-08-30,,Rohit Menon,Synthetic reconciliation record.,2025-08-23T17:30:00+05:30
REC-000246,CMP-NL-001,TXN-000225,invoice_to_payout,reconciled,69491.21,0.00,INR,1,BANK-20250824-000246,2025-09-08,,Kabir Shah,Synthetic reconciliation record.,2025-08-29T17:30:00+05:30
REC-000247,CMP-NL-001,TXN-000237,card_to_receipt,reconciled,60799.68,0.00,INR,1,BANK-20250824-000247,2025-08-27,,Kabir Shah,Synthetic reconciliation record.,2025-08-27T17:30:00+05:30
REC-000248,CMP-NL-001,TXN-000250,bank_to_ledger,reconciled,65835.44,0.00,INR,1,BANK-20250825-000248,2025-09-07,,Asha Nair,Synthetic reconciliation record.,2025-09-06T17:30:00+05:30
REC-000249,CMP-NL-001,TXN-000258,card_to_receipt,disputed,0.00,57617.78,INR,0,,,vendor_dispute,Rohit Menon,Synthetic reconciliation record.,2025-09-07T17:30:00+05:30
REC-000250,CMP-NL-001,TXN-000224,card_to_receipt,unreconciled,0.00,62290.26,INR,0,,,missing_receipt,Neha Rao,Synthetic reconciliation record.,2025-09-13T17:30:00+05:30
REC-000251,CMP-NL-001,TXN-000253,bank_to_ledger,unreconciled,0.00,286206.19,INR,0,,,reference_mismatch,Neha Rao,Synthetic reconciliation record.,2025-09-10T17:30:00+05:30
REC-000252,CMP-NL-001,TXN-000261,card_to_receipt,reconciled,33540.98,0.00,INR,1,BANK-20250828-000252,2025-08-29,,Kabir Shah,Synthetic reconciliation record.,2025-09-09T17:30:00+05:30
REC-000253,CMP-NL-001,TXN-000259,bank_to_ledger,reconciled,34254.85,0.00,INR,1,BANK-20250829-000253,2025-08-30,,Rohit Menon,Synthetic reconciliation record.,2025-09-16T17:30:00+05:30
REC-000254,CMP-NL-001,TXN-000238,card_to_receipt,reconciled,68312.61,0.00,INR,1,BANK-20250830-000254,2025-09-08,,Asha Nair,Synthetic reconciliation record.,2025-09-09T17:30:00+05:30
REC-000255,CMP-NL-001,TXN-000239,card_to_receipt,reconciled,256579.52,0.00,INR,1,BANK-20250830-000255,2025-09-13,,Neha Rao,Synthetic reconciliation record.,2025-09-14T17:30:00+05:30
REC-000256,CMP-NL-001,TXN-000243,bank_to_ledger,reconciled,94782.67,0.00,INR,1,BANK-20250830-000256,2025-09-03,,Kabir Shah,Synthetic reconciliation record.,2025-09-12T17:30:00+05:30
REC-000257,CMP-NL-001,TXN-000242,invoice_to_payout,reconciled,547315.06,0.00,INR,1,BANK-20250901-000257,2025-09-12,,Neha Rao,Synthetic reconciliation record.,2025-09-09T17:30:00+05:30
REC-000258,CMP-NL-001,TXN-000321,card_to_receipt,reconciled,104739.11,0.00,INR,1,BANK-20250901-000258,2025-09-11,,Kabir Shah,Synthetic reconciliation record.,2025-09-05T17:30:00+05:30
REC-000259,CMP-NL-001,TXN-000269,bank_to_ledger,reconciled,403453.23,0.00,INR,1,BANK-20250902-000259,2025-09-07,,Neha Rao,Synthetic reconciliation record.,2025-09-16T17:30:00+05:30
REC-000260,CMP-NL-001,TXN-000231,invoice_to_payout,reconciled,351603.65,0.00,INR,1,BANK-20250903-000260,2025-09-08,,Asha Nair,Synthetic reconciliation record.,2025-09-16T17:30:00+05:30
REC-000261,CMP-NL-001,TXN-000257,bank_to_ledger,unreconciled,0.00,39419.62,INR,0,,,reference_mismatch,Rohit Menon,Synthetic reconciliation record.,2025-09-18T17:30:00+05:30
REC-000262,CMP-NL-001,TXN-000280,bank_to_ledger,disputed,0.00,118074.15,INR,0,,,vendor_dispute,Asha Nair,Synthetic reconciliation record.,2025-09-18T17:30:00+05:30
REC-000263,CMP-NL-001,TXN-000328,card_to_receipt,reconciled,36590.38,0.00,INR,1,BANK-20250903-000263,2025-09-08,,Kabir Shah,Synthetic reconciliation record.,2025-09-19T17:30:00+05:30
REC-000264,CMP-NL-001,TXN-000218,card_to_receipt,reconciled,505226.83,0.00,INR,1,BANK-20250904-000264,2025-09-14,,Asha Nair,Synthetic reconciliation record.,2025-09-16T17:30:00+05:30
REC-000265,CMP-NL-001,TXN-000277,bank_to_ledger,reconciled,115913.92,0.00,INR,1,BANK-20250904-000265,2025-09-14,,Rohit Menon,Synthetic reconciliation record.,2025-09-13T17:30:00+05:30
REC-000266,CMP-NL-001,TXN-000289,card_to_receipt,reconciled,142677.09,0.00,INR,1,BANK-20250904-000266,2025-09-11,,Kabir Shah,Synthetic reconciliation record.,2025-09-21T17:30:00+05:30
REC-000267,CMP-NL-001,TXN-000297,invoice_to_payout,reconciled,28230.80,0.00,INR,1,BANK-20250904-000267,2025-09-09,,Asha Nair,Synthetic reconciliation record.,2025-09-10T17:30:00+05:30
REC-000268,CMP-NL-001,TXN-000298,card_to_receipt,reconciled,120995.68,0.00,INR,1,BANK-20250904-000268,2025-09-17,,Asha Nair,Synthetic reconciliation record.,2025-09-12T17:30:00+05:30
REC-000269,CMP-NL-001,TXN-000316,card_to_receipt,reconciled,349043.05,0.00,INR,1,BANK-20250905-000269,2025-09-12,,Neha Rao,Synthetic reconciliation record.,2025-09-18T17:30:00+05:30
REC-000270,CMP-NL-001,TXN-000325,invoice_to_payout,reconciled,40191.72,0.00,INR,1,BANK-20250905-000270,2025-09-09,,Kabir Shah,Synthetic reconciliation record.,2025-09-18T17:30:00+05:30
REC-000271,CMP-NL-001,TXN-000311,card_to_receipt,reconciled,198821.41,0.00,INR,1,BANK-20250906-000271,2025-09-09,,Asha Nair,Synthetic reconciliation record.,2025-09-09T17:30:00+05:30
REC-000272,CMP-NL-001,TXN-000326,bank_to_ledger,reconciled,37604.57,0.00,INR,1,BANK-20250906-000272,2025-09-21,,Rohit Menon,Synthetic reconciliation record.,2025-09-11T17:30:00+05:30
REC-000273,CMP-NL-001,TXN-000276,card_to_receipt,reconciled,376435.08,0.00,INR,1,BANK-20250907-000273,2025-09-15,,Rohit Menon,Synthetic reconciliation record.,2025-09-11T17:30:00+05:30
REC-000274,CMP-NL-001,TXN-000284,invoice_to_payout,reconciled,19923.98,0.00,INR,1,BANK-20250907-000274,2025-09-17,,Neha Rao,Synthetic reconciliation record.,2025-09-08T17:30:00+05:30
REC-000275,CMP-NL-001,TXN-000291,card_to_receipt,reconciled,98907.43,0.00,INR,1,BANK-20250907-000275,2025-09-22,,Asha Nair,Synthetic reconciliation record.,2025-09-22T17:30:00+05:30
REC-000276,CMP-NL-001,TXN-000323,bank_to_ledger,reconciled,64646.78,0.00,INR,1,BANK-20250907-000276,2025-09-20,,Asha Nair,Synthetic reconciliation record.,2025-09-25T17:30:00+05:30
REC-000277,CMP-NL-001,TXN-000327,bank_to_ledger,disputed,0.00,97769.43,INR,0,,,vendor_dispute,Kabir Shah,Synthetic reconciliation record.,2025-09-24T17:30:00+05:30
REC-000278,CMP-NL-001,TXN-000285,card_to_receipt,reconciled,125852.06,0.00,INR,1,BANK-20250908-000278,2025-09-21,,Rohit Menon,Synthetic reconciliation record.,2025-09-15T17:30:00+05:30
REC-000279,CMP-NL-001,TXN-000272,bank_to_ledger,reconciled,402330.81,0.00,INR,1,BANK-20250910-000279,2025-09-13,,Asha Nair,Synthetic reconciliation record.,2025-09-29T17:30:00+05:30
REC-000280,CMP-NL-001,TXN-000286,card_to_receipt,reconciled,189623.88,0.00,INR,1,BANK-20250910-000280,2025-09-25,,Kabir Shah,Synthetic reconciliation record.,2025-09-28T17:30:00+05:30
REC-000281,CMP-NL-001,TXN-000303,card_to_receipt,reconciled,51384.92,0.00,INR,1,BANK-20250910-000281,2025-09-21,,Neha Rao,Synthetic reconciliation record.,2025-09-16T17:30:00+05:30
REC-000282,CMP-NL-001,TXN-000275,bank_to_ledger,unreconciled,0.00,409782.27,INR,0,,,timing_difference,Neha Rao,Synthetic reconciliation record.,2025-09-13T17:30:00+05:30
REC-000283,CMP-NL-001,TXN-000281,invoice_to_payout,unreconciled,0.00,50267.46,INR,0,,,missing_receipt,Rohit Menon,Synthetic reconciliation record.,2025-09-12T17:30:00+05:30
REC-000284,CMP-NL-001,TXN-000307,bank_to_ledger,reconciled,127722.53,0.00,INR,1,BANK-20250912-000284,2025-09-19,,Asha Nair,Synthetic reconciliation record.,2025-09-28T17:30:00+05:30
REC-000285,CMP-NL-001,TXN-000318,invoice_to_payout,reconciled,22947.50,0.00,INR,1,BANK-20250912-000285,2025-09-15,,Asha Nair,Synthetic reconciliation record.,2025-09-14T17:30:00+05:30
REC-000286,CMP-NL-001,TXN-000279,bank_to_ledger,reconciled,46768.72,0.00,INR,1,BANK-20250913-000286,2025-09-13,,Kabir Shah,Synthetic reconciliation record.,2025-09-21T17:30:00+05:30
REC-000287,CMP-NL-001,TXN-000320,invoice_to_payout,reconciled,12190.32,0.00,INR,1,BANK-20250913-000287,2025-09-19,,Rohit Menon,Synthetic reconciliation record.,2025-10-02T17:30:00+05:30
REC-000288,CMP-NL-001,TXN-000283,bank_to_ledger,reconciled,43054.70,0.00,INR,1,BANK-20250914-000288,2025-09-20,,Rohit Menon,Synthetic reconciliation record.,2025-09-19T17:30:00+05:30
REC-000289,CMP-NL-001,TXN-000308,bank_to_ledger,reconciled,169441.76,0.00,INR,1,BANK-20250914-000289,2025-09-21,,Rohit Menon,Synthetic reconciliation record.,2025-10-04T17:30:00+05:30
REC-000290,CMP-NL-001,TXN-000268,invoice_to_payout,reconciled,128285.44,0.00,INR,1,BANK-20250916-000290,2025-09-17,,Rohit Menon,Synthetic reconciliation record.,2025-09-27T17:30:00+05:30
REC-000291,CMP-NL-001,TXN-000329,invoice_to_payout,reconciled,41181.08,0.00,INR,1,BANK-20250916-000291,2025-09-29,,Kabir Shah,Synthetic reconciliation record.,2025-09-17T17:30:00+05:30
REC-000292,CMP-NL-001,TXN-000296,card_to_receipt,reconciled,72353.52,0.00,INR,1,BANK-20250917-000292,2025-09-24,,Rohit Menon,Synthetic reconciliation record.,2025-09-27T17:30:00+05:30
REC-000293,CMP-NL-001,TXN-000300,bank_to_ledger,unreconciled,0.00,405380.50,INR,0,,,missing_receipt,Kabir Shah,Synthetic reconciliation record.,2025-10-01T17:30:00+05:30
REC-000294,CMP-NL-001,TXN-000312,bank_to_ledger,reconciled,169411.23,0.00,INR,1,BANK-20250917-000294,2025-09-23,,Asha Nair,Synthetic reconciliation record.,2025-09-21T17:30:00+05:30
REC-000295,CMP-NL-001,TXN-000287,invoice_to_payout,reconciled,198753.96,0.00,INR,1,BANK-20250918-000295,2025-09-25,,Neha Rao,Synthetic reconciliation record.,2025-09-21T17:30:00+05:30
REC-000296,CMP-NL-001,TXN-000273,bank_to_ledger,reconciled,73970.08,0.00,INR,1,BANK-20250919-000296,2025-09-23,,Rohit Menon,Synthetic reconciliation record.,2025-09-27T17:30:00+05:30
REC-000297,CMP-NL-001,TXN-000278,card_to_receipt,reconciled,218620.28,0.00,INR,1,BANK-20250919-000297,2025-09-26,,Asha Nair,Synthetic reconciliation record.,2025-10-08T17:30:00+05:30
REC-000298,CMP-NL-001,TXN-000288,invoice_to_payout,reconciled,105141.75,0.00,INR,1,BANK-20250919-000298,2025-09-25,,Neha Rao,Synthetic reconciliation record.,2025-09-24T17:30:00+05:30
REC-000299,CMP-NL-001,TXN-000294,card_to_receipt,reconciled,505640.77,0.00,INR,1,BANK-20250919-000299,2025-09-24,,Rohit Menon,Synthetic reconciliation record.,2025-09-20T17:30:00+05:30
REC-000300,CMP-NL-001,TXN-000302,invoice_to_payout,reconciled,46319.35,0.00,INR,1,BANK-20250919-000300,2025-09-19,,Neha Rao,Synthetic reconciliation record.,2025-09-28T17:30:00+05:30
REC-000301,CMP-NL-001,TXN-000304,invoice_to_payout,reconciled,46155.80,0.00,INR,1,BANK-20250919-000301,2025-09-25,,Neha Rao,Synthetic reconciliation record.,2025-09-23T17:30:00+05:30
REC-000302,CMP-NL-001,TXN-000274,card_to_receipt,reconciled,139863.52,0.00,INR,1,BANK-20250920-000302,2025-09-27,,Rohit Menon,Synthetic reconciliation record.,2025-10-05T17:30:00+05:30
REC-000303,CMP-NL-001,TXN-000310,invoice_to_payout,reconciled,149189.67,0.00,INR,1,BANK-20250920-000303,2025-10-05,,Rohit Menon,Synthetic reconciliation record.,2025-09-28T17:30:00+05:30
REC-000304,CMP-NL-001,TXN-000322,card_to_receipt,reconciled,225343.96,0.00,INR,1,BANK-20250920-000304,2025-10-02,,Asha Nair,Synthetic reconciliation record.,2025-09-22T17:30:00+05:30
REC-000305,CMP-NL-001,TXN-000271,invoice_to_payout,reconciled,113351.11,0.00,INR,1,BANK-20250921-000305,2025-09-27,,Neha Rao,Synthetic reconciliation record.,2025-09-30T17:30:00+05:30
REC-000306,CMP-NL-001,TXN-000299,invoice_to_payout,reconciled,152870.45,0.00,INR,1,BANK-20250921-000306,2025-10-01,,Rohit Menon,Synthetic reconciliation record.,2025-10-04T17:30:00+05:30
REC-000307,CMP-NL-001,TXN-000270,invoice_to_payout,reconciled,175164.97,0.00,INR,1,BANK-20250922-000307,2025-09-25,,Rohit Menon,Synthetic reconciliation record.,2025-09-26T17:30:00+05:30
REC-000308,CMP-NL-001,TXN-000293,invoice_to_payout,partially_reconciled,120784.09,166077.13,INR,1,BANK-20250922-000308,,amount_mismatch,Kabir Shah,Synthetic reconciliation record.,2025-10-10T17:30:00+05:30
REC-000309,CMP-NL-001,TXN-000282,card_to_receipt,reconciled,41952.33,0.00,INR,1,BANK-20250923-000309,2025-09-25,,Neha Rao,Synthetic reconciliation record.,2025-09-27T17:30:00+05:30
REC-000310,CMP-NL-001,TXN-000317,card_to_receipt,reconciled,35546.60,0.00,INR,1,BANK-20250923-000310,2025-10-04,,Kabir Shah,Synthetic reconciliation record.,2025-10-02T17:30:00+05:30
REC-000311,CMP-NL-001,TXN-000324,card_to_receipt,unreconciled,0.00,73861.68,INR,0,,,missing_bank_match,Asha Nair,Synthetic reconciliation record.,2025-10-03T17:30:00+05:30
REC-000312,CMP-NL-001,TXN-000295,card_to_receipt,reconciled,122337.77,0.00,INR,1,BANK-20250925-000312,2025-10-03,,Neha Rao,Synthetic reconciliation record.,2025-10-13T17:30:00+05:30
REC-000313,CMP-NL-001,TXN-000292,bank_to_ledger,reconciled,462391.71,0.00,INR,1,BANK-20250926-000313,2025-10-05,,Asha Nair,Synthetic reconciliation record.,2025-09-30T17:30:00+05:30
REC-000314,CMP-NL-001,TXN-000305,bank_to_ledger,unreconciled,0.00,29397.27,INR,0,,,reference_mismatch,Rohit Menon,Synthetic reconciliation record.,2025-10-14T17:30:00+05:30
REC-000315,CMP-NL-001,TXN-000306,bank_to_ledger,unreconciled,0.00,177589.09,INR,0,,,timing_difference,Kabir Shah,Synthetic reconciliation record.,2025-09-30T17:30:00+05:30
REC-000316,CMP-NL-001,TXN-000313,invoice_to_payout,reconciled,35881.59,0.00,INR,1,BANK-20250926-000316,2025-10-02,,Asha Nair,Synthetic reconciliation record.,2025-10-08T17:30:00+05:30
REC-000317,CMP-NL-001,TXN-000319,invoice_to_payout,reconciled,15367.93,0.00,INR,1,BANK-20250926-000317,2025-10-04,,Kabir Shah,Synthetic reconciliation record.,2025-10-04T17:30:00+05:30
REC-000318,CMP-NL-001,TXN-000267,invoice_to_payout,reconciled,166189.68,0.00,INR,1,BANK-20250928-000318,2025-10-01,,Rohit Menon,Synthetic reconciliation record.,2025-10-10T17:30:00+05:30
REC-000319,CMP-NL-001,TXN-000309,bank_to_ledger,reconciled,401741.69,0.00,INR,1,BANK-20250929-000319,2025-10-10,,Kabir Shah,Synthetic reconciliation record.,2025-10-08T17:30:00+05:30
REC-000320,CMP-NL-001,TXN-000290,bank_to_ledger,reconciled,183787.91,0.00,INR,1,BANK-20250930-000320,2025-10-10,,Neha Rao,Synthetic reconciliation record.,2025-10-16T17:30:00+05:30
REC-000321,CMP-NL-001,TXN-000314,card_to_receipt,reconciled,32093.76,0.00,INR,1,BANK-20251002-000321,2025-10-13,,Kabir Shah,Synthetic reconciliation record.,2025-10-14T17:30:00+05:30
REC-000322,CMP-NL-001,TXN-000372,bank_to_ledger,reconciled,45184.31,0.00,INR,1,BANK-20251002-000322,2025-10-02,,Rohit Menon,Synthetic reconciliation record.,2025-10-11T17:30:00+05:30
REC-000323,CMP-NL-001,TXN-000301,bank_to_ledger,reconciled,109410.71,0.00,INR,1,BANK-20251003-000323,2025-10-04,,Asha Nair,Synthetic reconciliation record.,2025-10-23T17:30:00+05:30
REC-000324,CMP-NL-001,TXN-000315,bank_to_ledger,reconciled,51428.85,0.00,INR,1,BANK-20251003-000324,2025-10-13,,Kabir Shah,Synthetic reconciliation record.,2025-10-09T17:30:00+05:30
REC-000325,CMP-NL-001,TXN-000354,card_to_receipt,reconciled,122840.79,0.00,INR,1,BANK-20251003-000325,2025-10-09,,Rohit Menon,Synthetic reconciliation record.,2025-10-13T17:30:00+05:30
REC-000326,CMP-NL-001,TXN-000365,bank_to_ledger,reconciled,256356.54,0.00,INR,1,BANK-20251003-000326,2025-10-13,,Kabir Shah,Synthetic reconciliation record.,2025-10-14T17:30:00+05:30
REC-000327,CMP-NL-001,TXN-000357,card_to_receipt,reconciled,73203.89,0.00,INR,1,BANK-20251004-000327,2025-10-09,,Rohit Menon,Synthetic reconciliation record.,2025-10-17T17:30:00+05:30
REC-000328,CMP-NL-001,TXN-000345,card_to_receipt,reconciled,61749.36,0.00,INR,1,BANK-20251005-000328,2025-10-09,,Neha Rao,Synthetic reconciliation record.,2025-10-21T17:30:00+05:30
REC-000329,CMP-NL-001,TXN-000349,invoice_to_payout,reconciled,34621.75,0.00,INR,1,BANK-20251005-000329,2025-10-19,,Neha Rao,Synthetic reconciliation record.,2025-10-18T17:30:00+05:30
REC-000330,CMP-NL-001,TXN-000352,bank_to_ledger,reconciled,156556.98,0.00,INR,1,BANK-20251005-000330,2025-10-20,,Asha Nair,Synthetic reconciliation record.,2025-10-14T17:30:00+05:30
REC-000331,CMP-NL-001,TXN-000366,invoice_to_payout,partially_reconciled,106112.88,80157.41,INR,1,BANK-20251007-000331,,amount_mismatch,Asha Nair,Synthetic reconciliation record.,2025-10-27T17:30:00+05:30
REC-000332,CMP-NL-001,TXN-000367,invoice_to_payout,reconciled,594898.39,0.00,INR,1,BANK-20251007-000332,2025-10-17,,Asha Nair,Synthetic reconciliation record.,2025-10-08T17:30:00+05:30
REC-000333,CMP-NL-001,TXN-000377,card_to_receipt,reconciled,51592.16,0.00,INR,1,BANK-20251007-000333,2025-10-13,,Rohit Menon,Synthetic reconciliation record.,2025-10-19T17:30:00+05:30
REC-000334,CMP-NL-001,TXN-000341,card_to_receipt,reconciled,26173.39,0.00,INR,1,BANK-20251008-000334,2025-10-09,,Asha Nair,Synthetic reconciliation record.,2025-10-20T17:30:00+05:30
REC-000335,CMP-NL-001,TXN-000369,invoice_to_payout,reconciled,73748.11,0.00,INR,1,BANK-20251008-000335,2025-10-08,,Rohit Menon,Synthetic reconciliation record.,2025-10-24T17:30:00+05:30
REC-000336,CMP-NL-001,TXN-000382,card_to_receipt,reconciled,5813.36,0.00,INR,1,BANK-20251008-000336,2025-10-14,,Rohit Menon,Synthetic reconciliation record.,2025-10-26T17:30:00+05:30
REC-000337,CMP-NL-001,TXN-000373,invoice_to_payout,reconciled,280422.81,0.00,INR,1,BANK-20251009-000337,2025-10-23,,Rohit Menon,Synthetic reconciliation record.,2025-10-10T17:30:00+05:30
REC-000338,CMP-NL-001,TXN-000350,bank_to_ledger,reconciled,47326.05,0.00,INR,1,BANK-20251010-000338,2025-10-14,,Asha Nair,Synthetic reconciliation record.,2025-10-22T17:30:00+05:30
REC-000339,CMP-NL-001,TXN-000340,invoice_to_payout,unreconciled,0.00,45445.66,INR,0,,,reference_mismatch,Neha Rao,Synthetic reconciliation record.,2025-10-12T17:30:00+05:30
REC-000340,CMP-NL-001,TXN-000343,card_to_receipt,reconciled,25579.83,0.00,INR,1,BANK-20251011-000340,2025-10-19,,Kabir Shah,Synthetic reconciliation record.,2025-10-30T17:30:00+05:30
REC-000341,CMP-NL-001,TXN-000344,card_to_receipt,reconciled,21497.92,0.00,INR,1,BANK-20251011-000341,2025-10-23,,Rohit Menon,Synthetic reconciliation record.,2025-10-14T17:30:00+05:30
REC-000342,CMP-NL-001,TXN-000335,invoice_to_payout,reconciled,317887.55,0.00,INR,1,BANK-20251012-000342,2025-10-16,,Rohit Menon,Synthetic reconciliation record.,2025-10-20T17:30:00+05:30
REC-000343,CMP-NL-001,TXN-000353,invoice_to_payout,reconciled,50315.82,0.00,INR,1,BANK-20251012-000343,2025-10-19,,Neha Rao,Synthetic reconciliation record.,2025-10-19T17:30:00+05:30
REC-000344,CMP-NL-001,TXN-000378,invoice_to_payout,reconciled,31989.41,0.00,INR,1,BANK-20251012-000344,2025-10-17,,Neha Rao,Synthetic reconciliation record.,2025-10-17T17:30:00+05:30
REC-000345,CMP-NL-001,TXN-000333,invoice_to_payout,reconciled,485235.02,0.00,INR,1,BANK-20251014-000345,2025-10-21,,Asha Nair,Synthetic reconciliation record.,2025-10-26T17:30:00+05:30
REC-000346,CMP-NL-001,TXN-000359,invoice_to_payout,partially_reconciled,204148.17,45431.19,INR,1,BANK-20251014-000346,,amount_mismatch,Kabir Shah,Synthetic reconciliation record.,2025-10-18T17:30:00+05:30
REC-000347,CMP-NL-001,TXN-000362,invoice_to_payout,reconciled,46244.77,0.00,INR,1,BANK-20251014-000347,2025-10-18,,Kabir Shah,Synthetic reconciliation record.,2025-10-15T17:30:00+05:30
REC-000348,CMP-NL-001,TXN-000371,card_to_receipt,reconciled,62710.42,0.00,INR,1,BANK-20251014-000348,2025-10-20,,Asha Nair,Synthetic reconciliation record.,2025-10-29T17:30:00+05:30
REC-000349,CMP-NL-001,TXN-000331,bank_to_ledger,reconciled,173982.75,0.00,INR,1,BANK-20251015-000349,2025-10-23,,Asha Nair,Synthetic reconciliation record.,2025-10-19T17:30:00+05:30
REC-000350,CMP-NL-001,TXN-000346,card_to_receipt,reconciled,49905.18,0.00,INR,1,BANK-20251015-000350,2025-10-25,,Neha Rao,Synthetic reconciliation record.,2025-11-02T17:30:00+05:30
REC-000351,CMP-NL-001,TXN-000337,card_to_receipt,reconciled,201670.62,0.00,INR,1,BANK-20251018-000351,2025-10-18,,Neha Rao,Synthetic reconciliation record.,2025-10-26T17:30:00+05:30
REC-000352,CMP-NL-001,TXN-000363,invoice_to_payout,reconciled,53617.15,0.00,INR,1,BANK-20251018-000352,2025-10-18,,Rohit Menon,Synthetic reconciliation record.,2025-11-06T17:30:00+05:30
REC-000353,CMP-NL-001,TXN-000351,invoice_to_payout,unreconciled,0.00,28306.85,INR,0,,,timing_difference,Neha Rao,Synthetic reconciliation record.,2025-10-25T17:30:00+05:30
REC-000354,CMP-NL-001,TXN-000364,bank_to_ledger,reconciled,62135.52,0.00,INR,1,BANK-20251019-000354,2025-11-03,,Neha Rao,Synthetic reconciliation record.,2025-10-26T17:30:00+05:30
REC-000355,CMP-NL-001,TXN-000375,bank_to_ledger,reconciled,44210.21,0.00,INR,1,BANK-20251019-000355,2025-11-02,,Asha Nair,Synthetic reconciliation record.,2025-11-01T17:30:00+05:30
REC-000356,CMP-NL-001,TXN-000370,card_to_receipt,reconciled,40311.35,0.00,INR,1,BANK-20251020-000356,2025-10-30,,Asha Nair,Synthetic reconciliation record.,2025-11-06T17:30:00+05:30
REC-000357,CMP-NL-001,TXN-000381,invoice_to_payout,reconciled,14369.10,0.00,INR,1,BANK-20251020-000357,2025-10-20,,Neha Rao,Synthetic reconciliation record.,2025-10-26T17:30:00+05:30
REC-000358,CMP-NL-001,TXN-000374,bank_to_ledger,reconciled,42848.64,0.00,INR,1,BANK-20251021-000358,2025-11-03,,Neha Rao,Synthetic reconciliation record.,2025-11-01T17:30:00+05:30
REC-000359,CMP-NL-001,TXN-000347,bank_to_ledger,reconciled,90545.39,0.00,INR,1,BANK-20251024-000359,2025-10-30,,Neha Rao,Synthetic reconciliation record.,2025-10-31T17:30:00+05:30
REC-000360,CMP-NL-001,TXN-000380,card_to_receipt,reconciled,43104.97,0.00,INR,1,BANK-20251024-000360,2025-10-24,,Asha Nair,Synthetic reconciliation record.,2025-11-02T17:30:00+05:30
REC-000361,CMP-NL-001,TXN-000376,card_to_receipt,reconciled,60862.50,0.00,INR,1,BANK-20251025-000361,2025-10-28,,Rohit Menon,Synthetic reconciliation record.,2025-11-13T17:30:00+05:30
REC-000362,CMP-NL-001,TXN-000379,invoice_to_payout,reconciled,98952.66,0.00,INR,1,BANK-20251025-000362,2025-11-03,,Rohit Menon,Synthetic reconciliation record.,2025-11-09T17:30:00+05:30
REC-000363,CMP-NL-001,TXN-000339,bank_to_ledger,reconciled,112157.62,0.00,INR,1,BANK-20251026-000363,2025-11-09,,Asha Nair,Synthetic reconciliation record.,2025-11-06T17:30:00+05:30
REC-000364,CMP-NL-001,TXN-000356,invoice_to_payout,reconciled,70646.41,0.00,INR,1,BANK-20251026-000364,2025-11-02,,Neha Rao,Synthetic reconciliation record.,2025-11-03T17:30:00+05:30
REC-000365,CMP-NL-001,TXN-000332,invoice_to_payout,reconciled,303140.64,0.00,INR,1,BANK-20251028-000365,2025-10-31,,Asha Nair,Synthetic reconciliation record.,2025-10-29T17:30:00+05:30
REC-000366,CMP-NL-001,TXN-000360,card_to_receipt,reconciled,72113.89,0.00,INR,1,BANK-20251028-000366,2025-11-05,,Kabir Shah,Synthetic reconciliation record.,2025-10-29T17:30:00+05:30
REC-000367,CMP-NL-001,TXN-000342,invoice_to_payout,reconciled,56906.41,0.00,INR,1,BANK-20251029-000367,2025-11-11,,Kabir Shah,Synthetic reconciliation record.,2025-11-08T17:30:00+05:30
REC-000368,CMP-NL-001,TXN-000348,card_to_receipt,reconciled,222813.18,0.00,INR,1,BANK-20251029-000368,2025-10-29,,Rohit Menon,Synthetic reconciliation record.,2025-11-07T17:30:00+05:30
REC-000369,CMP-NL-001,TXN-000361,bank_to_ledger,reconciled,76363.18,0.00,INR,1,BANK-20251029-000369,2025-11-12,,Asha Nair,Synthetic reconciliation record.,2025-11-18T17:30:00+05:30
REC-000370,CMP-NL-001,TXN-000334,bank_to_ledger,reconciled,145820.23,0.00,INR,1,BANK-20251030-000370,2025-11-06,,Neha Rao,Synthetic reconciliation record.,2025-11-14T17:30:00+05:30
REC-000371,CMP-NL-001,TXN-000336,invoice_to_payout,unreconciled,0.00,249483.89,INR,0,,,timing_difference,Asha Nair,Synthetic reconciliation record.,2025-11-16T17:30:00+05:30
REC-000372,CMP-NL-001,TXN-000338,invoice_to_payout,reconciled,40801.75,0.00,INR,1,BANK-20251031-000372,2025-11-08,,Rohit Menon,Synthetic reconciliation record.,2025-11-01T17:30:00+05:30
REC-000373,CMP-NL-001,TXN-000368,card_to_receipt,reconciled,328091.11,0.00,INR,1,BANK-20251031-000373,2025-11-02,,Asha Nair,Synthetic reconciliation record.,2025-11-10T17:30:00+05:30
REC-000374,CMP-NL-001,TXN-000355,bank_to_ledger,reconciled,761191.39,0.00,INR,1,BANK-20251101-000374,2025-11-14,,Rohit Menon,Synthetic reconciliation record.,2025-11-09T17:30:00+05:30
REC-000375,CMP-NL-001,TXN-000358,invoice_to_payout,reconciled,689876.46,0.00,INR,1,BANK-20251101-000375,2025-11-08,,Rohit Menon,Synthetic reconciliation record.,2025-11-10T17:30:00+05:30
REC-000376,CMP-NL-001,TXN-000425,invoice_to_payout,reconciled,65197.48,0.00,INR,1,BANK-20251101-000376,2025-11-10,,Rohit Menon,Synthetic reconciliation record.,2025-11-11T17:30:00+05:30
REC-000377,CMP-NL-001,TXN-000411,card_to_receipt,reconciled,342120.71,0.00,INR,1,BANK-20251102-000377,2025-11-08,,Rohit Menon,Synthetic reconciliation record.,2025-11-16T17:30:00+05:30
REC-000378,CMP-NL-001,TXN-000415,invoice_to_payout,reconciled,110435.07,0.00,INR,1,BANK-20251102-000378,2025-11-06,,Neha Rao,Synthetic reconciliation record.,2025-11-12T17:30:00+05:30
REC-000379,CMP-NL-001,TXN-000430,bank_to_ledger,reconciled,24793.64,0.00,INR,1,BANK-20251102-000379,2025-11-15,,Rohit Menon,Synthetic reconciliation record.,2025-11-20T17:30:00+05:30
REC-000380,CMP-NL-001,TXN-000330,card_to_receipt,unreconciled,0.00,212782.28,INR,0,,,missing_bank_match,Asha Nair,Synthetic reconciliation record.,2025-11-14T17:30:00+05:30
REC-000381,CMP-NL-001,TXN-000429,card_to_receipt,reconciled,55775.46,0.00,INR,1,BANK-20251104-000381,2025-11-13,,Asha Nair,Synthetic reconciliation record.,2025-11-09T17:30:00+05:30
REC-000382,CMP-NL-001,TXN-000438,card_to_receipt,reconciled,121593.02,0.00,INR,1,BANK-20251104-000382,2025-11-19,,Neha Rao,Synthetic reconciliation record.,2025-11-17T17:30:00+05:30
REC-000383,CMP-NL-001,TXN-000410,invoice_to_payout,reconciled,1348310.60,0.00,INR,1,BANK-20251105-000383,2025-11-19,,Kabir Shah,Synthetic reconciliation record.,2025-11-21T17:30:00+05:30
REC-000384,CMP-NL-001,TXN-000383,invoice_to_payout,reconciled,682308.25,0.00,INR,1,BANK-20251106-000384,2025-11-07,,Rohit Menon,Synthetic reconciliation record.,2025-11-12T17:30:00+05:30
REC-000385,CMP-NL-001,TXN-000409,card_to_receipt,reconciled,118278.26,0.00,INR,1,BANK-20251106-000385,2025-11-12,,Kabir Shah,Synthetic reconciliation record.,2025-11-21T17:30:00+05:30
REC-000386,CMP-NL-001,TXN-000412,invoice_to_payout,reconciled,65598.18,0.00,INR,1,BANK-20251106-000386,2025-11-20,,Asha Nair,Synthetic reconciliation record.,2025-11-08T17:30:00+05:30
REC-000387,CMP-NL-001,TXN-000427,invoice_to_payout,reconciled,82775.76,0.00,INR,1,BANK-20251106-000387,2025-11-17,,Neha Rao,Synthetic reconciliation record.,2025-11-10T17:30:00+05:30
REC-000388,CMP-NL-001,TXN-000389,invoice_to_payout,reconciled,83894.16,0.00,INR,1,BANK-20251107-000388,2025-11-11,,Kabir Shah,Synthetic reconciliation record.,2025-11-18T17:30:00+05:30
REC-000389,CMP-NL-001,TXN-000416,invoice_to_payout,reconciled,327124.36,0.00,INR,1,BANK-20251107-000389,2025-11-17,,Rohit Menon,Synthetic reconciliation record.,2025-11-27T17:30:00+05:30
REC-000390,CMP-NL-001,TXN-000433,bank_to_ledger,reconciled,58158.53,0.00,INR,1,BANK-20251107-000390,2025-11-16,,Asha Nair,Synthetic reconciliation record.,2025-11-16T17:30:00+05:30
REC-000391,CMP-NL-001,TXN-000407,bank_to_ledger,reconciled,60295.79,0.00,INR,1,BANK-20251108-000391,2025-11-17,,Kabir Shah,Synthetic reconciliation record.,2025-11-09T17:30:00+05:30
REC-000392,CMP-NL-001,TXN-000384,card_to_receipt,reconciled,76681.31,0.00,INR,1,BANK-20251109-000392,2025-11-22,,Rohit Menon,Synthetic reconciliation record.,2025-11-15T17:30:00+05:30
REC-000393,CMP-NL-001,TXN-000387,bank_to_ledger,unreconciled,0.00,500007.67,INR,0,,,reference_mismatch,Neha Rao,Synthetic reconciliation record.,2025-11-22T17:30:00+05:30
REC-000394,CMP-NL-001,TXN-000419,bank_to_ledger,reconciled,183956.92,0.00,INR,1,BANK-20251109-000394,2025-11-18,,Asha Nair,Synthetic reconciliation record.,2025-11-19T17:30:00+05:30
REC-000395,CMP-NL-001,TXN-000388,invoice_to_payout,reconciled,357153.86,0.00,INR,1,BANK-20251111-000395,2025-11-14,,Neha Rao,Synthetic reconciliation record.,2025-11-12T17:30:00+05:30
REC-000396,CMP-NL-001,TXN-000397,bank_to_ledger,reconciled,44023.03,0.00,INR,1,BANK-20251111-000396,2025-11-19,,Neha Rao,Synthetic reconciliation record.,2025-11-15T17:30:00+05:30
REC-000397,CMP-NL-001,TXN-000402,invoice_to_payout,reconciled,90418.82,0.00,INR,1,BANK-20251111-000397,2025-11-25,,Asha Nair,Synthetic reconciliation record.,2025-11-26T17:30:00+05:30
REC-000398,CMP-NL-001,TXN-000428,invoice_to_payout,reconciled,62027.09,0.00,INR,1,BANK-20251111-000398,2025-11-15,,Rohit Menon,Synthetic reconciliation record.,2025-11-25T17:30:00+05:30
REC-000399,CMP-NL-001,TXN-000403,invoice_to_payout,reconciled,162342.04,0.00,INR,1,BANK-20251112-000399,2025-11-12,,Rohit Menon,Synthetic reconciliation record.,2025-12-01T17:30:00+05:30
REC-000400,CMP-NL-001,TXN-000418,bank_to_ledger,partially_reconciled,74402.20,87353.81,INR,1,BANK-20251112-000400,,amount_mismatch,Neha Rao,Synthetic reconciliation record.,2025-11-20T17:30:00+05:30
REC-000401,CMP-NL-001,TXN-000392,invoice_to_payout,reconciled,77583.36,0.00,INR,1,BANK-20251114-000401,2025-11-25,,Rohit Menon,Synthetic reconciliation record.,2025-11-24T17:30:00+05:30
REC-000402,CMP-NL-001,TXN-000394,invoice_to_payout,reconciled,101922.93,0.00,INR,1,BANK-20251114-000402,2025-11-29,,Kabir Shah,Synthetic reconciliation record.,2025-12-04T17:30:00+05:30
REC-000403,CMP-NL-001,TXN-000405,bank_to_ledger,reconciled,47790.54,0.00,INR,1,BANK-20251115-000403,2025-11-30,,Asha Nair,Synthetic reconciliation record.,2025-12-05T17:30:00+05:30
REC-000404,CMP-NL-001,TXN-000406,card_to_receipt,reconciled,35839.62,0.00,INR,1,BANK-20251115-000404,2025-11-22,,Neha Rao,Synthetic reconciliation record.,2025-11-18T17:30:00+05:30
REC-000405,CMP-NL-001,TXN-000417,invoice_to_payout,reconciled,576802.42,0.00,INR,1,BANK-20251116-000405,2025-12-01,,Neha Rao,Synthetic reconciliation record.,2025-11-23T17:30:00+05:30
REC-000406,CMP-NL-001,TXN-000424,invoice_to_payout,reconciled,298173.63,0.00,INR,1,BANK-20251116-000406,2025-11-17,,Neha Rao,Synthetic reconciliation record.,2025-12-04T17:30:00+05:30
REC-000407,CMP-NL-001,TXN-000399,card_to_receipt,reconciled,102497.67,0.00,INR,1,BANK-20251118-000407,2025-11-23,,Rohit Menon,Synthetic reconciliation record.,2025-11-26T17:30:00+05:30
REC-000408,CMP-NL-001,TXN-000414,card_to_receipt,reconciled,64958.66,0.00,INR,1,BANK-20251118-000408,2025-11-23,,Kabir Shah,Synthetic reconciliation record.,2025-12-05T17:30:00+05:30
REC-000409,CMP-NL-001,TXN-000421,invoice_to_payout,reconciled,131226.32,0.00,INR,1,BANK-20251118-000409,2025-11-30,,Asha Nair,Synthetic reconciliation record.,2025-11-26T17:30:00+05:30
REC-000410,CMP-NL-001,TXN-000413,bank_to_ledger,reconciled,38758.99,0.00,INR,1,BANK-20251119-000410,2025-11-29,,Rohit Menon,Synthetic reconciliation record.,2025-11-26T17:30:00+05:30
REC-000411,CMP-NL-001,TXN-000434,bank_to_ledger,reconciled,93823.19,0.00,INR,1,BANK-20251119-000411,2025-12-02,,Kabir Shah,Synthetic reconciliation record.,2025-12-08T17:30:00+05:30
REC-000412,CMP-NL-001,TXN-000436,invoice_to_payout,partially_reconciled,13194.87,6856.67,INR,1,BANK-20251120-000412,,amount_mismatch,Neha Rao,Synthetic reconciliation record.,2025-12-09T17:30:00+05:30
REC-000413,CMP-NL-001,TXN-000423,bank_to_ledger,partially_reconciled,209208.93,103649.63,INR,1,BANK-20251121-000413,,amount_mismatch,Kabir Shah,Synthetic reconciliation record.,2025-12-09T17:30:00+05:30
REC-000414,CMP-NL-001,TXN-000439,bank_to_ledger,unreconciled,0.00,112492.57,INR,0,,,missing_receipt,Neha Rao,Synthetic reconciliation record.,2025-12-06T17:30:00+05:30
REC-000415,CMP-NL-001,TXN-000440,invoice_to_payout,reconciled,28264.70,0.00,INR,1,BANK-20251124-000415,2025-12-09,,Asha Nair,Synthetic reconciliation record.,2025-12-10T17:30:00+05:30
REC-000416,CMP-NL-001,TXN-000395,invoice_to_payout,unreconciled,0.00,38526.19,INR,0,,,missing_receipt,Asha Nair,Synthetic reconciliation record.,2025-12-08T17:30:00+05:30
REC-000417,CMP-NL-001,TXN-000400,bank_to_ledger,reconciled,34660.05,0.00,INR,1,BANK-20251126-000417,2025-12-10,,Asha Nair,Synthetic reconciliation record.,2025-12-11T17:30:00+05:30
REC-000418,CMP-NL-001,TXN-000422,invoice_to_payout,reconciled,147859.00,0.00,INR,1,BANK-20251126-000418,2025-12-04,,Rohit Menon,Synthetic reconciliation record.,2025-12-07T17:30:00+05:30
REC-000419,CMP-NL-001,TXN-000385,bank_to_ledger,reconciled,670345.51,0.00,INR,1,BANK-20251127-000419,2025-12-02,,Neha Rao,Synthetic reconciliation record.,2025-12-09T17:30:00+05:30
REC-000420,CMP-NL-001,TXN-000390,card_to_receipt,reconciled,28831.61,0.00,INR,1,BANK-20251127-000420,2025-12-12,,Asha Nair,Synthetic reconciliation record.,2025-12-12T17:30:00+05:30
REC-000421,CMP-NL-001,TXN-000391,card_to_receipt,reconciled,101904.45,0.00,INR,1,BANK-20251127-000421,2025-12-01,,Neha Rao,Synthetic reconciliation record.,2025-12-02T17:30:00+05:30
REC-000422,CMP-NL-001,TXN-000420,card_to_receipt,reconciled,161265.65,0.00,INR,1,BANK-20251127-000422,2025-11-28,,Asha Nair,Synthetic reconciliation record.,2025-12-16T17:30:00+05:30
REC-000423,CMP-NL-001,TXN-000396,invoice_to_payout,reconciled,55917.21,0.00,INR,1,BANK-20251128-000423,2025-12-07,,Neha Rao,Synthetic reconciliation record.,2025-12-09T17:30:00+05:30
REC-000424,CMP-NL-001,TXN-000401,bank_to_ledger,reconciled,305965.73,0.00,INR,1,BANK-20251128-000424,2025-12-06,,Rohit Menon,Synthetic reconciliation record.,2025-12-03T17:30:00+05:30
REC-000425,CMP-NL-001,TXN-000435,invoice_to_payout,reconciled,51936.18,0.00,INR,1,BANK-20251128-000425,2025-12-01,,Asha Nair,Synthetic reconciliation record.,2025-12-17T17:30:00+05:30
REC-000426,CMP-NL-001,TXN-000408,invoice_to_payout,reconciled,87904.40,0.00,INR,1,BANK-20251129-000426,2025-12-11,,Neha Rao,Synthetic reconciliation record.,2025-12-07T17:30:00+05:30
REC-000427,CMP-NL-001,TXN-000437,invoice_to_payout,reconciled,73147.55,0.00,INR,1,BANK-20251129-000427,2025-12-06,,Rohit Menon,Synthetic reconciliation record.,2025-12-12T17:30:00+05:30
REC-000428,CMP-NL-001,TXN-000386,bank_to_ledger,reconciled,263487.62,0.00,INR,1,BANK-20251130-000428,2025-12-11,,Neha Rao,Synthetic reconciliation record.,2025-12-08T17:30:00+05:30
REC-000429,CMP-NL-001,TXN-000426,card_to_receipt,reconciled,53501.34,0.00,INR,1,BANK-20251130-000429,2025-12-11,,Rohit Menon,Synthetic reconciliation record.,2025-12-05T17:30:00+05:30
REC-000430,CMP-NL-001,TXN-000431,card_to_receipt,unreconciled,0.00,39840.80,INR,0,,,missing_receipt,Rohit Menon,Synthetic reconciliation record.,2025-12-06T17:30:00+05:30
REC-000431,CMP-NL-001,TXN-000443,card_to_receipt,reconciled,927004.76,0.00,INR,1,BANK-20251202-000431,2025-12-06,,Neha Rao,Synthetic reconciliation record.,2025-12-14T17:30:00+05:30
REC-000432,CMP-NL-001,TXN-000398,card_to_receipt,reconciled,67420.70,0.00,INR,1,BANK-20251203-000432,2025-12-14,,Neha Rao,Synthetic reconciliation record.,2025-12-13T17:30:00+05:30
REC-000433,CMP-NL-001,TXN-000404,bank_to_ledger,reconciled,39086.70,0.00,INR,1,BANK-20251203-000433,2025-12-06,,Asha Nair,Synthetic reconciliation record.,2025-12-14T17:30:00+05:30
REC-000434,CMP-NL-001,TXN-000457,card_to_receipt,reconciled,136975.95,0.00,INR,1,BANK-20251203-000434,2025-12-15,,Kabir Shah,Synthetic reconciliation record.,2025-12-21T17:30:00+05:30
REC-000435,CMP-NL-001,TXN-000432,card_to_receipt,reconciled,87520.07,0.00,INR,1,BANK-20251204-000435,2025-12-10,,Rohit Menon,Synthetic reconciliation record.,2025-12-09T17:30:00+05:30
REC-000436,CMP-NL-001,TXN-000456,invoice_to_payout,reconciled,57582.50,0.00,INR,1,BANK-20251205-000436,2025-12-11,,Asha Nair,Synthetic reconciliation record.,2025-12-16T17:30:00+05:30
REC-000437,CMP-NL-001,TXN-000467,card_to_receipt,reconciled,40055.55,0.00,INR,1,BANK-20251206-000437,2025-12-16,,Neha Rao,Synthetic reconciliation record.,2025-12-23T17:30:00+05:30
REC-000438,CMP-NL-001,TXN-000477,card_to_receipt,reconciled,58466.87,0.00,INR,1,BANK-20251206-000438,2025-12-19,,Kabir Shah,Synthetic reconciliation record.,2025-12-21T17:30:00+05:30
REC-000439,CMP-NL-001,TXN-000478,invoice_to_payout,reconciled,41460.40,0.00,INR,1,BANK-20251206-000439,2025-12-20,,Rohit Menon,Synthetic reconciliation record.,2025-12-13T17:30:00+05:30
REC-000440,CMP-NL-001,TXN-000442,bank_to_ledger,reconciled,62798.11,0.00,INR,1,BANK-20251207-000440,2025-12-18,,Kabir Shah,Synthetic reconciliation record.,2025-12-18T17:30:00+05:30
REC-000441,CMP-NL-001,TXN-000466,card_to_receipt,partially_reconciled,59092.93,16893.36,INR,1,BANK-20251208-000441,,amount_mismatch,Rohit Menon,Synthetic reconciliation record.,2025-12-11T17:30:00+05:30
REC-000442,CMP-NL-001,TXN-000472,card_to_receipt,reconciled,359453.05,0.00,INR,1,BANK-20251208-000442,2025-12-13,,Neha Rao,Synthetic reconciliation record.,2025-12-25T17:30:00+05:30
REC-000443,CMP-NL-001,TXN-000471,invoice_to_payout,reconciled,239004.99,0.00,INR,1,BANK-20251210-000443,2025-12-25,,Neha Rao,Synthetic reconciliation record.,2025-12-21T17:30:00+05:30
REC-000444,CMP-NL-001,TXN-000470,card_to_receipt,reconciled,146958.52,0.00,INR,1,BANK-20251211-000444,2025-12-13,,Kabir Shah,Synthetic reconciliation record.,2025-12-13T17:30:00+05:30
REC-000445,CMP-NL-001,TXN-000459,card_to_receipt,reconciled,171002.86,0.00,INR,1,BANK-20251212-000445,2025-12-21,,Kabir Shah,Synthetic reconciliation record.,2025-12-23T17:30:00+05:30
REC-000446,CMP-NL-001,TXN-000479,bank_to_ledger,reconciled,53308.98,0.00,INR,1,BANK-20251213-000446,2025-12-25,,Kabir Shah,Synthetic reconciliation record.,2025-12-14T17:30:00+05:30
REC-000447,CMP-NL-001,TXN-000483,invoice_to_payout,reconciled,19930.96,0.00,INR,1,BANK-20251213-000447,2025-12-26,,Neha Rao,Synthetic reconciliation record.,2025-12-16T17:30:00+05:30
REC-000448,CMP-NL-001,TXN-000474,invoice_to_payout,partially_reconciled,98469.78,19595.71,INR,1,BANK-20251214-000448,,amount_mismatch,Rohit Menon,Synthetic reconciliation record.,2025-12-29T17:30:00+05:30
REC-000449,CMP-NL-001,TXN-000455,bank_to_ledger,reconciled,194640.15,0.00,INR,1,BANK-20251215-000449,2025-12-22,,Rohit Menon,Synthetic reconciliation record.,2025-12-20T17:30:00+05:30
REC-000450,CMP-NL-001,TXN-000469,invoice_to_payout,reconciled,334031.18,0.00,INR,1,BANK-20251216-000450,2025-12-26,,Asha Nair,Synthetic reconciliation record.,2025-12-25T17:30:00+05:30
REC-000451,CMP-NL-001,TXN-000473,invoice_to_payout,reconciled,436257.44,0.00,INR,1,BANK-20251216-000451,2025-12-28,,Kabir Shah,Synthetic reconciliation record.,2025-12-26T17:30:00+05:30
REC-000452,CMP-NL-001,TXN-000441,bank_to_ledger,reconciled,533908.59,0.00,INR,1,BANK-20251217-000452,2025-12-23,,Kabir Shah,Synthetic reconciliation record.,2025-12-21T17:30:00+05:30
REC-000453,CMP-NL-001,TXN-000446,bank_to_ledger,reconciled,498618.24,0.00,INR,1,BANK-20251217-000453,2025-12-28,,Neha Rao,Synthetic reconciliation record.,2025-12-27T17:30:00+05:30
REC-000454,CMP-NL-001,TXN-000480,invoice_to_payout,reconciled,45515.48,0.00,INR,1,BANK-20251217-000454,2025-12-18,,Asha Nair,Synthetic reconciliation record.,2025-12-27T17:30:00+05:30
REC-000455,CMP-NL-001,TXN-000475,invoice_to_payout,reconciled,12794.82,0.00,INR,1,BANK-20251218-000455,2026-01-02,,Rohit Menon,Synthetic reconciliation record.,2025-12-31T17:30:00+05:30
REC-000456,CMP-NL-001,TXN-000444,card_to_receipt,reconciled,272260.63,0.00,INR,1,BANK-20251219-000456,2025-12-21,,Neha Rao,Synthetic reconciliation record.,2026-01-08T17:30:00+05:30
REC-000457,CMP-NL-001,TXN-000451,card_to_receipt,reconciled,59190.94,0.00,INR,1,BANK-20251219-000457,2025-12-21,,Rohit Menon,Synthetic reconciliation record.,2026-01-01T17:30:00+05:30
REC-000458,CMP-NL-001,TXN-000485,invoice_to_payout,reconciled,130138.05,0.00,INR,1,BANK-20251219-000458,2025-12-28,,Rohit Menon,Synthetic reconciliation record.,2025-12-25T17:30:00+05:30
REC-000459,CMP-NL-001,TXN-000481,card_to_receipt,reconciled,66775.33,0.00,INR,1,BANK-20251220-000459,2025-12-27,,Asha Nair,Synthetic reconciliation record.,2025-12-28T17:30:00+05:30
REC-000460,CMP-NL-001,TXN-000465,bank_to_ledger,reconciled,73255.63,0.00,INR,1,BANK-20251221-000460,2025-12-27,,Neha Rao,Synthetic reconciliation record.,2026-01-01T17:30:00+05:30
REC-000461,CMP-NL-001,TXN-000476,invoice_to_payout,reconciled,31761.96,0.00,INR,1,BANK-20251221-000461,2026-01-02,,Kabir Shah,Synthetic reconciliation record.,2026-01-10T17:30:00+05:30
REC-000462,CMP-NL-001,TXN-000458,card_to_receipt,reconciled,113041.70,0.00,INR,1,BANK-20251222-000462,2026-01-03,,Neha Rao,Synthetic reconciliation record.,2026-01-04T17:30:00+05:30
REC-000463,CMP-NL-001,TXN-000463,bank_to_ledger,reconciled,175147.49,0.00,INR,1,BANK-20251222-000463,2025-12-26,,Asha Nair,Synthetic reconciliation record.,2026-01-02T17:30:00+05:30
REC-000464,CMP-NL-001,TXN-000454,card_to_receipt,reconciled,141479.89,0.00,INR,1,BANK-20251223-000464,2025-12-24,,Neha Rao,Synthetic reconciliation record.,2026-01-11T17:30:00+05:30
REC-000465,CMP-NL-001,TXN-000468,bank_to_ledger,reconciled,261153.21,0.00,INR,1,BANK-20251224-000465,2026-01-08,,Neha Rao,Synthetic reconciliation record.,2026-01-12T17:30:00+05:30
REC-000466,CMP-NL-001,TXN-000453,bank_to_ledger,reconciled,87134.40,0.00,INR,1,BANK-20251225-000466,2026-01-06,,Asha Nair,Synthetic reconciliation record.,2026-01-09T17:30:00+05:30
REC-000467,CMP-NL-001,TXN-000486,bank_to_ledger,reconciled,28948.38,0.00,INR,1,BANK-20251225-000467,2025-12-31,,Rohit Menon,Synthetic reconciliation record.,2025-12-30T17:30:00+05:30
REC-000468,CMP-NL-001,TXN-000449,card_to_receipt,reconciled,92532.03,0.00,INR,1,BANK-20251226-000468,2026-01-03,,Asha Nair,Synthetic reconciliation record.,2026-01-06T17:30:00+05:30
REC-000469,CMP-NL-001,TXN-000447,bank_to_ledger,reconciled,207262.72,0.00,INR,1,BANK-20251227-000469,2026-01-04,,Asha Nair,Synthetic reconciliation record.,2025-12-29T17:30:00+05:30
REC-000470,CMP-NL-001,TXN-000450,card_to_receipt,reconciled,72369.56,0.00,INR,1,BANK-20251228-000470,2026-01-07,,Asha Nair,Synthetic reconciliation record.,2025-12-29T17:30:00+05:30
REC-000471,CMP-NL-001,TXN-000461,bank_to_ledger,reconciled,958660.37,0.00,INR,1,BANK-20251228-000471,2026-01-06,,Kabir Shah,Synthetic reconciliation record.,2025-12-31T17:30:00+05:30
REC-000472,CMP-NL-001,TXN-000482,bank_to_ledger,reconciled,49850.63,0.00,INR,1,BANK-20251228-000472,2026-01-08,,Kabir Shah,Synthetic reconciliation record.,2025-12-30T17:30:00+05:30
REC-000473,CMP-NL-001,TXN-000452,invoice_to_payout,reconciled,148658.53,0.00,INR,1,BANK-20251229-000473,2026-01-01,,Neha Rao,Synthetic reconciliation record.,2026-01-13T17:30:00+05:30
REC-000474,CMP-NL-001,TXN-000484,bank_to_ledger,reconciled,103859.80,0.00,INR,1,BANK-20251231-000474,2026-01-15,,Asha Nair,Synthetic reconciliation record.,2026-01-05T17:30:00+05:30
REC-000475,CMP-NL-001,TXN-000462,bank_to_ledger,reconciled,160223.61,0.00,INR,1,BANK-20260101-000475,2026-01-08,,Neha Rao,Synthetic reconciliation record.,2026-01-19T17:30:00+05:30
REC-000476,CMP-NL-001,TXN-000464,invoice_to_payout,reconciled,90131.53,0.00,INR,1,BANK-20260101-000476,2026-01-09,,Asha Nair,Synthetic reconciliation record.,2026-01-19T17:30:00+05:30
REC-000477,CMP-NL-001,TXN-000460,invoice_to_payout,reconciled,140805.48,0.00,INR,1,BANK-20260102-000477,2026-01-03,,Asha Nair,Synthetic reconciliation record.,2026-01-17T17:30:00+05:30
REC-000478,CMP-NL-001,TXN-000513,card_to_receipt,reconciled,89073.61,0.00,INR,1,BANK-20260102-000478,2026-01-12,,Neha Rao,Synthetic reconciliation record.,2026-01-07T17:30:00+05:30
REC-000479,CMP-NL-001,TXN-000530,card_to_receipt,reconciled,23310.34,0.00,INR,1,BANK-20260102-000479,2026-01-05,,Kabir Shah,Synthetic reconciliation record.,2026-01-08T17:30:00+05:30
REC-000480,CMP-NL-001,TXN-000536,card_to_receipt,reconciled,33792.17,0.00,INR,1,BANK-20260102-000480,2026-01-16,,Asha Nair,Synthetic reconciliation record.,2026-01-17T17:30:00+05:30
REC-000481,CMP-NL-001,TXN-000445,card_to_receipt,reconciled,364667.89,0.00,INR,1,BANK-20260103-000481,2026-01-04,,Asha Nair,Synthetic reconciliation record.,2026-01-08T17:30:00+05:30
REC-000482,CMP-NL-001,TXN-000506,card_to_receipt,reconciled,134057.30,0.00,INR,1,BANK-20260103-000482,2026-01-08,,Asha Nair,Synthetic reconciliation record.,2026-01-05T17:30:00+05:30
REC-000483,CMP-NL-001,TXN-000507,bank_to_ledger,reconciled,336736.54,0.00,INR,1,BANK-20260104-000483,2026-01-18,,Kabir Shah,Synthetic reconciliation record.,2026-01-08T17:30:00+05:30
REC-000484,CMP-NL-001,TXN-000488,card_to_receipt,reconciled,184863.78,0.00,INR,1,BANK-20260105-000484,2026-01-09,,Kabir Shah,Synthetic reconciliation record.,2026-01-17T17:30:00+05:30
REC-000485,CMP-NL-001,TXN-000502,card_to_receipt,reconciled,46383.80,0.00,INR,1,BANK-20260106-000485,2026-01-20,,Rohit Menon,Synthetic reconciliation record.,2026-01-22T17:30:00+05:30
REC-000486,CMP-NL-001,TXN-000539,card_to_receipt,reconciled,11672.35,0.00,INR,1,BANK-20260106-000486,2026-01-20,,Kabir Shah,Synthetic reconciliation record.,2026-01-13T17:30:00+05:30
REC-000487,CMP-NL-001,TXN-000497,invoice_to_payout,unreconciled,0.00,153194.30,INR,0,,,timing_difference,Kabir Shah,Synthetic reconciliation record.,2026-01-21T17:30:00+05:30
REC-000488,CMP-NL-001,TXN-000500,invoice_to_payout,reconciled,67530.18,0.00,INR,1,BANK-20260107-000488,2026-01-21,,Asha Nair,Synthetic reconciliation record.,2026-01-24T17:30:00+05:30
REC-000489,CMP-NL-001,TXN-000504,card_to_receipt,reconciled,27730.50,0.00,INR,1,BANK-20260107-000489,2026-01-20,,Rohit Menon,Synthetic reconciliation record.,2026-01-25T17:30:00+05:30
REC-000490,CMP-NL-001,TXN-000522,invoice_to_payout,reconciled,93347.30,0.00,INR,1,BANK-20260107-000490,2026-01-17,,Asha Nair,Synthetic reconciliation record.,2026-01-17T17:30:00+05:30
REC-000491,CMP-NL-001,TXN-000509,bank_to_ledger,reconciled,117840.75,0.00,INR,1,BANK-20260109-000491,2026-01-22,,Neha Rao,Synthetic reconciliation record.,2026-01-10T17:30:00+05:30
REC-000492,CMP-NL-001,TXN-000514,bank_to_ledger,reconciled,1081357.33,0.00,INR,1,BANK-20260109-000492,2026-01-09,,Rohit Menon,Synthetic reconciliation record.,2026-01-19T17:30:00+05:30
REC-000493,CMP-NL-001,TXN-000520,bank_to_ledger,reconciled,236053.74,0.00,INR,1,BANK-20260110-000493,2026-01-21,,Neha Rao,Synthetic reconciliation record.,2026-01-18T17:30:00+05:30
REC-000494,CMP-NL-001,TXN-000541,bank_to_ledger,reconciled,28395.33,0.00,INR,1,BANK-20260110-000494,2026-01-24,,Kabir Shah,Synthetic reconciliation record.,2026-01-24T17:30:00+05:30
REC-000495,CMP-NL-001,TXN-000515,invoice_to_payout,reconciled,667551.40,0.00,INR,1,BANK-20260111-000495,2026-01-15,,Rohit Menon,Synthetic reconciliation record.,2026-01-21T17:30:00+05:30
REC-000496,CMP-NL-001,TXN-000534,card_to_receipt,reconciled,59394.10,0.00,INR,1,BANK-20260112-000496,2026-01-15,,Rohit Menon,Synthetic reconciliation record.,2026-01-15T17:30:00+05:30
REC-000497,CMP-NL-001,TXN-000490,bank_to_ledger,reconciled,23052.35,0.00,INR,1,BANK-20260113-000497,2026-01-13,,Kabir Shah,Synthetic reconciliation record.,2026-01-30T17:30:00+05:30
REC-000498,CMP-NL-001,TXN-000496,card_to_receipt,reconciled,184942.59,0.00,INR,1,BANK-20260113-000498,2026-01-17,,Rohit Menon,Synthetic reconciliation record.,2026-01-19T17:30:00+05:30
REC-000499,CMP-NL-001,TXN-000518,bank_to_ledger,reconciled,46576.77,0.00,INR,1,BANK-20260113-000499,2026-01-21,,Rohit Menon,Synthetic reconciliation record.,2026-01-31T17:30:00+05:30
REC-000500,CMP-NL-001,TXN-000493,bank_to_ledger,reconciled,29455.46,0.00,INR,1,BANK-20260114-000500,2026-01-26,,Kabir Shah,Synthetic reconciliation record.,2026-01-17T17:30:00+05:30
REC-000501,CMP-NL-001,TXN-000498,bank_to_ledger,reconciled,125940.60,0.00,INR,1,BANK-20260114-000501,2026-01-29,,Rohit Menon,Synthetic reconciliation record.,2026-01-28T17:30:00+05:30
REC-000502,CMP-NL-001,TXN-000511,invoice_to_payout,disputed,0.00,153463.98,INR,0,,,vendor_dispute,Neha Rao,Synthetic reconciliation record.,2026-01-25T17:30:00+05:30
REC-000503,CMP-NL-001,TXN-000516,bank_to_ledger,reconciled,100333.79,0.00,INR,1,BANK-20260114-000503,2026-01-15,,Rohit Menon,Synthetic reconciliation record.,2026-01-21T17:30:00+05:30
REC-000504,CMP-NL-001,TXN-000495,invoice_to_payout,reconciled,276184.08,0.00,INR,1,BANK-20260115-000504,2026-01-28,,Asha Nair,Synthetic reconciliation record.,2026-01-20T17:30:00+05:30
REC-000505,CMP-NL-001,TXN-000492,bank_to_ledger,unreconciled,0.00,254146.71,INR,0,,,missing_bank_match,Kabir Shah,Synthetic reconciliation record.,2026-02-02T17:30:00+05:30
REC-000506,CMP-NL-001,TXN-000525,invoice_to_payout,reconciled,212379.37,0.00,INR,1,BANK-20260116-000506,2026-01-28,,Neha Rao,Synthetic reconciliation record.,2026-01-24T17:30:00+05:30
REC-000507,CMP-NL-001,TXN-000542,bank_to_ledger,reconciled,106129.17,0.00,INR,1,BANK-20260116-000507,2026-01-21,,Neha Rao,Synthetic reconciliation record.,2026-01-27T17:30:00+05:30
REC-000508,CMP-NL-001,TXN-000487,bank_to_ledger,reconciled,143368.11,0.00,INR,1,BANK-20260117-000508,2026-01-31,,Asha Nair,Synthetic reconciliation record.,2026-01-21T17:30:00+05:30
REC-000509,CMP-NL-001,TXN-000499,invoice_to_payout,reconciled,38005.28,0.00,INR,1,BANK-20260117-000509,2026-01-24,,Asha Nair,Synthetic reconciliation record.,2026-01-26T17:30:00+05:30
REC-000510,CMP-NL-001,TXN-000521,card_to_receipt,reconciled,71799.94,0.00,INR,1,BANK-20260117-000510,2026-01-25,,Neha Rao,Synthetic reconciliation record.,2026-01-23T17:30:00+05:30
REC-000511,CMP-NL-001,TXN-000494,invoice_to_payout,reconciled,130364.19,0.00,INR,1,BANK-20260119-000511,2026-01-24,,Neha Rao,Synthetic reconciliation record.,2026-02-08T17:30:00+05:30
REC-000512,CMP-NL-001,TXN-000501,bank_to_ledger,disputed,0.00,139217.40,INR,0,,,vendor_dispute,Rohit Menon,Synthetic reconciliation record.,2026-01-30T17:30:00+05:30
REC-000513,CMP-NL-001,TXN-000517,card_to_receipt,unreconciled,0.00,108154.92,INR,0,,,timing_difference,Kabir Shah,Synthetic reconciliation record.,2026-02-08T17:30:00+05:30
REC-000514,CMP-NL-001,TXN-000532,card_to_receipt,disputed,0.00,131276.33,INR,0,,,vendor_dispute,Asha Nair,Synthetic reconciliation record.,2026-01-29T17:30:00+05:30
REC-000515,CMP-NL-001,TXN-000538,bank_to_ledger,reconciled,11651.86,0.00,INR,1,BANK-20260122-000515,2026-02-01,,Asha Nair,Synthetic reconciliation record.,2026-01-30T17:30:00+05:30
REC-000516,CMP-NL-001,TXN-000526,bank_to_ledger,reconciled,145870.92,0.00,INR,1,BANK-20260123-000516,2026-01-28,,Rohit Menon,Synthetic reconciliation record.,2026-02-11T17:30:00+05:30
REC-000517,CMP-NL-001,TXN-000531,invoice_to_payout,disputed,0.00,22324.74,INR,0,,,vendor_dispute,Asha Nair,Synthetic reconciliation record.,2026-02-09T17:30:00+05:30
REC-000518,CMP-NL-001,TXN-000527,invoice_to_payout,reconciled,474605.99,0.00,INR,1,BANK-20260124-000518,2026-02-04,,Asha Nair,Synthetic reconciliation record.,2026-02-06T17:30:00+05:30
REC-000519,CMP-NL-001,TXN-000519,card_to_receipt,reconciled,245591.87,0.00,INR,1,BANK-20260125-000519,2026-02-05,,Asha Nair,Synthetic reconciliation record.,2026-02-08T17:30:00+05:30
REC-000520,CMP-NL-001,TXN-000529,card_to_receipt,reconciled,53182.07,0.00,INR,1,BANK-20260126-000520,2026-01-30,,Neha Rao,Synthetic reconciliation record.,2026-02-03T17:30:00+05:30
REC-000521,CMP-NL-001,TXN-000489,card_to_receipt,reconciled,51881.79,0.00,INR,1,BANK-20260127-000521,2026-02-08,,Neha Rao,Synthetic reconciliation record.,2026-01-31T17:30:00+05:30
REC-000522,CMP-NL-001,TXN-000503,bank_to_ledger,reconciled,35691.05,0.00,INR,1,BANK-20260127-000522,2026-02-09,,Asha Nair,Synthetic reconciliation record.,2026-02-08T17:30:00+05:30
REC-000523,CMP-NL-001,TXN-000523,invoice_to_payout,reconciled,154140.19,0.00,INR,1,BANK-20260127-000523,2026-02-08,,Asha Nair,Synthetic reconciliation record.,2026-02-04T17:30:00+05:30
REC-000524,CMP-NL-001,TXN-000537,card_to_receipt,disputed,0.00,20656.10,INR,0,,,vendor_dispute,Neha Rao,Synthetic reconciliation record.,2026-02-15T17:30:00+05:30
REC-000525,CMP-NL-001,TXN-000512,bank_to_ledger,unreconciled,0.00,113689.95,INR,0,,,missing_receipt,Kabir Shah,Synthetic reconciliation record.,2026-02-02T17:30:00+05:30
REC-000526,CMP-NL-001,TXN-000533,bank_to_ledger,reconciled,64282.04,0.00,INR,1,BANK-20260128-000526,2026-02-01,,Neha Rao,Synthetic reconciliation record.,2026-02-04T17:30:00+05:30
REC-000527,CMP-NL-001,TXN-000508,card_to_receipt,reconciled,92038.31,0.00,INR,1,BANK-20260129-000527,2026-01-29,,Asha Nair,Synthetic reconciliation record.,2026-02-04T17:30:00+05:30
REC-000528,CMP-NL-001,TXN-000528,invoice_to_payout,reconciled,79367.40,0.00,INR,1,BANK-20260129-000528,2026-02-09,,Kabir Shah,Synthetic reconciliation record.,2026-02-05T17:30:00+05:30
REC-000529,CMP-NL-001,TXN-000535,bank_to_ledger,reconciled,32739.00,0.00,INR,1,BANK-20260129-000529,2026-02-02,,Kabir Shah,Synthetic reconciliation record.,2026-02-03T17:30:00+05:30
REC-000530,CMP-NL-001,TXN-000540,invoice_to_payout,reconciled,18770.97,0.00,INR,1,BANK-20260129-000530,2026-02-11,,Kabir Shah,Synthetic reconciliation record.,2026-02-15T17:30:00+05:30
REC-000531,CMP-NL-001,TXN-000505,invoice_to_payout,reconciled,88041.23,0.00,INR,1,BANK-20260131-000531,2026-02-08,,Asha Nair,Synthetic reconciliation record.,2026-02-09T17:30:00+05:30
REC-000532,CMP-NL-001,TXN-000524,invoice_to_payout,reconciled,190032.17,0.00,INR,1,BANK-20260201-000532,2026-02-14,,Kabir Shah,Synthetic reconciliation record.,2026-02-05T17:30:00+05:30
REC-000533,CMP-NL-001,TXN-000510,bank_to_ledger,reconciled,105148.65,0.00,INR,1,BANK-20260202-000533,2026-02-11,,Rohit Menon,Synthetic reconciliation record.,2026-02-14T17:30:00+05:30
REC-000534,CMP-NL-001,TXN-000491,bank_to_ledger,reconciled,328229.67,0.00,INR,1,BANK-20260204-000534,2026-02-12,,Rohit Menon,Synthetic reconciliation record.,2026-02-11T17:30:00+05:30
REC-000535,CMP-NL-001,TXN-000543,card_to_receipt,reconciled,307979.75,0.00,INR,1,BANK-20260204-000535,2026-02-18,,Neha Rao,Synthetic reconciliation record.,2026-02-05T17:30:00+05:30
REC-000536,CMP-NL-001,TXN-000549,bank_to_ledger,reconciled,298736.28,0.00,INR,1,BANK-20260204-000536,2026-02-07,,Neha Rao,Synthetic reconciliation record.,2026-02-09T17:30:00+05:30
REC-000537,CMP-NL-001,TXN-000565,bank_to_ledger,reconciled,91439.52,0.00,INR,1,BANK-20260204-000537,2026-02-09,,Rohit Menon,Synthetic reconciliation record.,2026-02-05T17:30:00+05:30
REC-000538,CMP-NL-001,TXN-000558,bank_to_ledger,reconciled,58717.37,0.00,INR,1,BANK-20260205-000538,2026-02-13,,Rohit Menon,Synthetic reconciliation record.,2026-02-24T17:30:00+05:30
REC-000539,CMP-NL-001,TXN-000578,invoice_to_payout,reconciled,32750.24,0.00,INR,1,BANK-20260206-000539,2026-02-19,,Asha Nair,Synthetic reconciliation record.,2026-02-20T17:30:00+05:30
REC-000540,CMP-NL-001,TXN-000588,bank_to_ledger,partially_reconciled,172008.12,31030.72,INR,1,BANK-20260207-000540,,amount_mismatch,Kabir Shah,Synthetic reconciliation record.,2026-02-25T17:30:00+05:30
REC-000541,CMP-NL-001,TXN-000570,card_to_receipt,reconciled,186688.86,0.00,INR,1,BANK-20260208-000541,2026-02-20,,Rohit Menon,Synthetic reconciliation record.,2026-02-25T17:30:00+05:30
REC-000542,CMP-NL-001,TXN-000572,card_to_receipt,reconciled,118833.73,0.00,INR,1,BANK-20260208-000542,2026-02-14,,Rohit Menon,Synthetic reconciliation record.,2026-02-28T17:30:00+05:30
REC-000543,CMP-NL-001,TXN-000573,card_to_receipt,reconciled,78831.70,0.00,INR,1,BANK-20260209-000543,2026-02-18,,Neha Rao,Synthetic reconciliation record.,2026-02-28T17:30:00+05:30
REC-000544,CMP-NL-001,TXN-000581,card_to_receipt,reconciled,178691.07,0.00,INR,1,BANK-20260209-000544,2026-02-19,,Rohit Menon,Synthetic reconciliation record.,2026-02-11T17:30:00+05:30
REC-000545,CMP-NL-001,TXN-000582,card_to_receipt,reconciled,266521.41,0.00,INR,1,BANK-20260209-000545,2026-02-10,,Neha Rao,Synthetic reconciliation record.,2026-03-01T17:30:00+05:30
REC-000546,CMP-NL-001,TXN-000555,card_to_receipt,unreconciled,0.00,84040.23,INR,0,,,missing_receipt,Neha Rao,Synthetic reconciliation record.,2026-02-18T17:30:00+05:30
REC-000547,CMP-NL-001,TXN-000567,card_to_receipt,reconciled,77619.00,0.00,INR,1,BANK-20260210-000547,2026-02-16,,Rohit Menon,Synthetic reconciliation record.,2026-03-01T17:30:00+05:30
REC-000548,CMP-NL-001,TXN-000586,invoice_to_payout,reconciled,45548.48,0.00,INR,1,BANK-20260210-000548,2026-02-13,,Kabir Shah,Synthetic reconciliation record.,2026-02-22T17:30:00+05:30
REC-000549,CMP-NL-001,TXN-000551,card_to_receipt,reconciled,76062.05,0.00,INR,1,BANK-20260211-000549,2026-02-11,,Asha Nair,Synthetic reconciliation record.,2026-03-02T17:30:00+05:30
REC-000550,CMP-NL-001,TXN-000562,invoice_to_payout,reconciled,34729.19,0.00,INR,1,BANK-20260211-000550,2026-02-14,,Asha Nair,Synthetic reconciliation record.,2026-02-15T17:30:00+05:30
REC-000551,CMP-NL-001,TXN-000577,invoice_to_payout,disputed,0.00,99431.60,INR,0,,,vendor_dispute,Rohit Menon,Synthetic reconciliation record.,2026-02-19T17:30:00+05:30
REC-000552,CMP-NL-001,TXN-000591,card_to_receipt,reconciled,15495.99,0.00,INR,1,BANK-20260212-000552,2026-02-23,,Kabir Shah,Synthetic reconciliation record.,2026-03-01T17:30:00+05:30
REC-000553,CMP-NL-001,TXN-000569,bank_to_ledger,reconciled,593334.38,0.00,INR,1,BANK-20260213-000553,2026-02-24,,Neha Rao,Synthetic reconciliation record.,2026-02-17T17:30:00+05:30
REC-000554,CMP-NL-001,TXN-000560,bank_to_ledger,reconciled,24405.53,0.00,INR,1,BANK-20260214-000554,2026-02-14,,Rohit Menon,Synthetic reconciliation record.,2026-02-22T17:30:00+05:30
REC-000555,CMP-NL-001,TXN-000576,bank_to_ledger,reconciled,118487.96,0.00,INR,1,BANK-20260215-000555,2026-02-16,,Neha Rao,Synthetic reconciliation record.,2026-03-07T17:30:00+05:30
REC-000556,CMP-NL-001,TXN-000583,bank_to_ledger,reconciled,128885.97,0.00,INR,1,BANK-20260215-000556,2026-02-27,,Neha Rao,Synthetic reconciliation record.,2026-02-26T17:30:00+05:30
REC-000557,CMP-NL-001,TXN-000593,invoice_to_payout,disputed,0.00,20557.24,INR,0,,,vendor_dispute,Neha Rao,Synthetic reconciliation record.,2026-02-28T17:30:00+05:30
REC-000558,CMP-NL-001,TXN-000595,invoice_to_payout,reconciled,60120.29,0.00,INR,1,BANK-20260216-000558,2026-02-25,,Asha Nair,Synthetic reconciliation record.,2026-02-22T17:30:00+05:30
REC-000559,CMP-NL-001,TXN-000550,bank_to_ledger,reconciled,193626.67,0.00,INR,1,BANK-20260217-000559,2026-02-22,,Neha Rao,Synthetic reconciliation record.,2026-02-19T17:30:00+05:30
REC-000560,CMP-NL-001,TXN-000546,bank_to_ledger,reconciled,498207.00,0.00,INR,1,BANK-20260218-000560,2026-02-20,,Kabir Shah,Synthetic reconciliation record.,2026-03-03T17:30:00+05:30
REC-000561,CMP-NL-001,TXN-000564,invoice_to_payout,reconciled,321777.38,0.00,INR,1,BANK-20260218-000561,2026-03-05,,Kabir Shah,Synthetic reconciliation record.,2026-03-06T17:30:00+05:30
REC-000562,CMP-NL-001,TXN-000589,invoice_to_payout,reconciled,91458.17,0.00,INR,1,BANK-20260219-000562,2026-02-20,,Neha Rao,Synthetic reconciliation record.,2026-03-11T17:30:00+05:30
REC-000563,CMP-NL-001,TXN-000545,card_to_receipt,reconciled,694842.85,0.00,INR,1,BANK-20260220-000563,2026-03-06,,Asha Nair,Synthetic reconciliation record.,2026-02-26T17:30:00+05:30
REC-000564,CMP-NL-001,TXN-000552,invoice_to_payout,reconciled,27664.47,0.00,INR,1,BANK-20260220-000564,2026-03-06,,Kabir Shah,Synthetic reconciliation record.,2026-03-02T17:30:00+05:30
REC-000565,CMP-NL-001,TXN-000559,bank_to_ledger,reconciled,20097.28,0.00,INR,1,BANK-20260220-000565,2026-02-27,,Rohit Menon,Synthetic reconciliation record.,2026-02-26T17:30:00+05:30
REC-000566,CMP-NL-001,TXN-000556,invoice_to_payout,reconciled,27747.42,0.00,INR,1,BANK-20260221-000566,2026-02-24,,Rohit Menon,Synthetic reconciliation record.,2026-03-04T17:30:00+05:30
REC-000567,CMP-NL-001,TXN-000590,invoice_to_payout,reconciled,132851.53,0.00,INR,1,BANK-20260221-000567,2026-02-21,,Rohit Menon,Synthetic reconciliation record.,2026-02-24T17:30:00+05:30
REC-000568,CMP-NL-001,TXN-000594,card_to_receipt,reconciled,64949.24,0.00,INR,1,BANK-20260221-000568,2026-03-03,,Rohit Menon,Synthetic reconciliation record.,2026-02-26T17:30:00+05:30
REC-000569,CMP-NL-001,TXN-000579,card_to_receipt,reconciled,25014.70,0.00,INR,1,BANK-20260222-000569,2026-03-06,,Asha Nair,Synthetic reconciliation record.,2026-03-05T17:30:00+05:30
REC-000570,CMP-NL-001,TXN-000553,invoice_to_payout,reconciled,33363.08,0.00,INR,1,BANK-20260223-000570,2026-03-09,,Asha Nair,Synthetic reconciliation record.,2026-03-02T17:30:00+05:30
REC-000571,CMP-NL-001,TXN-000580,bank_to_ledger,reconciled,266260.69,0.00,INR,1,BANK-20260223-000571,2026-02-28,,Neha Rao,Synthetic reconciliation record.,2026-03-05T17:30:00+05:30
REC-000572,CMP-NL-001,TXN-000584,card_to_receipt,reconciled,162100.34,0.00,INR,1,BANK-20260223-000572,2026-03-01,,Neha Rao,Synthetic reconciliation record.,2026-03-08T17:30:00+05:30
REC-000573,CMP-NL-001,TXN-000547,card_to_receipt,reconciled,176886.73,0.00,INR,1,BANK-20260224-000573,2026-03-04,,Asha Nair,Synthetic reconciliation record.,2026-03-16T17:30:00+05:30
REC-000574,CMP-NL-001,TXN-000575,card_to_receipt,reconciled,103979.62,0.00,INR,1,BANK-20260224-000574,2026-03-10,,Rohit Menon,Synthetic reconciliation record.,2026-03-07T17:30:00+05:30
REC-000575,CMP-NL-001,TXN-000557,invoice_to_payout,reconciled,38093.42,0.00,INR,1,BANK-20260226-000575,2026-03-03,,Asha Nair,Synthetic reconciliation record.,2026-03-06T17:30:00+05:30
REC-000576,CMP-NL-001,TXN-000571,invoice_to_payout,reconciled,154132.16,0.00,INR,1,BANK-20260226-000576,2026-03-06,,Neha Rao,Synthetic reconciliation record.,2026-03-13T17:30:00+05:30
REC-000577,CMP-NL-001,TXN-000587,invoice_to_payout,reconciled,8600.98,0.00,INR,1,BANK-20260226-000577,2026-03-09,,Rohit Menon,Synthetic reconciliation record.,2026-03-17T17:30:00+05:30
REC-000578,CMP-NL-001,TXN-000596,invoice_to_payout,reconciled,38577.67,0.00,INR,1,BANK-20260226-000578,2026-03-09,,Kabir Shah,Synthetic reconciliation record.,2026-03-16T17:30:00+05:30
REC-000579,CMP-NL-001,TXN-000548,bank_to_ledger,reconciled,418249.61,0.00,INR,1,BANK-20260227-000579,2026-03-09,,Asha Nair,Synthetic reconciliation record.,2026-03-07T17:30:00+05:30
REC-000580,CMP-NL-001,TXN-000566,invoice_to_payout,reconciled,104880.28,0.00,INR,1,BANK-20260227-000580,2026-03-13,,Kabir Shah,Synthetic reconciliation record.,2026-03-17T17:30:00+05:30
REC-000581,CMP-NL-001,TXN-000585,card_to_receipt,reconciled,77812.61,0.00,INR,1,BANK-20260227-000581,2026-03-12,,Asha Nair,Synthetic reconciliation record.,2026-03-12T17:30:00+05:30
REC-000582,CMP-NL-001,TXN-000544,bank_to_ledger,reconciled,116821.14,0.00,INR,1,BANK-20260228-000582,2026-03-08,,Kabir Shah,Synthetic reconciliation record.,2026-03-04T17:30:00+05:30
REC-000583,CMP-NL-001,TXN-000561,bank_to_ledger,unreconciled,0.00,69059.93,INR,0,,,timing_difference,Asha Nair,Synthetic reconciliation record.,2026-03-20T17:30:00+05:30
REC-000584,CMP-NL-001,TXN-000568,card_to_receipt,reconciled,81586.14,0.00,INR,1,BANK-20260228-000584,2026-03-12,,Asha Nair,Synthetic reconciliation record.,2026-03-02T17:30:00+05:30
REC-000585,CMP-NL-001,TXN-000592,bank_to_ledger,reconciled,31171.45,0.00,INR,1,BANK-20260228-000585,2026-03-06,,Neha Rao,Synthetic reconciliation record.,2026-03-16T17:30:00+05:30
REC-000586,CMP-NL-001,TXN-000554,invoice_to_payout,reconciled,62932.85,0.00,INR,1,BANK-20260301-000586,2026-03-13,,Asha Nair,Synthetic reconciliation record.,2026-03-11T17:30:00+05:30
REC-000587,CMP-NL-001,TXN-000574,card_to_receipt,partially_reconciled,27590.23,25611.33,INR,1,BANK-20260301-000587,,amount_mismatch,Kabir Shah,Synthetic reconciliation record.,2026-03-07T17:30:00+05:30
REC-000588,CMP-NL-001,TXN-000563,bank_to_ledger,unreconciled,0.00,182247.84,INR,0,,,reference_mismatch,Asha Nair,Synthetic reconciliation record.,2026-03-13T17:30:00+05:30
REC-000589,CMP-NL-001,TXN-000597,invoice_to_payout,reconciled,291075.58,0.00,INR,1,BANK-20260303-000589,2026-03-08,,Kabir Shah,Synthetic reconciliation record.,2026-03-14T17:30:00+05:30
REC-000590,CMP-NL-001,TXN-000608,invoice_to_payout,reconciled,14222.41,0.00,INR,1,BANK-20260303-000590,2026-03-17,,Asha Nair,Synthetic reconciliation record.,2026-03-18T17:30:00+05:30
REC-000591,CMP-NL-001,TXN-000643,card_to_receipt,reconciled,56453.72,0.00,INR,1,BANK-20260304-000591,2026-03-17,,Neha Rao,Synthetic reconciliation record.,2026-03-13T17:30:00+05:30
REC-000592,CMP-NL-001,TXN-000634,card_to_receipt,reconciled,131290.32,0.00,INR,1,BANK-20260305-000592,2026-03-13,,Kabir Shah,Synthetic reconciliation record.,2026-03-22T17:30:00+05:30
REC-000593,CMP-NL-001,TXN-000642,card_to_receipt,reconciled,29880.46,0.00,INR,1,BANK-20260306-000593,2026-03-06,,Asha Nair,Synthetic reconciliation record.,2026-03-15T17:30:00+05:30
REC-000594,CMP-NL-001,TXN-000625,invoice_to_payout,reconciled,374946.79,0.00,INR,1,BANK-20260308-000594,2026-03-13,,Neha Rao,Synthetic reconciliation record.,2026-03-19T17:30:00+05:30
REC-000595,CMP-NL-001,TXN-000629,bank_to_ledger,reconciled,135061.24,0.00,INR,1,BANK-20260308-000595,2026-03-15,,Kabir Shah,Synthetic reconciliation record.,2026-03-09T17:30:00+05:30
REC-000596,CMP-NL-001,TXN-000630,card_to_receipt,unreconciled,0.00,107836.88,INR,0,,,reference_mismatch,Kabir Shah,Synthetic reconciliation record.,2026-03-16T17:30:00+05:30
REC-000597,CMP-NL-001,TXN-000600,bank_to_ledger,reconciled,474080.07,0.00,INR,1,BANK-20260309-000597,2026-03-23,,Asha Nair,Synthetic reconciliation record.,2026-03-16T17:30:00+05:30
REC-000598,CMP-NL-001,TXN-000632,card_to_receipt,reconciled,141839.21,0.00,INR,1,BANK-20260310-000598,2026-03-13,,Kabir Shah,Synthetic reconciliation record.,2026-03-12T17:30:00+05:30
REC-000599,CMP-NL-001,TXN-000618,card_to_receipt,reconciled,25715.79,0.00,INR,1,BANK-20260312-000599,2026-03-12,,Neha Rao,Synthetic reconciliation record.,2026-03-13T17:30:00+05:30
REC-000600,CMP-NL-001,TXN-000624,bank_to_ledger,partially_reconciled,53059.96,15328.94,INR,1,BANK-20260312-000600,,amount_mismatch,Asha Nair,Synthetic reconciliation record.,2026-03-31T17:30:00+05:30
REC-000601,CMP-NL-001,TXN-000603,bank_to_ledger,reconciled,170567.27,0.00,INR,1,BANK-20260313-000601,2026-03-24,,Rohit Menon,Synthetic reconciliation record.,2026-03-27T17:30:00+05:30
REC-000602,CMP-NL-001,TXN-000610,card_to_receipt,reconciled,80342.04,0.00,INR,1,BANK-20260313-000602,2026-03-24,,Asha Nair,Synthetic reconciliation record.,2026-03-27T17:30:00+05:30
REC-000603,CMP-NL-001,TXN-000612,invoice_to_payout,reconciled,101378.20,0.00,INR,1,BANK-20260313-000603,2026-03-19,,Asha Nair,Synthetic reconciliation record.,2026-04-02T17:30:00+05:30
REC-000604,CMP-NL-001,TXN-000620,card_to_receipt,reconciled,680956.20,0.00,INR,1,BANK-20260313-000604,2026-03-15,,Neha Rao,Synthetic reconciliation record.,2026-03-14T17:30:00+05:30
REC-000605,CMP-NL-001,TXN-000598,bank_to_ledger,reconciled,788706.06,0.00,INR,1,BANK-20260314-000605,2026-03-16,,Neha Rao,Synthetic reconciliation record.,2026-03-27T17:30:00+05:30
REC-000606,CMP-NL-001,TXN-000599,invoice_to_payout,reconciled,161773.69,0.00,INR,1,BANK-20260314-000606,2026-03-14,,Rohit Menon,Synthetic reconciliation record.,2026-03-22T17:30:00+05:30
REC-000607,CMP-NL-001,TXN-000622,card_to_receipt,reconciled,94331.72,0.00,INR,1,BANK-20260315-000607,2026-03-30,,Asha Nair,Synthetic reconciliation record.,2026-03-19T17:30:00+05:30
REC-000608,CMP-NL-001,TXN-000631,bank_to_ledger,reconciled,297546.19,0.00,INR,1,BANK-20260316-000608,2026-03-20,,Rohit Menon,Synthetic reconciliation record.,2026-03-18T17:30:00+05:30
REC-000609,CMP-NL-001,TXN-000635,invoice_to_payout,reconciled,210344.71,0.00,INR,1,BANK-20260316-000609,2026-03-24,,Kabir Shah,Synthetic reconciliation record.,2026-04-04T17:30:00+05:30
REC-000610,CMP-NL-001,TXN-000609,bank_to_ledger,reconciled,27875.51,0.00,INR,1,BANK-20260317-000610,2026-03-25,,Asha Nair,Synthetic reconciliation record.,2026-03-19T17:30:00+05:30
REC-000611,CMP-NL-001,TXN-000617,bank_to_ledger,reconciled,119777.29,0.00,INR,1,BANK-20260318-000611,2026-03-27,,Neha Rao,Synthetic reconciliation record.,2026-03-23T17:30:00+05:30
REC-000612,CMP-NL-001,TXN-000627,invoice_to_payout,reconciled,610204.78,0.00,INR,1,BANK-20260319-000612,2026-03-20,,Asha Nair,Synthetic reconciliation record.,2026-03-25T17:30:00+05:30
REC-000613,CMP-NL-001,TXN-000619,invoice_to_payout,reconciled,147030.46,0.00,INR,1,BANK-20260321-000613,2026-03-26,,Rohit Menon,Synthetic reconciliation record.,2026-04-04T17:30:00+05:30
REC-000614,CMP-NL-001,TXN-000605,card_to_receipt,partially_reconciled,19017.80,27195.88,INR,1,BANK-20260322-000614,,amount_mismatch,Neha Rao,Synthetic reconciliation record.,2026-03-30T17:30:00+05:30
REC-000615,CMP-NL-001,TXN-000613,invoice_to_payout,reconciled,199182.62,0.00,INR,1,BANK-20260322-000615,2026-03-29,,Asha Nair,Synthetic reconciliation record.,2026-03-24T17:30:00+05:30
REC-000616,CMP-NL-001,TXN-000628,invoice_to_payout,reconciled,224398.63,0.00,INR,1,BANK-20260322-000616,2026-04-03,,Asha Nair,Synthetic reconciliation record.,2026-04-02T17:30:00+05:30
REC-000617,CMP-NL-001,TXN-000638,invoice_to_payout,reconciled,92017.95,0.00,INR,1,BANK-20260322-000617,2026-03-29,,Rohit Menon,Synthetic reconciliation record.,2026-03-31T17:30:00+05:30
REC-000618,CMP-NL-001,TXN-000641,card_to_receipt,reconciled,66923.85,0.00,INR,1,BANK-20260323-000618,2026-03-23,,Asha Nair,Synthetic reconciliation record.,2026-04-07T17:30:00+05:30
REC-000619,CMP-NL-001,TXN-000606,invoice_to_payout,reconciled,51139.44,0.00,INR,1,BANK-20260324-000619,2026-04-02,,Neha Rao,Synthetic reconciliation record.,2026-03-29T17:30:00+05:30
REC-000620,CMP-NL-001,TXN-000633,invoice_to_payout,unreconciled,0.00,154543.65,INR,0,,,timing_difference,Kabir Shah,Synthetic reconciliation record.,2026-04-08T17:30:00+05:30
REC-000621,CMP-NL-001,TXN-000636,bank_to_ledger,reconciled,81887.97,0.00,INR,1,BANK-20260329-000621,2026-04-04,,Neha Rao,Synthetic reconciliation record.,2026-03-30T17:30:00+05:30
REC-000622,CMP-NL-001,TXN-000601,invoice_to_payout,reconciled,340059.53,0.00,INR,1,BANK-20260330-000622,2026-04-02,,Kabir Shah,Synthetic reconciliation record.,2026-04-09T17:30:00+05:30
REC-000623,CMP-NL-001,TXN-000611,card_to_receipt,reconciled,45309.29,0.00,INR,1,BANK-20260330-000623,2026-04-12,,Rohit Menon,Synthetic reconciliation record.,2026-04-15T17:30:00+05:30
REC-000624,CMP-NL-001,TXN-000626,invoice_to_payout,reconciled,225716.62,0.00,INR,1,BANK-20260330-000624,2026-03-31,,Rohit Menon,Synthetic reconciliation record.,2026-04-05T17:30:00+05:30
REC-000625,CMP-NL-001,TXN-000646,invoice_to_payout,reconciled,21426.21,0.00,INR,1,BANK-20260330-000625,2026-04-10,,Kabir Shah,Synthetic reconciliation record.,2026-04-18T17:30:00+05:30
REC-000626,CMP-NL-001,TXN-000602,card_to_receipt,disputed,0.00,377996.63,INR,0,,,vendor_dispute,Asha Nair,Synthetic reconciliation record.,2026-04-15T17:30:00+05:30
REC-000627,CMP-NL-001,TXN-000614,card_to_receipt,reconciled,43732.13,0.00,INR,1,BANK-20260331-000627,2026-04-08,,Asha Nair,Synthetic reconciliation record.,2026-04-13T17:30:00+05:30
REC-000628,CMP-NL-001,TXN-000621,bank_to_ledger,reconciled,221568.22,0.00,INR,1,BANK-20260331-000628,2026-04-08,,Neha Rao,Synthetic reconciliation record.,2026-04-13T17:30:00+05:30
REC-000629,CMP-NL-001,TXN-000644,invoice_to_payout,reconciled,58340.32,0.00,INR,1,BANK-20260331-000629,2026-04-08,,Neha Rao,Synthetic reconciliation record.,2026-04-16T17:30:00+05:30
REC-000630,CMP-NL-001,TXN-000604,card_to_receipt,reconciled,130997.14,0.00,INR,1,BANK-20260401-000630,2026-04-06,,Asha Nair,Synthetic reconciliation record.,2026-04-21T17:30:00+05:30
REC-000631,CMP-NL-001,TXN-000607,invoice_to_payout,reconciled,12747.25,0.00,INR,1,BANK-20260401-000631,2026-04-10,,Rohit Menon,Synthetic reconciliation record.,2026-04-14T17:30:00+05:30
REC-000632,CMP-NL-001,TXN-000637,bank_to_ledger,reconciled,59364.42,0.00,INR,1,BANK-20260401-000632,2026-04-15,,Neha Rao,Synthetic reconciliation record.,2026-04-13T17:30:00+05:30
REC-000633,CMP-NL-001,TXN-000640,invoice_to_payout,reconciled,93855.93,0.00,INR,1,BANK-20260401-000633,2026-04-15,,Asha Nair,Synthetic reconciliation record.,2026-04-14T17:30:00+05:30
REC-000634,CMP-NL-001,TXN-000615,card_to_receipt,reconciled,261174.62,0.00,INR,1,BANK-20260402-000634,2026-04-17,,Asha Nair,Synthetic reconciliation record.,2026-04-16T17:30:00+05:30
REC-000635,CMP-NL-001,TXN-000616,bank_to_ledger,reconciled,76930.95,0.00,INR,1,BANK-20260403-000635,2026-04-08,,Rohit Menon,Synthetic reconciliation record.,2026-04-23T17:30:00+05:30
REC-000636,CMP-NL-001,TXN-000623,card_to_receipt,reconciled,124419.31,0.00,INR,1,BANK-20260403-000636,2026-04-11,,Rohit Menon,Synthetic reconciliation record.,2026-04-21T17:30:00+05:30
REC-000637,CMP-NL-001,TXN-000639,bank_to_ledger,partially_reconciled,15576.93,12863.07,INR,1,BANK-20260403-000637,,amount_mismatch,Asha Nair,Synthetic reconciliation record.,2026-04-20T17:30:00+05:30
REC-000638,CMP-NL-001,TXN-000658,invoice_to_payout,reconciled,31805.71,0.00,INR,1,BANK-20260403-000638,2026-04-09,,Asha Nair,Synthetic reconciliation record.,2026-04-15T17:30:00+05:30
REC-000639,CMP-NL-001,TXN-000645,invoice_to_payout,reconciled,98265.34,0.00,INR,1,BANK-20260404-000639,2026-04-19,,Rohit Menon,Synthetic reconciliation record.,2026-04-19T17:30:00+05:30
REC-000640,CMP-NL-001,TXN-000651,bank_to_ledger,reconciled,212992.09,0.00,INR,1,BANK-20260405-000640,2026-04-13,,Rohit Menon,Synthetic reconciliation record.,2026-04-13T17:30:00+05:30
REC-000641,CMP-NL-001,TXN-000673,card_to_receipt,reconciled,149083.54,0.00,INR,1,BANK-20260405-000641,2026-04-17,,Rohit Menon,Synthetic reconciliation record.,2026-04-13T17:30:00+05:30
REC-000642,CMP-NL-001,TXN-000684,card_to_receipt,reconciled,121510.18,0.00,INR,1,BANK-20260405-000642,2026-04-13,,Asha Nair,Synthetic reconciliation record.,2026-04-07T17:30:00+05:30
REC-000643,CMP-NL-001,TXN-000663,card_to_receipt,reconciled,237784.50,0.00,INR,1,BANK-20260406-000643,2026-04-07,,Neha Rao,Synthetic reconciliation record.,2026-04-14T17:30:00+05:30
REC-000644,CMP-NL-001,TXN-000665,card_to_receipt,reconciled,69209.77,0.00,INR,1,BANK-20260406-000644,2026-04-18,,Neha Rao,Synthetic reconciliation record.,2026-04-10T17:30:00+05:30
REC-000645,CMP-NL-001,TXN-000672,bank_to_ledger,reconciled,73771.80,0.00,INR,1,BANK-20260406-000645,2026-04-07,,Asha Nair,Synthetic reconciliation record.,2026-04-17T17:30:00+05:30
REC-000646,CMP-NL-001,TXN-000653,invoice_to_payout,reconciled,32367.17,0.00,INR,1,BANK-20260407-000646,2026-04-14,,Neha Rao,Synthetic reconciliation record.,2026-04-15T17:30:00+05:30
REC-000647,CMP-NL-001,TXN-000650,bank_to_ledger,reconciled,546711.30,0.00,INR,1,BANK-20260408-000647,2026-04-19,,Asha Nair,Synthetic reconciliation record.,2026-04-23T17:30:00+05:30
REC-000648,CMP-NL-001,TXN-000677,invoice_to_payout,disputed,0.00,163095.07,INR,0,,,vendor_dispute,Asha Nair,Synthetic reconciliation record.,2026-04-17T17:30:00+05:30
REC-000649,CMP-NL-001,TXN-000648,invoice_to_payout,unreconciled,0.00,49845.06,INR,0,,,missing_bank_match,Kabir Shah,Synthetic reconciliation record.,2026-04-19T17:30:00+05:30
REC-000650,CMP-NL-001,TXN-000655,bank_to_ledger,reconciled,100590.57,0.00,INR,1,BANK-20260409-000650,2026-04-13,,Rohit Menon,Synthetic reconciliation record.,2026-04-13T17:30:00+05:30
REC-000651,CMP-NL-001,TXN-000657,invoice_to_payout,reconciled,28969.63,0.00,INR,1,BANK-20260409-000651,2026-04-14,,Asha Nair,Synthetic reconciliation record.,2026-04-16T17:30:00+05:30
REC-000652,CMP-NL-001,TXN-000661,invoice_to_payout,reconciled,55834.88,0.00,INR,1,BANK-20260409-000652,2026-04-23,,Rohit Menon,Synthetic reconciliation record.,2026-04-18T17:30:00+05:30
REC-000653,CMP-NL-001,TXN-000664,invoice_to_payout,reconciled,205880.29,0.00,INR,1,BANK-20260409-000653,2026-04-14,,Rohit Menon,Synthetic reconciliation record.,2026-04-28T17:30:00+05:30
REC-000654,CMP-NL-001,TXN-000670,invoice_to_payout,reconciled,48936.50,0.00,INR,1,BANK-20260409-000654,2026-04-11,,Kabir Shah,Synthetic reconciliation record.,2026-04-26T17:30:00+05:30
REC-000655,CMP-NL-001,TXN-000649,bank_to_ledger,reconciled,1173726.30,0.00,INR,1,BANK-20260410-000655,2026-04-24,,Rohit Menon,Synthetic reconciliation record.,2026-04-25T17:30:00+05:30
REC-000656,CMP-NL-001,TXN-000676,invoice_to_payout,reconciled,152007.36,0.00,INR,1,BANK-20260410-000656,2026-04-14,,Neha Rao,Synthetic reconciliation record.,2026-04-23T17:30:00+05:30
REC-000657,CMP-NL-001,TXN-000694,bank_to_ledger,partially_reconciled,10150.90,3005.01,INR,1,BANK-20260410-000657,,amount_mismatch,Neha Rao,Synthetic reconciliation record.,2026-04-12T17:30:00+05:30
REC-000658,CMP-NL-001,TXN-000654,invoice_to_payout,reconciled,39755.81,0.00,INR,1,BANK-20260411-000658,2026-04-14,,Neha Rao,Synthetic reconciliation record.,2026-04-20T17:30:00+05:30
REC-000659,CMP-NL-001,TXN-000693,card_to_receipt,reconciled,16866.90,0.00,INR,1,BANK-20260411-000659,2026-04-18,,Rohit Menon,Synthetic reconciliation record.,2026-04-18T17:30:00+05:30
REC-000660,CMP-NL-001,TXN-000668,bank_to_ledger,reconciled,1153529.88,0.00,INR,1,BANK-20260414-000660,2026-04-18,,Kabir Shah,Synthetic reconciliation record.,2026-05-01T17:30:00+05:30
REC-000661,CMP-NL-001,TXN-000687,bank_to_ledger,reconciled,182617.76,0.00,INR,1,BANK-20260414-000661,2026-04-25,,Neha Rao,Synthetic reconciliation record.,2026-04-17T17:30:00+05:30
REC-000662,CMP-NL-001,TXN-000689,invoice_to_payout,reconciled,24264.09,0.00,INR,1,BANK-20260414-000662,2026-04-27,,Neha Rao,Synthetic reconciliation record.,2026-04-19T17:30:00+05:30
REC-000663,CMP-NL-001,TXN-000674,card_to_receipt,unreconciled,0.00,223850.87,INR,0,,,reference_mismatch,Neha Rao,Synthetic reconciliation record.,2026-04-20T17:30:00+05:30
REC-000664,CMP-NL-001,TXN-000659,invoice_to_payout,partially_reconciled,17318.01,17750.78,INR,1,BANK-20260418-000664,,amount_mismatch,Kabir Shah,Synthetic reconciliation record.,2026-05-06T17:30:00+05:30
REC-000665,CMP-NL-001,TXN-000683,bank_to_ledger,reconciled,46143.82,0.00,INR,1,BANK-20260418-000665,2026-04-21,,Neha Rao,Synthetic reconciliation record.,2026-05-07T17:30:00+05:30
REC-000666,CMP-NL-001,TXN-000690,invoice_to_payout,unreconciled,0.00,47458.16,INR,0,,,missing_receipt,Neha Rao,Synthetic reconciliation record.,2026-05-06T17:30:00+05:30
REC-000667,CMP-NL-001,TXN-000647,card_to_receipt,reconciled,610491.92,0.00,INR,1,BANK-20260421-000667,2026-05-04,,Kabir Shah,Synthetic reconciliation record.,2026-04-23T17:30:00+05:30
REC-000668,CMP-NL-001,TXN-000682,invoice_to_payout,reconciled,34308.88,0.00,INR,1,BANK-20260421-000668,2026-04-29,,Asha Nair,Synthetic reconciliation record.,2026-05-02T17:30:00+05:30
REC-000669,CMP-NL-001,TXN-000685,card_to_receipt,reconciled,48856.93,0.00,INR,1,BANK-20260422-000669,2026-05-01,,Neha Rao,Synthetic reconciliation record.,2026-04-27T17:30:00+05:30
REC-000670,CMP-NL-001,TXN-000666,card_to_receipt,reconciled,121683.32,0.00,INR,1,BANK-20260423-000670,2026-05-08,,Kabir Shah,Synthetic reconciliation record.,2026-05-05T17:30:00+05:30
REC-000671,CMP-NL-001,TXN-000671,bank_to_ledger,reconciled,98176.07,0.00,INR,1,BANK-20260423-000671,2026-04-24,,Kabir Shah,Synthetic reconciliation record.,2026-05-03T17:30:00+05:30
REC-000672,CMP-NL-001,TXN-000691,card_to_receipt,reconciled,93189.25,0.00,INR,1,BANK-20260423-000672,2026-05-03,,Asha Nair,Synthetic reconciliation record.,2026-05-10T17:30:00+05:30
REC-000673,CMP-NL-001,TXN-000660,bank_to_ledger,unreconciled,0.00,52991.40,INR,0,,,timing_difference,Rohit Menon,Synthetic reconciliation record.,2026-04-25T17:30:00+05:30
REC-000674,CMP-NL-001,TXN-000667,bank_to_ledger,reconciled,157520.10,0.00,INR,1,BANK-20260424-000674,2026-04-24,,Asha Nair,Synthetic reconciliation record.,2026-05-03T17:30:00+05:30
REC-000675,CMP-NL-001,TXN-000681,invoice_to_payout,reconciled,135666.00,0.00,INR,1,BANK-20260425-000675,2026-05-01,,Neha Rao,Synthetic reconciliation record.,2026-04-29T17:30:00+05:30
REC-000676,CMP-NL-001,TXN-000686,bank_to_ledger,reconciled,64035.32,0.00,INR,1,BANK-20260425-000676,2026-05-10,,Neha Rao,Synthetic reconciliation record.,2026-05-03T17:30:00+05:30
REC-000677,CMP-NL-001,TXN-000656,bank_to_ledger,reconciled,26999.69,0.00,INR,1,BANK-20260426-000677,2026-05-05,,Rohit Menon,Synthetic reconciliation record.,2026-05-05T17:30:00+05:30
REC-000678,CMP-NL-001,TXN-000662,card_to_receipt,reconciled,61983.39,0.00,INR,1,BANK-20260427-000678,2026-05-06,,Kabir Shah,Synthetic reconciliation record.,2026-04-28T17:30:00+05:30
REC-000679,CMP-NL-001,TXN-000675,card_to_receipt,reconciled,196650.14,0.00,INR,1,BANK-20260427-000679,2026-05-11,,Neha Rao,Synthetic reconciliation record.,2026-05-05T17:30:00+05:30
REC-000680,CMP-NL-001,TXN-000679,bank_to_ledger,reconciled,457996.51,0.00,INR,1,BANK-20260427-000680,2026-05-01,,Asha Nair,Synthetic reconciliation record.,2026-05-04T17:30:00+05:30
REC-000681,CMP-NL-001,TXN-000652,card_to_receipt,disputed,0.00,304531.32,INR,0,,,vendor_dispute,Asha Nair,Synthetic reconciliation record.,2026-05-08T17:30:00+05:30
REC-000682,CMP-NL-001,TXN-000669,invoice_to_payout,reconciled,276722.90,0.00,INR,1,BANK-20260428-000682,2026-05-07,,Asha Nair,Synthetic reconciliation record.,2026-05-17T17:30:00+05:30
REC-000683,CMP-NL-001,TXN-000688,bank_to_ledger,reconciled,60108.44,0.00,INR,1,BANK-20260429-000683,2026-04-30,,Rohit Menon,Synthetic reconciliation record.,2026-05-04T17:30:00+05:30
REC-000684,CMP-NL-001,TXN-000692,card_to_receipt,partially_reconciled,36824.12,11232.75,INR,1,BANK-20260429-000684,,amount_mismatch,Kabir Shah,Synthetic reconciliation record.,2026-05-10T17:30:00+05:30
REC-000685,CMP-NL-001,TXN-000678,card_to_receipt,reconciled,613875.51,0.00,INR,1,BANK-20260501-000685,2026-05-01,,Kabir Shah,Synthetic reconciliation record.,2026-05-07T17:30:00+05:30
REC-000686,CMP-NL-001,TXN-000680,card_to_receipt,reconciled,76416.09,0.00,INR,1,BANK-20260501-000686,2026-05-15,,Asha Nair,Synthetic reconciliation record.,2026-05-06T17:30:00+05:30
REC-000687,CMP-NL-001,TXN-000709,invoice_to_payout,reconciled,114557.88,0.00,INR,1,BANK-20260501-000687,2026-05-04,,Neha Rao,Synthetic reconciliation record.,2026-05-07T17:30:00+05:30
REC-000688,CMP-NL-001,TXN-000733,bank_to_ledger,reconciled,108065.50,0.00,INR,1,BANK-20260502-000688,2026-05-10,,Neha Rao,Synthetic reconciliation record.,2026-05-18T17:30:00+05:30
REC-000689,CMP-NL-001,TXN-000714,bank_to_ledger,reconciled,224754.60,0.00,INR,1,BANK-20260504-000689,2026-05-06,,Asha Nair,Synthetic reconciliation record.,2026-05-13T17:30:00+05:30
REC-000690,CMP-NL-001,TXN-000726,card_to_receipt,reconciled,194363.00,0.00,INR,1,BANK-20260504-000690,2026-05-08,,Kabir Shah,Synthetic reconciliation record.,2026-05-17T17:30:00+05:30
REC-000691,CMP-NL-001,TXN-000702,bank_to_ledger,reconciled,396078.10,0.00,INR,1,BANK-20260505-000691,2026-05-14,,Kabir Shah,Synthetic reconciliation record.,2026-05-22T17:30:00+05:30
REC-000692,CMP-NL-001,TXN-000713,invoice_to_payout,reconciled,59617.92,0.00,INR,1,BANK-20260506-000692,2026-05-20,,Asha Nair,Synthetic reconciliation record.,2026-05-12T17:30:00+05:30
REC-000693,CMP-NL-001,TXN-000695,card_to_receipt,unreconciled,0.00,149287.67,INR,0,,,missing_receipt,Kabir Shah,Synthetic reconciliation record.,2026-05-27T17:30:00+05:30
REC-000694,CMP-NL-001,TXN-000718,card_to_receipt,reconciled,108050.39,0.00,INR,1,BANK-20260507-000694,2026-05-20,,Asha Nair,Synthetic reconciliation record.,2026-05-09T17:30:00+05:30
REC-000695,CMP-NL-001,TXN-000719,bank_to_ledger,reconciled,51952.91,0.00,INR,1,BANK-20260507-000695,2026-05-19,,Neha Rao,Synthetic reconciliation record.,2026-05-26T17:30:00+05:30
REC-000696,CMP-NL-001,TXN-000704,bank_to_ledger,partially_reconciled,33123.51,38471.57,INR,1,BANK-20260508-000696,,amount_mismatch,Neha Rao,Synthetic reconciliation record.,2026-05-26T17:30:00+05:30
REC-000697,CMP-NL-001,TXN-000731,bank_to_ledger,unreconciled,0.00,65285.19,INR,0,,,missing_bank_match,Rohit Menon,Synthetic reconciliation record.,2026-05-18T17:30:00+05:30
REC-000698,CMP-NL-001,TXN-000740,invoice_to_payout,reconciled,100724.72,0.00,INR,1,BANK-20260510-000698,2026-05-11,,Neha Rao,Synthetic reconciliation record.,2026-05-24T17:30:00+05:30
REC-000699,CMP-NL-001,TXN-000743,bank_to_ledger,reconciled,20968.67,0.00,INR,1,BANK-20260510-000699,2026-05-15,,Asha Nair,Synthetic reconciliation record.,2026-05-17T17:30:00+05:30
REC-000700,CMP-NL-001,TXN-000748,bank_to_ledger,reconciled,18506.84,0.00,INR,1,BANK-20260510-000700,2026-05-19,,Kabir Shah,Synthetic reconciliation record.,2026-05-15T17:30:00+05:30
REC-000701,CMP-NL-001,TXN-000697,bank_to_ledger,reconciled,67737.16,0.00,INR,1,BANK-20260511-000701,2026-05-19,,Rohit Menon,Synthetic reconciliation record.,2026-05-17T17:30:00+05:30
REC-000702,CMP-NL-001,TXN-000727,bank_to_ledger,reconciled,126452.97,0.00,INR,1,BANK-20260512-000702,2026-05-15,,Neha Rao,Synthetic reconciliation record.,2026-05-28T17:30:00+05:30
REC-000703,CMP-NL-001,TXN-000705,card_to_receipt,reconciled,68724.67,0.00,INR,1,BANK-20260513-000703,2026-05-15,,Neha Rao,Synthetic reconciliation record.,2026-05-18T17:30:00+05:30
REC-000704,CMP-NL-001,TXN-000715,invoice_to_payout,reconciled,113643.51,0.00,INR,1,BANK-20260513-000704,2026-05-20,,Kabir Shah,Synthetic reconciliation record.,2026-05-21T17:30:00+05:30
REC-000705,CMP-NL-001,TXN-000721,card_to_receipt,reconciled,40395.27,0.00,INR,1,BANK-20260513-000705,2026-05-23,,Asha Nair,Synthetic reconciliation record.,2026-05-25T17:30:00+05:30
REC-000706,CMP-NL-001,TXN-000738,invoice_to_payout,unreconciled,0.00,57761.09,INR,0,,,missing_bank_match,Kabir Shah,Synthetic reconciliation record.,2026-06-01T17:30:00+05:30
REC-000707,CMP-NL-001,TXN-000708,card_to_receipt,reconciled,35838.03,0.00,INR,1,BANK-20260514-000707,2026-05-28,,Neha Rao,Synthetic reconciliation record.,2026-05-30T17:30:00+05:30
REC-000708,CMP-NL-001,TXN-000710,card_to_receipt,disputed,0.00,42293.06,INR,0,,,vendor_dispute,Neha Rao,Synthetic reconciliation record.,2026-06-01T17:30:00+05:30
REC-000709,CMP-NL-001,TXN-000720,invoice_to_payout,reconciled,88566.92,0.00,INR,1,BANK-20260514-000709,2026-05-22,,Neha Rao,Synthetic reconciliation record.,2026-05-24T17:30:00+05:30
REC-000710,CMP-NL-001,TXN-000745,invoice_to_payout,reconciled,70734.51,0.00,INR,1,BANK-20260515-000710,2026-05-23,,Rohit Menon,Synthetic reconciliation record.,2026-06-03T17:30:00+05:30
REC-000711,CMP-NL-001,TXN-000716,bank_to_ledger,reconciled,252088.65,0.00,INR,1,BANK-20260517-000711,2026-05-27,,Neha Rao,Synthetic reconciliation record.,2026-05-27T17:30:00+05:30
REC-000712,CMP-NL-001,TXN-000734,card_to_receipt,reconciled,254394.60,0.00,INR,1,BANK-20260517-000712,2026-05-30,,Asha Nair,Synthetic reconciliation record.,2026-05-20T17:30:00+05:30
REC-000713,CMP-NL-001,TXN-000742,card_to_receipt,reconciled,41979.75,0.00,INR,1,BANK-20260517-000713,2026-05-19,,Neha Rao,Synthetic reconciliation record.,2026-06-02T17:30:00+05:30
REC-000714,CMP-NL-001,TXN-000696,invoice_to_payout,reconciled,132435.92,0.00,INR,1,BANK-20260518-000714,2026-06-02,,Rohit Menon,Synthetic reconciliation record.,2026-05-23T17:30:00+05:30
REC-000715,CMP-NL-001,TXN-000732,card_to_receipt,reconciled,104378.20,0.00,INR,1,BANK-20260518-000715,2026-06-01,,Kabir Shah,Synthetic reconciliation record.,2026-05-30T17:30:00+05:30
REC-000716,CMP-NL-001,TXN-000722,bank_to_ledger,reconciled,48652.83,0.00,INR,1,BANK-20260520-000716,2026-05-31,,Rohit Menon,Synthetic reconciliation record.,2026-05-23T17:30:00+05:30
REC-000717,CMP-NL-001,TXN-000723,invoice_to_payout,reconciled,914912.26,0.00,INR,1,BANK-20260520-000717,2026-06-04,,Rohit Menon,Synthetic reconciliation record.,2026-05-27T17:30:00+05:30
REC-000718,CMP-NL-001,TXN-000700,invoice_to_payout,reconciled,269863.56,0.00,INR,1,BANK-20260521-000718,2026-05-31,,Rohit Menon,Synthetic reconciliation record.,2026-05-23T17:30:00+05:30
REC-000719,CMP-NL-001,TXN-000711,invoice_to_payout,reconciled,17599.13,0.00,INR,1,BANK-20260521-000719,2026-05-29,,Rohit Menon,Synthetic reconciliation record.,2026-06-04T17:30:00+05:30
REC-000720,CMP-NL-001,TXN-000735,card_to_receipt,partially_reconciled,158287.70,115995.57,INR,1,BANK-20260521-000720,,amount_mismatch,Neha Rao,Synthetic reconciliation record.,2026-06-06T17:30:00+05:30
REC-000721,CMP-NL-001,TXN-000739,invoice_to_payout,reconciled,44390.47,0.00,INR,1,BANK-20260521-000721,2026-05-31,,Asha Nair,Synthetic reconciliation record.,2026-06-07T17:30:00+05:30
REC-000722,CMP-NL-001,TXN-000717,invoice_to_payout,reconciled,248864.02,0.00,INR,1,BANK-20260522-000722,2026-05-22,,Neha Rao,Synthetic reconciliation record.,2026-06-09T17:30:00+05:30
REC-000723,CMP-NL-001,TXN-000698,invoice_to_payout,reconciled,287158.53,0.00,INR,1,BANK-20260523-000723,2026-05-26,,Asha Nair,Synthetic reconciliation record.,2026-06-01T17:30:00+05:30
REC-000724,CMP-NL-001,TXN-000706,bank_to_ledger,reconciled,63803.53,0.00,INR,1,BANK-20260524-000724,2026-05-28,,Asha Nair,Synthetic reconciliation record.,2026-05-26T17:30:00+05:30
REC-000725,CMP-NL-001,TXN-000703,invoice_to_payout,reconciled,144859.21,0.00,INR,1,BANK-20260525-000725,2026-06-03,,Neha Rao,Synthetic reconciliation record.,2026-06-08T17:30:00+05:30
REC-000726,CMP-NL-001,TXN-000730,invoice_to_payout,reconciled,114246.75,0.00,INR,1,BANK-20260526-000726,2026-06-08,,Asha Nair,Synthetic reconciliation record.,2026-06-14T17:30:00+05:30
REC-000727,CMP-NL-001,TXN-000746,bank_to_ledger,reconciled,54242.91,0.00,INR,1,BANK-20260526-000727,2026-06-07,,Neha Rao,Synthetic reconciliation record.,2026-06-12T17:30:00+05:30
REC-000728,CMP-NL-001,TXN-000736,invoice_to_payout,reconciled,431945.73,0.00,INR,1,BANK-20260527-000728,2026-06-03,,Rohit Menon,Synthetic reconciliation record.,2026-06-14T17:30:00+05:30
REC-000729,CMP-NL-001,TXN-000747,invoice_to_payout,reconciled,15979.19,0.00,INR,1,BANK-20260527-000729,2026-06-10,,Rohit Menon,Synthetic reconciliation record.,2026-06-01T17:30:00+05:30
REC-000730,CMP-NL-001,TXN-000724,bank_to_ledger,reconciled,349980.67,0.00,INR,1,BANK-20260529-000730,2026-06-11,,Neha Rao,Synthetic reconciliation record.,2026-06-11T17:30:00+05:30
REC-000731,CMP-NL-001,TXN-000744,card_to_receipt,reconciled,28387.76,0.00,INR,1,BANK-20260529-000731,2026-06-12,,Neha Rao,Synthetic reconciliation record.,2026-06-01T17:30:00+05:30
REC-000732,CMP-NL-001,TXN-000737,card_to_receipt,reconciled,36920.51,0.00,INR,1,BANK-20260530-000732,2026-06-03,,Rohit Menon,Synthetic reconciliation record.,2026-06-13T17:30:00+05:30
REC-000733,CMP-NL-001,TXN-000725,invoice_to_payout,reconciled,72952.88,0.00,INR,1,BANK-20260531-000733,2026-06-13,,Neha Rao,Synthetic reconciliation record.,2026-06-01T17:30:00+05:30
REC-000734,CMP-NL-001,TXN-000741,card_to_receipt,reconciled,75369.00,0.00,INR,1,BANK-20260531-000734,2026-06-04,,Rohit Menon,Synthetic reconciliation record.,2026-06-14T17:30:00+05:30
REC-000735,CMP-NL-001,TXN-000790,invoice_to_payout,reconciled,79935.20,0.00,INR,1,BANK-20260601-000735,2026-06-07,,Kabir Shah,Synthetic reconciliation record.,2026-06-13T17:30:00+05:30
REC-000736,CMP-NL-001,TXN-000699,invoice_to_payout,reconciled,429430.65,0.00,INR,1,BANK-20260602-000736,2026-06-16,,Asha Nair,Synthetic reconciliation record.,2026-06-15T17:30:00+05:30
REC-000737,CMP-NL-001,TXN-000707,card_to_receipt,reconciled,90064.02,0.00,INR,1,BANK-20260602-000737,2026-06-12,,Rohit Menon,Synthetic reconciliation record.,2026-06-16T17:30:00+05:30
REC-000738,CMP-NL-001,TXN-000712,bank_to_ledger,reconciled,25062.65,0.00,INR,1,BANK-20260602-000738,2026-06-10,,Asha Nair,Synthetic reconciliation record.,2026-06-04T17:30:00+05:30
REC-000739,CMP-NL-001,TXN-000701,bank_to_ledger,reconciled,153638.13,0.00,INR,1,BANK-20260603-000739,2026-06-15,,Kabir Shah,Synthetic reconciliation record.,2026-06-17T17:30:00+05:30
REC-000740,CMP-NL-001,TXN-000781,bank_to_ledger,reconciled,133426.10,0.00,INR,1,BANK-20260603-000740,2026-06-13,,Kabir Shah,Synthetic reconciliation record.,2026-06-14T17:30:00+05:30
REC-000741,CMP-NL-001,TXN-000763,invoice_to_payout,reconciled,30712.93,0.00,INR,1,BANK-20260605-000741,2026-06-14,,Asha Nair,Synthetic reconciliation record.,2026-06-24T17:30:00+05:30
REC-000742,CMP-NL-001,TXN-000780,invoice_to_payout,reconciled,213213.17,0.00,INR,1,BANK-20260607-000742,2026-06-14,,Rohit Menon,Synthetic reconciliation record.,2026-06-13T17:30:00+05:30
REC-000743,CMP-NL-001,TXN-000771,bank_to_ledger,unreconciled,0.00,933044.59,INR,0,,,missing_receipt,Rohit Menon,Synthetic reconciliation record.,2026-06-15T17:30:00+05:30
REC-000744,CMP-NL-001,TXN-000773,invoice_to_payout,reconciled,56582.50,0.00,INR,1,BANK-20260608-000744,2026-06-15,,Neha Rao,Synthetic reconciliation record.,2026-06-26T17:30:00+05:30
REC-000745,CMP-NL-001,TXN-000778,invoice_to_payout,reconciled,84349.18,0.00,INR,1,BANK-20260608-000745,2026-06-12,,Rohit Menon,Synthetic reconciliation record.,2026-06-17T17:30:00+05:30
REC-000746,CMP-NL-001,TXN-000779,bank_to_ledger,reconciled,164126.68,0.00,INR,1,BANK-20260608-000746,2026-06-21,,Neha Rao,Synthetic reconciliation record.,2026-06-13T17:30:00+05:30
REC-000747,CMP-NL-001,TXN-000752,invoice_to_payout,reconciled,261726.54,0.00,INR,1,BANK-20260609-000747,2026-06-16,,Neha Rao,Synthetic reconciliation record.,2026-06-15T17:30:00+05:30
REC-000748,CMP-NL-001,TXN-000756,bank_to_ledger,reconciled,202211.44,0.00,INR,1,BANK-20260609-000748,2026-06-21,,Kabir Shah,Synthetic reconciliation record.,2026-06-19T17:30:00+05:30
REC-000749,CMP-NL-001,TXN-000774,bank_to_ledger,reconciled,31592.70,0.00,INR,1,BANK-20260609-000749,2026-06-09,,Neha Rao,Synthetic reconciliation record.,2026-06-18T17:30:00+05:30
REC-000750,CMP-NL-001,TXN-000786,invoice_to_payout,reconciled,119022.65,0.00,INR,1,BANK-20260609-000750,2026-06-19,,Asha Nair,Synthetic reconciliation record.,2026-06-12T17:30:00+05:30
REC-000751,CMP-NL-001,TXN-000776,card_to_receipt,reconciled,74572.38,0.00,INR,1,BANK-20260610-000751,2026-06-24,,Neha Rao,Synthetic reconciliation record.,2026-06-16T17:30:00+05:30
REC-000752,CMP-NL-001,TXN-000749,invoice_to_payout,reconciled,187014.67,0.00,INR,1,BANK-20260612-000752,2026-06-23,,Kabir Shah,Synthetic reconciliation record.,2026-06-14T17:30:00+05:30
REC-000753,CMP-NL-001,TXN-000766,invoice_to_payout,reconciled,108333.35,0.00,INR,1,BANK-20260612-000753,2026-06-26,,Rohit Menon,Synthetic reconciliation record.,2026-06-24T17:30:00+05:30
REC-000754,CMP-NL-001,TXN-000759,invoice_to_payout,partially_reconciled,43486.85,33963.71,INR,1,BANK-20260613-000754,,amount_mismatch,Asha Nair,Synthetic reconciliation record.,2026-06-20T17:30:00+05:30
REC-000755,CMP-NL-001,TXN-000768,invoice_to_payout,reconciled,119825.94,0.00,INR,1,BANK-20260613-000755,2026-06-25,,Rohit Menon,Synthetic reconciliation record.,2026-06-24T17:30:00+05:30
REC-000756,CMP-NL-001,TXN-000793,bank_to_ledger,reconciled,159704.25,0.00,INR,1,BANK-20260613-000756,2026-06-18,,Neha Rao,Synthetic reconciliation record.,2026-06-21T17:30:00+05:30
REC-000757,CMP-NL-001,TXN-000789,card_to_receipt,partially_reconciled,17981.01,12498.78,INR,1,BANK-20260614-000757,,amount_mismatch,Asha Nair,Synthetic reconciliation record.,2026-06-25T17:30:00+05:30
REC-000758,CMP-NL-001,TXN-000757,bank_to_ledger,reconciled,55633.24,0.00,INR,1,BANK-20260615-000758,2026-06-30,,Neha Rao,Synthetic reconciliation record.,2026-06-28T17:30:00+05:30
REC-000759,CMP-NL-001,TXN-000794,card_to_receipt,reconciled,60978.84,0.00,INR,1,BANK-20260615-000759,2026-06-22,,Rohit Menon,Synthetic reconciliation record.,2026-06-30T17:30:00+05:30
REC-000760,CMP-NL-001,TXN-000754,invoice_to_payout,reconciled,348385.38,0.00,INR,1,BANK-20260616-000760,2026-06-17,,Asha Nair,Synthetic reconciliation record.,2026-07-02T17:30:00+05:30
REC-000761,CMP-NL-001,TXN-000765,bank_to_ledger,reconciled,133253.84,0.00,INR,1,BANK-20260616-000761,2026-06-30,,Rohit Menon,Synthetic reconciliation record.,2026-06-30T17:30:00+05:30
REC-000762,CMP-NL-001,TXN-000770,card_to_receipt,unreconciled,0.00,128675.54,INR,0,,,missing_bank_match,Asha Nair,Synthetic reconciliation record.,2026-06-24T17:30:00+05:30
REC-000763,CMP-NL-001,TXN-000783,invoice_to_payout,reconciled,426345.23,0.00,INR,1,BANK-20260616-000763,2026-06-19,,Kabir Shah,Synthetic reconciliation record.,2026-06-21T17:30:00+05:30
REC-000764,CMP-NL-001,TXN-000772,bank_to_ledger,reconciled,443993.57,0.00,INR,1,BANK-20260618-000764,2026-06-23,,Asha Nair,Synthetic reconciliation record.,2026-06-21T17:30:00+05:30
REC-000765,CMP-NL-001,TXN-000787,card_to_receipt,unreconciled,0.00,78415.49,INR,0,,,missing_receipt,Kabir Shah,Synthetic reconciliation record.,2026-06-20T17:30:00+05:30
REC-000766,CMP-NL-001,TXN-000795,card_to_receipt,reconciled,53018.54,0.00,INR,1,BANK-20260618-000766,2026-07-02,,Rohit Menon,Synthetic reconciliation record.,2026-06-26T17:30:00+05:30
REC-000767,CMP-NL-001,TXN-000755,card_to_receipt,reconciled,182518.95,0.00,INR,1,BANK-20260620-000767,2026-06-22,,Asha Nair,Synthetic reconciliation record.,2026-07-06T17:30:00+05:30
REC-000768,CMP-NL-001,TXN-000762,card_to_receipt,reconciled,92928.67,0.00,INR,1,BANK-20260620-000768,2026-06-27,,Asha Nair,Synthetic reconciliation record.,2026-07-09T17:30:00+05:30
REC-000769,CMP-NL-001,TXN-000784,bank_to_ledger,reconciled,373239.38,0.00,INR,1,BANK-20260620-000769,2026-07-02,,Neha Rao,Synthetic reconciliation record.,2026-07-07T17:30:00+05:30
REC-000770,CMP-NL-001,TXN-000785,card_to_receipt,reconciled,165382.48,0.00,INR,1,BANK-20260620-000770,2026-06-28,,Asha Nair,Synthetic reconciliation record.,2026-07-08T17:30:00+05:30
REC-000771,CMP-NL-001,TXN-000767,bank_to_ledger,reconciled,196808.07,0.00,INR,1,BANK-20260623-000771,2026-06-26,,Asha Nair,Synthetic reconciliation record.,2026-06-24T17:30:00+05:30
REC-000772,CMP-NL-001,TXN-000788,card_to_receipt,reconciled,36690.10,0.00,INR,1,BANK-20260623-000772,2026-06-27,,Kabir Shah,Synthetic reconciliation record.,2026-06-27T17:30:00+05:30
REC-000773,CMP-NL-001,TXN-000751,bank_to_ledger,reconciled,655428.70,0.00,INR,1,BANK-20260624-000773,2026-06-29,,Rohit Menon,Synthetic reconciliation record.,2026-06-28T17:30:00+05:30
REC-000774,CMP-NL-001,TXN-000775,card_to_receipt,reconciled,123921.37,0.00,INR,1,BANK-20260624-000774,2026-07-09,,Kabir Shah,Synthetic reconciliation record.,2026-06-25T17:30:00+05:30
REC-000775,CMP-NL-001,TXN-000792,bank_to_ledger,reconciled,52485.32,0.00,INR,1,BANK-20260624-000775,2026-07-09,,Kabir Shah,Synthetic reconciliation record.,2026-06-28T17:30:00+05:30
REC-000776,CMP-NL-001,TXN-000760,bank_to_ledger,unreconciled,0.00,106229.18,INR,0,,,missing_receipt,Kabir Shah,Synthetic reconciliation record.,2026-06-30T17:30:00+05:30
REC-000777,CMP-NL-001,TXN-000761,card_to_receipt,reconciled,50064.93,0.00,INR,1,BANK-20260625-000777,2026-06-25,,Rohit Menon,Synthetic reconciliation record.,2026-07-07T17:30:00+05:30
REC-000778,CMP-NL-001,TXN-000777,invoice_to_payout,reconciled,298983.52,0.00,INR,1,BANK-20260626-000778,2026-07-06,,Asha Nair,Synthetic reconciliation record.,2026-07-04T17:30:00+05:30
REC-000779,CMP-NL-001,TXN-000750,bank_to_ledger,reconciled,48040.28,0.00,INR,1,BANK-20260627-000779,2026-07-07,,Neha Rao,Synthetic reconciliation record.,2026-07-07T17:30:00+05:30
REC-000780,CMP-NL-001,TXN-000764,invoice_to_payout,reconciled,345879.39,0.00,INR,1,BANK-20260627-000780,2026-07-09,,Neha Rao,Synthetic reconciliation record.,2026-07-03T17:30:00+05:30
REC-000781,CMP-NL-001,TXN-000758,bank_to_ledger,reconciled,12927.93,0.00,INR,1,BANK-20260628-000781,2026-07-13,,Asha Nair,Synthetic reconciliation record.,2026-06-30T17:30:00+05:30
REC-000782,CMP-NL-001,TXN-000782,card_to_receipt,reconciled,141009.75,0.00,INR,1,BANK-20260629-000782,2026-07-03,,Kabir Shah,Synthetic reconciliation record.,2026-07-16T17:30:00+05:30
REC-000783,CMP-NL-001,TXN-000769,bank_to_ledger,reconciled,57096.29,0.00,INR,1,BANK-20260702-000783,2026-07-17,,Neha Rao,Synthetic reconciliation record.,2026-07-17T17:30:00+05:30
REC-000784,CMP-NL-001,TXN-000791,invoice_to_payout,reconciled,26398.79,0.00,INR,1,BANK-20260702-000784,2026-07-07,,Rohit Menon,Synthetic reconciliation record.,2026-07-20T17:30:00+05:30
REC-000785,CMP-NL-001,TXN-000837,bank_to_ledger,reconciled,55463.75,0.00,INR,1,BANK-20260702-000785,2026-07-12,,Asha Nair,Synthetic reconciliation record.,2026-07-10T17:30:00+05:30
REC-000786,CMP-NL-001,TXN-000753,bank_to_ledger,reconciled,720118.12,0.00,INR,1,BANK-20260703-000786,2026-07-09,,Asha Nair,Synthetic reconciliation record.,2026-07-23T17:30:00+05:30
REC-000787,CMP-NL-001,TXN-000805,invoice_to_payout,reconciled,66847.07,0.00,INR,1,BANK-20260703-000787,2026-07-07,,Asha Nair,Synthetic reconciliation record.,2026-07-04T17:30:00+05:30
REC-000788,CMP-NL-001,TXN-000803,bank_to_ledger,reconciled,96811.99,0.00,INR,1,BANK-20260705-000788,2026-07-10,,Kabir Shah,Synthetic reconciliation record.,2026-07-12T17:30:00+05:30
REC-000789,CMP-NL-001,TXN-000845,invoice_to_payout,reconciled,27738.71,0.00,INR,1,BANK-20260706-000789,2026-07-19,,Neha Rao,Synthetic reconciliation record.,2026-07-10T17:30:00+05:30
REC-000790,CMP-NL-001,TXN-000823,card_to_receipt,reconciled,98872.68,0.00,INR,1,BANK-20260707-000790,2026-07-08,,Kabir Shah,Synthetic reconciliation record.,2026-07-25T17:30:00+05:30
REC-000791,CMP-NL-001,TXN-000827,invoice_to_payout,reconciled,91882.02,0.00,INR,1,BANK-20260707-000791,2026-07-21,,Rohit Menon,Synthetic reconciliation record.,2026-07-13T17:30:00+05:30
REC-000792,CMP-NL-001,TXN-000851,card_to_receipt,reconciled,18261.59,0.00,INR,1,BANK-20260708-000792,2026-07-20,,Rohit Menon,Synthetic reconciliation record.,2026-07-23T17:30:00+05:30
REC-000793,CMP-NL-001,TXN-000830,bank_to_ledger,reconciled,199315.19,0.00,INR,1,BANK-20260709-000793,2026-07-19,,Kabir Shah,Synthetic reconciliation record.,2026-07-21T17:30:00+05:30
REC-000794,CMP-NL-001,TXN-000828,bank_to_ledger,reconciled,961309.08,0.00,INR,1,BANK-20260710-000794,2026-07-11,,Rohit Menon,Synthetic reconciliation record.,2026-07-26T17:30:00+05:30
REC-000795,CMP-NL-001,TXN-000836,card_to_receipt,reconciled,269550.33,0.00,INR,1,BANK-20260711-000795,2026-07-16,,Asha Nair,Synthetic reconciliation record.,2026-07-24T17:30:00+05:30
REC-000796,CMP-NL-001,TXN-000822,invoice_to_payout,reconciled,495824.49,0.00,INR,1,BANK-20260712-000796,2026-07-26,,Asha Nair,Synthetic reconciliation record.,2026-07-26T17:30:00+05:30
REC-000797,CMP-NL-001,TXN-000813,bank_to_ledger,reconciled,47114.09,0.00,INR,1,BANK-20260713-000797,2026-07-19,,Neha Rao,Synthetic reconciliation record.,2026-07-29T17:30:00+05:30
REC-000798,CMP-NL-001,TXN-000821,invoice_to_payout,reconciled,52393.09,0.00,INR,1,BANK-20260714-000798,2026-07-26,,Asha Nair,Synthetic reconciliation record.,2026-07-17T17:30:00+05:30
REC-000799,CMP-NL-001,TXN-000798,bank_to_ledger,reconciled,1655853.90,0.00,INR,1,BANK-20260715-000799,2026-07-27,,Neha Rao,Synthetic reconciliation record.,2026-08-03T17:30:00+05:30
REC-000800,CMP-NL-001,TXN-000818,card_to_receipt,reconciled,132125.94,0.00,INR,1,BANK-20260715-000800,2026-07-28,,Rohit Menon,Synthetic reconciliation record.,2026-07-29T17:30:00+05:30
REC-000801,CMP-NL-001,TXN-PART-001,bank_to_ledger,partially_reconciled,300000.00,200000.00,INR,1,BANK-20260715-000801,,amount_mismatch,Asha Nair,Synthetic reconciliation record.,2026-07-28T17:30:00+05:30
REC-000802,CMP-NL-001,TXN-000816,invoice_to_payout,reconciled,54590.54,0.00,INR,1,BANK-20260716-000802,2026-07-19,,Neha Rao,Synthetic reconciliation record.,2026-08-01T17:30:00+05:30
REC-000803,CMP-NL-001,TXN-000846,card_to_receipt,reconciled,29596.52,0.00,INR,1,BANK-20260716-000803,2026-07-28,,Neha Rao,Synthetic reconciliation record.,2026-07-26T17:30:00+05:30
REC-000804,CMP-NL-001,TXN-000847,bank_to_ledger,unreconciled,0.00,35141.11,INR,0,,,missing_receipt,Rohit Menon,Synthetic reconciliation record.,2026-08-03T17:30:00+05:30
REC-000805,CMP-NL-001,TXN-000817,invoice_to_payout,unreconciled,0.00,65449.13,INR,0,,,timing_difference,Kabir Shah,Synthetic reconciliation record.,2026-07-21T17:30:00+05:30
REC-000806,CMP-NL-001,TXN-000820,card_to_receipt,reconciled,45083.65,0.00,INR,1,BANK-20260719-000806,2026-07-25,,Asha Nair,Synthetic reconciliation record.,2026-07-31T17:30:00+05:30
REC-000807,CMP-NL-001,TXN-000849,card_to_receipt,reconciled,83532.09,0.00,INR,1,BANK-20260719-000807,2026-08-03,,Asha Nair,Synthetic reconciliation record.,2026-08-06T17:30:00+05:30
REC-000808,CMP-NL-001,TXN-000850,invoice_to_payout,reconciled,27460.82,0.00,INR,1,BANK-20260719-000808,2026-08-01,,Asha Nair,Synthetic reconciliation record.,2026-07-24T17:30:00+05:30
REC-000809,CMP-NL-001,TXN-000843,bank_to_ledger,reconciled,63561.02,0.00,INR,1,BANK-20260720-000809,2026-07-31,,Kabir Shah,Synthetic reconciliation record.,2026-07-29T17:30:00+05:30
REC-000810,CMP-NL-001,TXN-000799,bank_to_ledger,reconciled,96707.91,0.00,INR,1,BANK-20260722-000810,2026-07-26,,Kabir Shah,Synthetic reconciliation record.,2026-07-26T17:30:00+05:30
REC-000811,CMP-NL-001,TXN-000824,bank_to_ledger,reconciled,318176.44,0.00,INR,1,BANK-20260722-000811,2026-07-24,,Kabir Shah,Synthetic reconciliation record.,2026-08-04T17:30:00+05:30
REC-000812,CMP-NL-001,TXN-000800,invoice_to_payout,reconciled,212929.77,0.00,INR,1,BANK-20260724-000812,2026-08-02,,Neha Rao,Synthetic reconciliation record.,2026-07-26T17:30:00+05:30
REC-000813,CMP-NL-001,TXN-000801,card_to_receipt,reconciled,302734.91,0.00,INR,1,BANK-20260724-000813,2026-07-31,,Neha Rao,Synthetic reconciliation record.,2026-07-31T17:30:00+05:30
REC-000814,CMP-NL-001,TXN-000814,card_to_receipt,reconciled,169336.10,0.00,INR,1,BANK-20260724-000814,2026-07-29,,Neha Rao,Synthetic reconciliation record.,2026-08-10T17:30:00+05:30
REC-000815,CMP-NL-001,TXN-000815,bank_to_ledger,reconciled,379981.22,0.00,INR,1,BANK-20260724-000815,2026-08-04,,Rohit Menon,Synthetic reconciliation record.,2026-08-07T17:30:00+05:30
REC-000816,CMP-NL-001,TXN-000826,bank_to_ledger,reconciled,103226.00,0.00,INR,1,BANK-20260724-000816,2026-08-05,,Kabir Shah,Synthetic reconciliation record.,2026-08-11T17:30:00+05:30
REC-000817,CMP-NL-001,TXN-000835,invoice_to_payout,reconciled,370134.47,0.00,INR,1,BANK-20260724-000817,2026-07-24,,Neha Rao,Synthetic reconciliation record.,2026-08-05T17:30:00+05:30
REC-000818,CMP-NL-001,TXN-000842,invoice_to_payout,reconciled,128550.17,0.00,INR,1,BANK-20260724-000818,2026-07-27,,Neha Rao,Synthetic reconciliation record.,2026-08-09T17:30:00+05:30
REC-000819,CMP-NL-001,TXN-000802,card_to_receipt,reconciled,79418.06,0.00,INR,1,BANK-20260725-000819,2026-07-31,,Neha Rao,Synthetic reconciliation record.,2026-08-01T17:30:00+05:30
REC-000820,CMP-NL-001,TXN-000841,bank_to_ledger,reconciled,125645.42,0.00,INR,1,BANK-20260725-000820,2026-07-27,,Asha Nair,Synthetic reconciliation record.,2026-08-03T17:30:00+05:30
REC-000821,CMP-NL-001,TXN-000810,invoice_to_payout,reconciled,68787.93,0.00,INR,1,BANK-20260726-000821,2026-07-31,,Rohit Menon,Synthetic reconciliation record.,2026-08-14T17:30:00+05:30
REC-000822,CMP-NL-001,TXN-000840,card_to_receipt,reconciled,69363.34,0.00,INR,1,BANK-20260726-000822,2026-08-03,,Neha Rao,Synthetic reconciliation record.,2026-08-08T17:30:00+05:30
REC-000823,CMP-NL-001,TXN-000825,card_to_receipt,disputed,0.00,39458.24,INR,0,,,vendor_dispute,Asha Nair,Synthetic reconciliation record.,2026-08-09T17:30:00+05:30
REC-000824,CMP-NL-001,TXN-000804,bank_to_ledger,reconciled,144287.45,0.00,INR,1,BANK-20260728-000824,2026-08-09,,Kabir Shah,Synthetic reconciliation record.,2026-08-08T17:30:00+05:30
REC-000825,CMP-NL-001,TXN-000811,invoice_to_payout,reconciled,21454.02,0.00,INR,1,BANK-20260728-000825,2026-08-12,,Neha Rao,Synthetic reconciliation record.,2026-08-12T17:30:00+05:30
REC-000826,CMP-NL-001,TXN-000797,invoice_to_payout,reconciled,60713.71,0.00,INR,1,BANK-20260729-000826,2026-08-13,,Asha Nair,Synthetic reconciliation record.,2026-08-12T17:30:00+05:30
REC-000827,CMP-NL-001,TXN-000829,bank_to_ledger,reconciled,217415.27,0.00,INR,1,BANK-20260729-000827,2026-07-30,,Rohit Menon,Synthetic reconciliation record.,2026-08-12T17:30:00+05:30
REC-000828,CMP-NL-001,TXN-000831,invoice_to_payout,reconciled,118755.70,0.00,INR,1,BANK-20260729-000828,2026-07-31,,Neha Rao,Synthetic reconciliation record.,2026-08-10T17:30:00+05:30
REC-000829,CMP-NL-001,TXN-000833,invoice_to_payout,reconciled,281540.98,0.00,INR,1,BANK-20260729-000829,2026-08-13,,Kabir Shah,Synthetic reconciliation record.,2026-08-15T17:30:00+05:30
REC-000830,CMP-NL-001,TXN-000838,card_to_receipt,reconciled,96568.35,0.00,INR,1,BANK-20260729-000830,2026-07-30,,Kabir Shah,Synthetic reconciliation record.,2026-08-06T17:30:00+05:30
REC-000831,CMP-NL-001,TXN-000848,invoice_to_payout,reconciled,99048.69,0.00,INR,1,BANK-20260729-000831,2026-07-30,,Kabir Shah,Synthetic reconciliation record.,2026-08-07T17:30:00+05:30
REC-000832,CMP-NL-001,TXN-000832,invoice_to_payout,reconciled,75597.00,0.00,INR,1,BANK-20260730-000832,2026-08-04,,Kabir Shah,Synthetic reconciliation record.,2026-08-16T17:30:00+05:30
REC-000833,CMP-NL-001,TXN-000807,bank_to_ledger,reconciled,41354.76,0.00,INR,1,BANK-20260731-000833,2026-08-03,,Kabir Shah,Synthetic reconciliation record.,2026-08-17T17:30:00+05:30
REC-000834,CMP-NL-001,TXN-000809,invoice_to_payout,reconciled,23263.20,0.00,INR,1,BANK-20260731-000834,2026-08-06,,Kabir Shah,Synthetic reconciliation record.,2026-08-11T17:30:00+05:30
REC-000835,CMP-NL-001,TXN-000796,card_to_receipt,reconciled,372671.37,0.00,INR,1,BANK-20260801-000835,2026-08-01,,Kabir Shah,Synthetic reconciliation record.,2026-08-02T17:30:00+05:30
REC-000836,CMP-NL-001,TXN-000819,bank_to_ledger,reconciled,54556.67,0.00,INR,1,BANK-20260801-000836,2026-08-03,,Rohit Menon,Synthetic reconciliation record.,2026-08-07T17:30:00+05:30
REC-000837,CMP-NL-001,TXN-000839,card_to_receipt,reconciled,42062.79,0.00,INR,1,BANK-20260801-000837,2026-08-16,,Neha Rao,Synthetic reconciliation record.,2026-08-20T17:30:00+05:30
REC-000838,CMP-NL-001,TXN-000812,card_to_receipt,reconciled,29115.33,0.00,INR,1,BANK-20260802-000838,2026-08-17,,Neha Rao,Synthetic reconciliation record.,2026-08-09T17:30:00+05:30
REC-000839,CMP-NL-001,TXN-000834,invoice_to_payout,reconciled,177596.27,0.00,INR,1,BANK-20260802-000839,2026-08-17,,Neha Rao,Synthetic reconciliation record.,2026-08-22T17:30:00+05:30
REC-000840,CMP-NL-001,TXN-000896,bank_to_ledger,reconciled,13586.94,0.00,INR,1,BANK-20260802-000840,2026-08-03,,Kabir Shah,Synthetic reconciliation record.,2026-08-20T17:30:00+05:30
REC-000841,CMP-NL-001,TXN-000898,invoice_to_payout,unreconciled,0.00,65461.67,INR,0,,,timing_difference,Neha Rao,Synthetic reconciliation record.,2026-08-12T17:30:00+05:30
REC-000842,CMP-NL-001,TXN-000806,invoice_to_payout,reconciled,31335.72,0.00,INR,1,BANK-20260803-000842,2026-08-07,,Neha Rao,Synthetic reconciliation record.,2026-08-21T17:30:00+05:30
REC-000843,CMP-NL-001,TXN-000844,invoice_to_payout,reconciled,55106.56,0.00,INR,1,BANK-20260803-000843,2026-08-14,,Neha Rao,Synthetic reconciliation record.,2026-08-08T17:30:00+05:30
REC-000844,CMP-NL-001,TXN-000855,bank_to_ledger,reconciled,254338.67,0.00,INR,1,BANK-20260803-000844,2026-08-06,,Rohit Menon,Synthetic reconciliation record.,2026-08-17T17:30:00+05:30
REC-000845,CMP-NL-001,TXN-000899,invoice_to_payout,reconciled,62171.29,0.00,INR,1,BANK-20260803-000845,2026-08-14,,Asha Nair,Synthetic reconciliation record.,2026-08-09T17:30:00+05:30
REC-000846,CMP-NL-001,TXN-000808,invoice_to_payout,disputed,0.00,41713.64,INR,0,,,vendor_dispute,Kabir Shah,Synthetic reconciliation record.,2026-08-24T17:30:00+05:30
REC-000847,CMP-NL-001,TXN-000863,card_to_receipt,reconciled,58374.31,0.00,INR,1,BANK-20260804-000847,2026-08-04,,Rohit Menon,Synthetic reconciliation record.,2026-08-17T17:30:00+05:30
REC-000848,CMP-NL-001,TXN-000888,bank_to_ledger,reconciled,167354.36,0.00,INR,1,BANK-20260804-000848,2026-08-07,,Rohit Menon,Synthetic reconciliation record.,2026-08-08T17:30:00+05:30
REC-000849,CMP-NL-001,TXN-000892,invoice_to_payout,reconciled,81770.87,0.00,INR,1,BANK-20260806-000849,2026-08-16,,Asha Nair,Synthetic reconciliation record.,2026-08-24T17:30:00+05:30
REC-000850,CMP-NL-001,TXN-REV-ORIG,invoice_to_payout,reconciled,380000.00,0.00,INR,1,BANK-20260806-000850,2026-08-19,,Asha Nair,Synthetic reconciliation record.,2026-08-21T17:30:00+05:30
REC-000851,CMP-NL-001,TXN-000868,invoice_to_payout,reconciled,86780.24,0.00,INR,1,BANK-20260807-000851,2026-08-21,,Kabir Shah,Synthetic reconciliation record.,2026-08-16T17:30:00+05:30
REC-000852,CMP-NL-001,TXN-000872,bank_to_ledger,reconciled,218625.68,0.00,INR,1,BANK-20260807-000852,2026-08-22,,Asha Nair,Synthetic reconciliation record.,2026-08-11T17:30:00+05:30
REC-000853,CMP-NL-001,TXN-000859,bank_to_ledger,reconciled,38930.10,0.00,INR,1,BANK-20260808-000853,2026-08-12,,Kabir Shah,Synthetic reconciliation record.,2026-08-25T17:30:00+05:30
REC-000854,CMP-NL-001,TXN-000876,card_to_receipt,reconciled,39644.15,0.00,INR,1,BANK-20260808-000854,2026-08-23,,Asha Nair,Synthetic reconciliation record.,2026-08-24T17:30:00+05:30
REC-000855,CMP-NL-001,TXN-REV-001,card_to_receipt,reconciled,380000.00,0.00,INR,1,BANK-20260809-000855,2026-08-21,reversal_matched,Rohit Menon,Synthetic reconciliation record.,2026-08-15T17:30:00+05:30
REC-000856,CMP-NL-001,TXN-000870,bank_to_ledger,reconciled,152082.63,0.00,INR,1,BANK-20260810-000856,2026-08-11,,Rohit Menon,Synthetic reconciliation record.,2026-08-24T17:30:00+05:30
REC-000857,CMP-NL-001,TXN-000852,invoice_to_payout,reconciled,1009350.65,0.00,INR,1,BANK-20260811-000857,2026-08-11,,Neha Rao,Synthetic reconciliation record.,2026-08-23T17:30:00+05:30
REC-000858,CMP-NL-001,TXN-000882,bank_to_ledger,reconciled,53018.65,0.00,INR,1,BANK-20260811-000858,2026-08-11,,Rohit Menon,Synthetic reconciliation record.,2026-08-21T17:30:00+05:30
REC-000859,CMP-NL-001,TXN-000884,invoice_to_payout,unreconciled,0.00,34258.42,INR,0,,,missing_receipt,Kabir Shah,Synthetic reconciliation record.,2026-08-30T17:30:00+05:30
REC-000860,CMP-NL-001,TXN-PROMPT-001,bank_to_ledger,reconciled,49999.00,0.00,INR,1,BANK-20260812-000860,2026-08-18,,Kabir Shah,Synthetic reconciliation record.,2026-08-25T17:30:00+05:30
REC-000861,CMP-NL-001,TXN-000902,card_to_receipt,reconciled,6164.29,0.00,INR,1,BANK-20260813-000861,2026-08-24,,Rohit Menon,Synthetic reconciliation record.,2026-08-19T17:30:00+05:30
REC-000862,CMP-NL-001,TXN-000861,invoice_to_payout,reconciled,78959.28,0.00,INR,1,BANK-20260814-000862,2026-08-19,,Neha Rao,Synthetic reconciliation record.,2026-08-24T17:30:00+05:30
REC-000863,CMP-NL-001,TXN-000890,bank_to_ledger,unreconciled,0.00,145372.27,INR,0,,,missing_receipt,Asha Nair,Synthetic reconciliation record.,2026-08-19T17:30:00+05:30
REC-000864,CMP-NL-001,TXN-000860,bank_to_ledger,reconciled,35475.69,0.00,INR,1,BANK-20260815-000864,2026-08-20,,Kabir Shah,Synthetic reconciliation record.,2026-08-21T17:30:00+05:30
REC-000865,CMP-NL-001,TXN-000867,invoice_to_payout,unreconciled,0.00,50347.55,INR,0,,,reference_mismatch,Asha Nair,Synthetic reconciliation record.,2026-08-19T17:30:00+05:30
REC-000866,CMP-NL-001,TXN-000871,card_to_receipt,unreconciled,0.00,216384.89,INR,0,,,missing_receipt,Rohit Menon,Synthetic reconciliation record.,2026-09-03T17:30:00+05:30
REC-000867,CMP-NL-001,TXN-000881,card_to_receipt,unreconciled,0.00,68141.31,INR,0,,,missing_receipt,Kabir Shah,Synthetic reconciliation record.,2026-08-29T17:30:00+05:30
REC-000868,CMP-NL-001,TXN-000879,invoice_to_payout,reconciled,289492.43,0.00,INR,1,BANK-20260817-000868,2026-08-21,,Asha Nair,Synthetic reconciliation record.,2026-09-03T17:30:00+05:30
REC-000869,CMP-NL-001,TXN-000877,bank_to_ledger,reconciled,174389.47,0.00,INR,1,BANK-20260818-000869,2026-08-18,,Kabir Shah,Synthetic reconciliation record.,2026-09-03T17:30:00+05:30
REC-000870,CMP-NL-001,TXN-000897,invoice_to_payout,reconciled,14004.46,0.00,INR,1,BANK-20260818-000870,2026-08-29,,Rohit Menon,Synthetic reconciliation record.,2026-09-03T17:30:00+05:30
REC-000871,CMP-NL-001,TXN-ANOM-001,bank_to_ledger,unreconciled,0.00,1850000.00,INR,0,,,timing_difference,Asha Nair,Synthetic reconciliation record.,2026-09-03T17:30:00+05:30
REC-000872,CMP-NL-001,TXN-000880,bank_to_ledger,reconciled,181727.34,0.00,INR,1,BANK-20260819-000872,2026-08-31,,Neha Rao,Synthetic reconciliation record.,2026-08-25T17:30:00+05:30
REC-000873,CMP-NL-001,TXN-000895,card_to_receipt,reconciled,23308.48,0.00,INR,1,BANK-20260819-000873,2026-09-03,,Neha Rao,Synthetic reconciliation record.,2026-08-30T17:30:00+05:30
REC-000874,CMP-NL-001,TXN-000874,invoice_to_payout,reconciled,59118.28,0.00,INR,1,BANK-20260820-000874,2026-08-22,,Neha Rao,Synthetic reconciliation record.,2026-08-22T17:30:00+05:30
REC-000875,CMP-NL-001,TXN-000857,invoice_to_payout,reconciled,207484.89,0.00,INR,1,BANK-20260821-000875,2026-08-28,,Neha Rao,Synthetic reconciliation record.,2026-09-03T17:30:00+05:30
REC-000876,CMP-NL-001,TXN-000862,card_to_receipt,reconciled,77411.79,0.00,INR,1,BANK-20260821-000876,2026-09-05,,Rohit Menon,Synthetic reconciliation record.,2026-09-03T17:30:00+05:30
REC-000877,CMP-NL-001,TXN-000864,card_to_receipt,reconciled,40313.52,0.00,INR,1,BANK-20260821-000877,2026-09-02,,Neha Rao,Synthetic reconciliation record.,2026-09-03T17:30:00+05:30
REC-000878,CMP-NL-001,TXN-000894,bank_to_ledger,reconciled,151532.24,0.00,INR,1,BANK-20260821-000878,2026-08-25,,Neha Rao,Synthetic reconciliation record.,2026-09-03T17:30:00+05:30
REC-000879,CMP-NL-001,TXN-000854,invoice_to_payout,reconciled,224774.05,0.00,INR,1,BANK-20260822-000879,2026-08-31,,Neha Rao,Synthetic reconciliation record.,2026-08-29T17:30:00+05:30
REC-000880,CMP-NL-001,TXN-000865,card_to_receipt,reconciled,38539.20,0.00,INR,1,BANK-20260822-000880,2026-08-27,,Kabir Shah,Synthetic reconciliation record.,2026-08-26T17:30:00+05:30
REC-000881,CMP-NL-001,TXN-000887,card_to_receipt,unreconciled,0.00,75080.29,INR,0,,,missing_bank_match,Asha Nair,Synthetic reconciliation record.,2026-08-27T17:30:00+05:30
REC-000882,CMP-NL-001,TXN-000893,bank_to_ledger,reconciled,68669.80,0.00,INR,1,BANK-20260822-000882,2026-09-02,,Kabir Shah,Synthetic reconciliation record.,2026-09-03T17:30:00+05:30
REC-000883,CMP-NL-001,TXN-DUP-001,invoice_to_payout,unreconciled,0.00,245000.00,INR,0,,,missing_bank_match,Rohit Menon,Synthetic reconciliation record.,2026-09-03T17:30:00+05:30
REC-000884,CMP-NL-001,TXN-DUP-002,bank_to_ledger,reconciled,245000.00,0.00,INR,1,BANK-20260822-000884,2026-08-24,,Neha Rao,Synthetic reconciliation record.,2026-09-01T17:30:00+05:30
REC-000885,CMP-NL-001,TXN-000866,invoice_to_payout,unreconciled,0.00,67996.15,INR,0,,,missing_bank_match,Neha Rao,Synthetic reconciliation record.,2026-08-26T17:30:00+05:30
REC-000886,CMP-NL-001,TXN-000883,bank_to_ledger,reconciled,54433.75,0.00,INR,1,BANK-20260823-000886,2026-08-28,,Rohit Menon,Synthetic reconciliation record.,2026-09-03T17:30:00+05:30
REC-000887,CMP-NL-001,TXN-000873,bank_to_ledger,reconciled,34061.65,0.00,INR,1,BANK-20260825-000887,2026-09-02,,Rohit Menon,Synthetic reconciliation record.,2026-09-03T17:30:00+05:30
REC-000888,CMP-NL-001,TXN-000885,invoice_to_payout,reconciled,347353.37,0.00,INR,1,BANK-20260825-000888,2026-09-08,,Rohit Menon,Synthetic reconciliation record.,2026-09-03T17:30:00+05:30
REC-000889,CMP-NL-001,TXN-000886,bank_to_ledger,unreconciled,0.00,88293.77,INR,0,,,missing_bank_match,Asha Nair,Synthetic reconciliation record.,2026-08-28T17:30:00+05:30
REC-000890,CMP-NL-001,TXN-000853,invoice_to_payout,unreconciled,0.00,737101.20,INR,0,,,timing_difference,Kabir Shah,Synthetic reconciliation record.,2026-09-03T17:30:00+05:30
REC-000891,CMP-NL-001,TXN-000900,card_to_receipt,reconciled,124446.31,0.00,INR,1,BANK-20260828-000891,2026-09-01,,Asha Nair,Synthetic reconciliation record.,2026-09-03T17:30:00+05:30
REC-000892,CMP-NL-001,TXN-000901,bank_to_ledger,unreconciled,0.00,67241.44,INR,0,,,missing_bank_match,Asha Nair,Synthetic reconciliation record.,2026-09-03T17:30:00+05:30
REC-000893,CMP-NL-001,TXN-FAIL-001,card_to_receipt,reconciled,88000.00,0.00,INR,1,BANK-20260828-000893,2026-09-06,,Rohit Menon,Synthetic reconciliation record.,2026-09-03T17:30:00+05:30
REC-000894,CMP-NL-001,TXN-000858,invoice_to_payout,reconciled,135741.53,0.00,INR,1,BANK-20260829-000894,2026-08-29,,Asha Nair,Synthetic reconciliation record.,2026-09-03T17:30:00+05:30
REC-000895,CMP-NL-001,TXN-000869,card_to_receipt,reconciled,271304.19,0.00,INR,1,BANK-20260829-000895,2026-09-04,,Rohit Menon,Synthetic reconciliation record.,2026-09-03T17:30:00+05:30
REC-000896,CMP-NL-001,TXN-000878,card_to_receipt,reconciled,85556.66,0.00,INR,1,BANK-20260829-000896,2026-09-09,,Kabir Shah,Synthetic reconciliation record.,2026-09-03T17:30:00+05:30
REC-000897,CMP-NL-001,TXN-000856,bank_to_ledger,reconciled,501118.68,0.00,INR,1,BANK-20260830-000897,2026-09-10,,Kabir Shah,Synthetic reconciliation record.,2026-09-03T17:30:00+05:30
REC-000898,CMP-NL-001,TXN-000889,card_to_receipt,reconciled,57813.04,0.00,INR,1,BANK-20260830-000898,2026-08-31,,Neha Rao,Synthetic reconciliation record.,2026-09-03T17:30:00+05:30
REC-000899,CMP-NL-001,TXN-000891,bank_to_ledger,reconciled,50863.99,0.00,INR,1,BANK-20260830-000899,2026-08-31,,Rohit Menon,Synthetic reconciliation record.,2026-09-03T17:30:00+05:30
REC-000900,CMP-NL-001,TXN-000875,bank_to_ledger,partially_reconciled,259815.45,180942.58,INR,1,BANK-20260901-000900,,amount_mismatch,Kabir Shah,Synthetic reconciliation record.,2026-09-03T17:30:00+05:30
REC-000901,CMP-NL-001,TXN-000923,invoice_to_payout,reconciled,143907.45,0.00,INR,1,BANK-20260901-000901,2026-09-08,,Neha Rao,Synthetic reconciliation record.,2026-09-03T17:30:00+05:30
REC-000902,CMP-NL-001,TXN-000925,card_to_receipt,reconciled,146327.20,0.00,INR,1,BANK-20260901-000902,2026-09-14,,Rohit Menon,Synthetic reconciliation record.,2026-09-03T17:30:00+05:30
REC-000903,CMP-NL-001,TXN-000929,invoice_to_payout,reconciled,195570.78,0.00,INR,1,BANK-20260901-000903,2026-09-05,,Asha Nair,Synthetic reconciliation record.,2026-09-02T17:30:00+05:30
REC-000904,CMP-NL-001,TXN-000930,card_to_receipt,reconciled,132532.13,0.00,INR,1,BANK-20260901-000904,2026-09-05,,Kabir Shah,Synthetic reconciliation record.,2026-09-03T17:30:00+05:30
REC-000905,CMP-NL-001,TXN-000942,card_to_receipt,unreconciled,0.00,420025.42,INR,0,,,reference_mismatch,Kabir Shah,Synthetic reconciliation record.,2026-09-03T17:30:00+05:30
REC-000906,CMP-NL-001,TXN-000945,invoice_to_payout,unreconciled,0.00,107465.61,INR,0,,,timing_difference,Rohit Menon,Synthetic reconciliation record.,2026-09-03T17:30:00+05:30
REC-000907,CMP-NL-001,TXN-000903,bank_to_ledger,reconciled,260207.81,0.00,INR,1,BANK-20260902-000907,2026-09-05,,Rohit Menon,Synthetic reconciliation record.,2026-09-03T17:30:00+05:30
REC-000908,CMP-NL-001,TXN-000908,card_to_receipt,reconciled,483976.06,0.00,INR,1,BANK-20260902-000908,2026-09-07,,Kabir Shah,Synthetic reconciliation record.,2026-09-03T17:30:00+05:30
REC-000909,CMP-NL-001,TXN-000937,card_to_receipt,reconciled,92051.00,0.00,INR,1,BANK-20260902-000909,2026-09-07,,Asha Nair,Synthetic reconciliation record.,2026-09-03T17:30:00+05:30
REC-000910,CMP-NL-001,TXN-000939,bank_to_ledger,reconciled,144194.50,0.00,INR,1,BANK-20260902-000910,2026-09-04,,Asha Nair,Synthetic reconciliation record.,2026-09-03T17:30:00+05:30
REC-000911,CMP-NL-001,TXN-000940,card_to_receipt,reconciled,77933.36,0.00,INR,1,BANK-20260902-000911,2026-09-09,,Neha Rao,Synthetic reconciliation record.,2026-09-03T17:30:00+05:30
REC-000912,CMP-NL-001,TXN-PEND-001,invoice_to_payout,unreconciled,0.00,275000.00,INR,0,,,timing_difference,Asha Nair,Synthetic reconciliation record.,2026-09-03T17:30:00+05:30
REC-000913,CMP-NL-001,TXN-000904,bank_to_ledger,unreconciled,0.00,335233.18,INR,0,,,missing_receipt,Neha Rao,Synthetic reconciliation record.,2026-09-03T17:30:00+05:30
REC-000914,CMP-NL-001,TXN-000905,invoice_to_payout,reconciled,130673.82,0.00,INR,1,BANK-20260903-000914,2026-09-09,,Asha Nair,Synthetic reconciliation record.,2026-09-03T17:30:00+05:30
REC-000915,CMP-NL-001,TXN-000906,invoice_to_payout,unreconciled,0.00,133233.45,INR,0,,,missing_bank_match,Kabir Shah,Synthetic reconciliation record.,2026-09-03T17:30:00+05:30
REC-000916,CMP-NL-001,TXN-000907,bank_to_ledger,reconciled,221890.82,0.00,INR,1,BANK-20260903-000916,2026-09-09,,Neha Rao,Synthetic reconciliation record.,2026-09-03T17:30:00+05:30
REC-000917,CMP-NL-001,TXN-000909,bank_to_ledger,reconciled,132265.62,0.00,INR,1,BANK-20260903-000917,2026-09-05,,Neha Rao,Synthetic reconciliation record.,2026-09-03T17:30:00+05:30
REC-000918,CMP-NL-001,TXN-000910,invoice_to_payout,reconciled,61110.54,0.00,INR,1,BANK-20260903-000918,2026-09-10,,Neha Rao,Synthetic reconciliation record.,2026-09-03T17:30:00+05:30
REC-000919,CMP-NL-001,TXN-000911,bank_to_ledger,unreconciled,0.00,87123.78,INR,0,,,reference_mismatch,Asha Nair,Synthetic reconciliation record.,2026-09-03T17:30:00+05:30
REC-000920,CMP-NL-001,TXN-000912,invoice_to_payout,reconciled,53248.03,0.00,INR,1,BANK-20260903-000920,2026-09-09,,Asha Nair,Synthetic reconciliation record.,2026-09-03T17:30:00+05:30
REC-000921,CMP-NL-001,TXN-000913,card_to_receipt,reconciled,39283.43,0.00,INR,1,BANK-20260903-000921,2026-09-15,,Neha Rao,Synthetic reconciliation record.,2026-09-03T17:30:00+05:30
REC-000922,CMP-NL-001,TXN-000914,bank_to_ledger,unreconciled,0.00,49574.75,INR,0,,,missing_bank_match,Asha Nair,Synthetic reconciliation record.,2026-09-03T17:30:00+05:30
REC-000923,CMP-NL-001,TXN-000915,bank_to_ledger,unreconciled,0.00,28708.04,INR,0,,,missing_receipt,Neha Rao,Synthetic reconciliation record.,2026-09-03T17:30:00+05:30
REC-000924,CMP-NL-001,TXN-000916,bank_to_ledger,reconciled,52402.74,0.00,INR,1,BANK-20260903-000924,2026-09-07,,Neha Rao,Synthetic reconciliation record.,2026-09-03T17:30:00+05:30
REC-000925,CMP-NL-001,TXN-000917,card_to_receipt,reconciled,73646.43,0.00,INR,1,BANK-20260903-000925,2026-09-15,,Asha Nair,Synthetic reconciliation record.,2026-09-03T17:30:00+05:30
REC-000926,CMP-NL-001,TXN-000918,bank_to_ledger,reconciled,47479.57,0.00,INR,1,BANK-20260903-000926,2026-09-06,,Rohit Menon,Synthetic reconciliation record.,2026-09-03T17:30:00+05:30
REC-000927,CMP-NL-001,TXN-000919,card_to_receipt,reconciled,47323.29,0.00,INR,1,BANK-20260903-000927,2026-09-15,,Kabir Shah,Synthetic reconciliation record.,2026-09-03T17:30:00+05:30
REC-000928,CMP-NL-001,TXN-000920,invoice_to_payout,reconciled,69291.01,0.00,INR,1,BANK-20260903-000928,2026-09-12,,Neha Rao,Synthetic reconciliation record.,2026-09-03T17:30:00+05:30
REC-000929,CMP-NL-001,TXN-000921,card_to_receipt,reconciled,121986.21,0.00,INR,1,BANK-20260903-000929,2026-09-14,,Kabir Shah,Synthetic reconciliation record.,2026-09-03T17:30:00+05:30
REC-000930,CMP-NL-001,TXN-000922,invoice_to_payout,unreconciled,0.00,156964.97,INR,0,,,timing_difference,Asha Nair,Synthetic reconciliation record.,2026-09-03T17:30:00+05:30
REC-000931,CMP-NL-001,TXN-000924,bank_to_ledger,reconciled,106770.53,0.00,INR,1,BANK-20260903-000931,2026-09-18,,Neha Rao,Synthetic reconciliation record.,2026-09-03T17:30:00+05:30
REC-000932,CMP-NL-001,TXN-000926,bank_to_ledger,unreconciled,0.00,126206.21,INR,0,,,missing_bank_match,Kabir Shah,Synthetic reconciliation record.,2026-09-03T17:30:00+05:30
REC-000933,CMP-NL-001,TXN-000927,card_to_receipt,reconciled,178039.49,0.00,INR,1,BANK-20260903-000933,2026-09-12,,Neha Rao,Synthetic reconciliation record.,2026-09-03T17:30:00+05:30
REC-000934,CMP-NL-001,TXN-000928,card_to_receipt,unreconciled,0.00,2053603.43,INR,0,,,missing_bank_match,Asha Nair,Synthetic reconciliation record.,2026-09-03T17:30:00+05:30
REC-000935,CMP-NL-001,TXN-000931,card_to_receipt,unreconciled,0.00,81720.51,INR,0,,,reference_mismatch,Kabir Shah,Synthetic reconciliation record.,2026-09-03T17:30:00+05:30
REC-000936,CMP-NL-001,TXN-000932,bank_to_ledger,partially_reconciled,19880.68,21096.49,INR,1,BANK-20260903-000936,,amount_mismatch,Kabir Shah,Synthetic reconciliation record.,2026-09-03T17:30:00+05:30
REC-000937,CMP-NL-001,TXN-000933,invoice_to_payout,reconciled,25806.29,0.00,INR,1,BANK-20260903-000937,2026-09-07,,Asha Nair,Synthetic reconciliation record.,2026-09-03T17:30:00+05:30
REC-000938,CMP-NL-001,TXN-000934,card_to_receipt,reconciled,65083.25,0.00,INR,1,BANK-20260903-000938,2026-09-11,,Rohit Menon,Synthetic reconciliation record.,2026-09-03T17:30:00+05:30
REC-000939,CMP-NL-001,TXN-000935,invoice_to_payout,reconciled,879503.69,0.00,INR,1,BANK-20260903-000939,2026-09-18,,Rohit Menon,Synthetic reconciliation record.,2026-09-03T17:30:00+05:30
REC-000940,CMP-NL-001,TXN-000936,bank_to_ledger,unreconciled,0.00,176721.68,INR,0,,,missing_receipt,Neha Rao,Synthetic reconciliation record.,2026-09-03T17:30:00+05:30
REC-000941,CMP-NL-001,TXN-000938,card_to_receipt,reconciled,28184.58,0.00,INR,1,BANK-20260903-000941,2026-09-04,,Neha Rao,Synthetic reconciliation record.,2026-09-03T17:30:00+05:30
REC-000942,CMP-NL-001,TXN-000941,invoice_to_payout,unreconciled,0.00,404310.20,INR,0,,,timing_difference,Rohit Menon,Synthetic reconciliation record.,2026-09-03T17:30:00+05:30
REC-000943,CMP-NL-001,TXN-000943,bank_to_ledger,reconciled,118516.38,0.00,INR,1,BANK-20260903-000943,2026-09-03,,Neha Rao,Synthetic reconciliation record.,2026-09-03T17:30:00+05:30
REC-000944,CMP-NL-001,TXN-000944,invoice_to_payout,unreconciled,0.00,164568.97,INR,0,,,missing_receipt,Neha Rao,Synthetic reconciliation record.,2026-09-03T17:30:00+05:30
REC-000945,CMP-NL-001,TXN-000946,invoice_to_payout,reconciled,122241.41,0.00,INR,1,BANK-20260903-000945,2026-09-18,,Asha Nair,Synthetic reconciliation record.,2026-09-03T17:30:00+05:30
REC-000946,CMP-NL-001,TXN-000947,card_to_receipt,unreconciled,0.00,52690.01,INR,0,,,reference_mismatch,Kabir Shah,Synthetic reconciliation record.,2026-09-03T17:30:00+05:30
REC-000947,CMP-NL-001,TXN-000948,invoice_to_payout,reconciled,41578.54,0.00,INR,1,BANK-20260903-000947,2026-09-06,,Asha Nair,Synthetic reconciliation record.,2026-09-03T17:30:00+05:30
REC-000948,CMP-NL-001,TXN-000949,card_to_receipt,reconciled,64686.68,0.00,INR,1,BANK-20260903-000948,2026-09-17,,Asha Nair,Synthetic reconciliation record.,2026-09-03T17:30:00+05:30
REC-000949,CMP-NL-001,TXN-000950,bank_to_ledger,reconciled,39547.08,0.00,INR,1,BANK-20260903-000949,2026-09-05,,Neha Rao,Synthetic reconciliation record.,2026-09-03T17:30:00+05:30
REC-000950,CMP-NL-001,TXN-000951,card_to_receipt,reconciled,159735.28,0.00,INR,1,BANK-20260903-000950,2026-09-18,,Asha Nair,Synthetic reconciliation record.,2026-09-03T17:30:00+05:30
REC-000951,CMP-NL-001,TXN-000952,invoice_to_payout,reconciled,85245.04,0.00,INR,1,BANK-20260903-000951,2026-09-12,,Neha Rao,Synthetic reconciliation record.,2026-09-03T17:30:00+05:30
REC-000952,CMP-NL-001,TXN-000953,card_to_receipt,reconciled,292697.91,0.00,INR,1,BANK-20260903-000952,2026-09-16,,Asha Nair,Synthetic reconciliation record.,2026-09-03T17:30:00+05:30
REC-000953,CMP-NL-001,TXN-000954,card_to_receipt,reconciled,47512.08,0.00,INR,1,BANK-20260903-000953,2026-09-14,,Kabir Shah,Synthetic reconciliation record.,2026-09-03T17:30:00+05:30
REC-000954,CMP-NL-001,TXN-000955,bank_to_ledger,reconciled,52776.30,0.00,INR,1,BANK-20260903-000954,2026-09-15,,Asha Nair,Synthetic reconciliation record.,2026-09-03T17:30:00+05:30
REC-000955,CMP-NL-001,TXN-000956,bank_to_ledger,reconciled,125785.89,0.00,INR,1,BANK-20260903-000955,2026-09-03,,Neha Rao,Synthetic reconciliation record.,2026-09-03T17:30:00+05:30
REC-000956,CMP-NL-001,TXN-000957,bank_to_ledger,reconciled,66195.97,0.00,INR,1,BANK-20260903-000956,2026-09-16,,Rohit Menon,Synthetic reconciliation record.,2026-09-03T17:30:00+05:30
REC-000957,CMP-NL-001,TXN-000958,card_to_receipt,partially_reconciled,55462.45,22088.35,INR,1,BANK-20260903-000957,,amount_mismatch,Neha Rao,Synthetic reconciliation record.,2026-09-03T17:30:00+05:30
