payout_id,company_id,vendor_id,invoice_transaction_id,scheduled_date,payout_date,payout_status,gross_amount,fee_amount,net_cash_outflow,currency,payment_method,bank_reference,invoice_reference,failure_reason,source_system,created_at
PAY-000011,CMP-NL-001,V0011,TXN-000013,2025-04-02,2025-04-05,completed,21849.22,28.80,21878.02,INR,IMPS,UTR-250405-000011,INV-V0011-2504-1309,,AP Automation,2025-04-02T10:00:00+05:30
PAY-000022,CMP-NL-001,V0019,TXN-000024,2025-04-14,2025-04-05,completed,83004.93,118.38,83123.31,INR,IMPS,UTR-250405-000022,INV-V0019-2504-5523,,AP Automation,2025-04-02T10:00:00+05:30
PAY-000014,CMP-NL-001,V0014,TXN-000016,2025-05-09,2025-04-12,completed,122499.06,69.35,122568.41,INR,NEFT,UTR-250412-000014,INV-V0014-2504-8824,,AP Automation,2025-04-10T10:00:00+05:30
PAY-000030,CMP-NL-001,V0025,TXN-000032,2025-05-04,2025-04-13,completed,67059.03,76.18,67135.21,INR,UPI,UTR-250413-000030,INV-V0025-2504-6148,,AP Automation,2025-04-05T10:00:00+05:30
PAY-000005,CMP-NL-001,V0007,TXN-000006,2025-04-18,2025-04-15,completed,96521.27,108.19,96629.46,INR,ACH,UTR-250415-000005,INV-V0007-2504-5138,,AP Automation,2025-04-03T10:00:00+05:30
PAY-000024,CMP-NL-001,V0020,TXN-000026,2025-05-06,2025-04-15,completed,85803.24,105.01,85908.25,INR,ACH,UTR-250415-000024,INV-V0020-2504-1052,,AP Automation,2025-04-06T10:00:00+05:30
PAY-000006,CMP-NL-001,V0007,TXN-000007,2025-04-24,2025-04-18,completed,63343.23,77.79,63421.02,INR,IMPS,UTR-250418-000006,INV-V0007-2504-1419,,AP Automation,2025-04-11T10:00:00+05:30
PAY-000019,CMP-NL-001,V0017,TXN-000021,2025-04-10,2025-04-19,completed,140472.25,121.13,140593.38,INR,UPI,UTR-250419-000019,INV-V0017-2504-1749,,AP Automation,2025-04-10T10:00:00+05:30
PAY-000047,CMP-NL-001,V0047,TXN-000049,2025-04-22,2025-04-19,completed,55657.48,73.79,55731.27,INR,Corporate Card,UTR-250419-000047,INV-V0047-2504-6595,,AP Automation,2025-04-15T10:00:00+05:30
PAY-000048,CMP-NL-001,V0050,TXN-000050,2025-05-28,2025-04-20,completed,21656.01,19.64,21675.65,INR,ACH,UTR-250420-000048,INV-V0050-2504-1813,,AP Automation,2025-04-13T10:00:00+05:30
PAY-000007,CMP-NL-001,V0008,TXN-000008,2025-05-13,2025-04-22,completed,85618.67,122.42,85741.09,INR,RTGS,UTR-250422-000007,INV-V0008-2504-5305,,AP Automation,2025-04-14T10:00:00+05:30
PAY-000010,CMP-NL-001,V0010,TXN-000011,2025-06-01,2025-04-22,completed,34438.45,20.44,34458.89,INR,Corporate Card,UTR-250422-000010,INV-V0010-2504-7047,,AP Automation,2025-04-19T10:00:00+05:30
PAY-000025,CMP-NL-001,V0021,TXN-000027,2025-04-20,2025-04-23,completed,440799.99,413.88,441213.87,INR,IMPS,UTR-250423-000025,INV-V0021-2504-1068,,AP Automation,2025-04-20T10:00:00+05:30
PAY-000033,CMP-NL-001,V0027,TXN-000035,2025-04-18,2025-04-23,completed,623422.78,320.72,623743.50,INR,IMPS,UTR-250423-000033,INV-V0027-2504-9742,,AP Automation,2025-04-14T10:00:00+05:30
PAY-000036,CMP-NL-001,V0032,TXN-000038,2025-04-30,2025-04-23,completed,54068.10,30.73,54098.83,INR,NEFT,UTR-250423-000036,INV-V0032-2504-7873,,AP Automation,2025-04-01T10:00:00+05:30
PAY-000042,CMP-NL-001,V0042,TXN-000044,2025-04-13,2025-04-23,completed,30747.02,6.76,30753.78,INR,Corporate Card,UTR-250423-000042,INV-V0042-2504-8630,,AP Automation,2025-04-07T10:00:00+05:30
PAY-000049,CMP-NL-001,V0050,TXN-000051,2025-05-24,2025-04-24,completed,41736.39,28.92,41765.31,INR,ACH,UTR-250424-000049,INV-V0050-2504-6075,,AP Automation,2025-04-11T10:00:00+05:30
PAY-000020,CMP-NL-001,V0018,TXN-000022,2025-06-02,2025-04-25,reversed,44680.45,0.00,0.00,INR,IMPS,UTR-250425-000020,INV-V0018-2504-2810,,AP Automation,2025-04-18T10:00:00+05:30
PAY-000041,CMP-NL-001,V0039,TXN-000043,2025-05-18,2025-04-25,completed,126353.50,149.09,126502.59,INR,ACH,UTR-250425-000041,INV-V0039-2504-2672,,AP Automation,2025-04-18T10:00:00+05:30
PAY-000055,CMP-NL-001,V0056,TXN-000057,2025-05-30,2025-04-25,completed,19760.59,14.93,19775.52,INR,UPI,UTR-250425-000055,INV-V0056-2504-5116,,AP Automation,2025-04-16T10:00:00+05:30
PAY-000009,CMP-NL-001,V0010,TXN-000010,2025-05-16,2025-04-26,completed,45226.06,47.10,45273.16,INR,ACH,UTR-250426-000009,INV-V0010-2504-3452,,AP Automation,2025-04-02T10:00:00+05:30
PAY-000035,CMP-NL-001,V0029,TXN-000037,2025-05-18,2025-04-26,completed,217714.45,271.36,217985.81,INR,UPI,UTR-250426-000035,INV-V0029-2504-7806,,AP Automation,2025-04-21T10:00:00+05:30
PAY-000034,CMP-NL-001,V0028,TXN-000036,2025-04-28,2025-04-27,completed,236946.86,234.57,237181.43,INR,Corporate Card,UTR-250427-000034,INV-V0028-2504-2906,,AP Automation,2025-04-21T10:00:00+05:30
PAY-000040,CMP-NL-001,V0038,TXN-000042,2025-05-07,2025-04-27,completed,830645.24,686.24,831331.48,INR,IMPS,UTR-250427-000040,INV-V0038-2504-4347,,AP Automation,2025-04-10T10:00:00+05:30
PAY-000012,CMP-NL-001,V0012,TXN-000014,2025-04-27,2025-04-28,completed,92657.70,93.72,92751.42,INR,ACH,UTR-250428-000012,INV-V0012-2504-4234,,AP Automation,2025-04-20T10:00:00+05:30
PAY-000016,CMP-NL-001,V0016,TXN-000018,2025-05-20,2025-04-28,completed,226807.70,227.57,227035.27,INR,IMPS,UTR-250428-000016,INV-V0016-2504-1440,,AP Automation,2025-04-20T10:00:00+05:30
PAY-000021,CMP-NL-001,V0018,TXN-000023,2025-05-25,2025-04-29,completed,54571.70,51.92,54623.62,INR,NEFT,UTR-250429-000021,INV-V0018-2504-5043,,AP Automation,2025-04-11T10:00:00+05:30
PAY-000031,CMP-NL-001,V0026,TXN-000033,2025-05-20,2025-04-30,completed,169205.22,130.74,169335.96,INR,RTGS,UTR-250430-000031,INV-V0026-2504-2717,,AP Automation,2025-04-08T10:00:00+05:30
PAY-000001,CMP-NL-001,V0001,TXN-000001,2025-04-15,2025-05-01,completed,178413.82,119.82,178533.64,INR,ACH,UTR-250501-000001,INV-V0001-2504-1317,,AP Automation,2025-04-15T10:00:00+05:30
PAY-000043,CMP-NL-001,V0042,TXN-000045,2025-04-20,2025-05-01,completed,17600.27,24.98,17625.25,INR,IMPS,UTR-250501-000043,INV-V0042-2504-9068,,AP Automation,2025-04-15T10:00:00+05:30
PAY-000028,CMP-NL-001,V0023,TXN-000030,2025-05-30,2025-05-02,completed,96124.82,85.36,96210.18,INR,ACH,UTR-250502-000028,INV-V0023-2504-8676,,AP Automation,2025-04-30T10:00:00+05:30
PAY-000017,CMP-NL-001,V0016,TXN-000019,2025-05-09,2025-05-03,completed,114164.39,136.53,114300.92,INR,RTGS,UTR-250503-000017,INV-V0016-2504-9435,,AP Automation,2025-04-11T10:00:00+05:30
PAY-000027,CMP-NL-001,V0022,TXN-000029,2025-05-13,2025-05-03,completed,191484.81,141.14,191625.95,INR,Corporate Card,UTR-250503-000027,INV-V0022-2504-8155,,AP Automation,2025-04-14T10:00:00+05:30
PAY-000051,CMP-NL-001,V0052,TXN-000053,2025-04-23,2025-05-03,completed,21124.34,18.74,21143.08,INR,Corporate Card,UTR-250503-000051,INV-V0052-2504-7988,,AP Automation,2025-04-18T10:00:00+05:30
PAY-000052,CMP-NL-001,V0054,TXN-000054,2025-04-28,2025-05-03,completed,176063.13,204.64,176267.77,INR,UPI,UTR-250503-000052,INV-V0054-2504-1277,,AP Automation,2025-04-28T10:00:00+05:30
PAY-000003,CMP-NL-001,V0005,TXN-000004,2025-05-07,2025-05-04,completed,386166.58,574.13,386740.71,INR,Corporate Card,UTR-250504-000003,INV-V0005-2504-1298,,AP Automation,2025-04-30T10:00:00+05:30
PAY-000023,CMP-NL-001,V0019,TXN-000025,2025-05-03,2025-05-05,completed,66025.21,25.45,66050.66,INR,ACH,UTR-250505-000023,INV-V0019-2504-8152,,AP Automation,2025-04-18T10:00:00+05:30
PAY-000044,CMP-NL-001,V0043,TXN-000046,2025-04-28,2025-05-05,completed,94843.17,43.51,94886.68,INR,UPI,UTR-250505-000044,INV-V0043-2504-8620,,AP Automation,2025-04-28T10:00:00+05:30
PAY-000008,CMP-NL-001,V0009,TXN-000009,2025-05-16,2025-05-06,completed,120660.54,87.15,120747.69,INR,RTGS,UTR-250506-000008,INV-V0009-2504-4097,,AP Automation,2025-05-03T10:00:00+05:30
PAY-000087,CMP-NL-001,V0026,TXN-000091,2025-06-17,2025-05-06,completed,253752.49,124.87,253877.36,INR,RTGS,UTR-250506-000087,INV-V0026-2505-7069,,AP Automation,2025-05-05T10:00:00+05:30
PAY-000037,CMP-NL-001,V0032,TXN-000039,2025-05-30,2025-05-07,completed,52183.58,39.78,52223.36,INR,IMPS,UTR-250507-000037,INV-V0032-2504-3102,,AP Automation,2025-05-01T10:00:00+05:30
PAY-000038,CMP-NL-001,V0037,TXN-000040,2025-05-08,2025-05-07,completed,276242.86,89.99,276332.85,INR,Corporate Card,UTR-250507-000038,INV-V0037-2504-6079,,AP Automation,2025-05-02T10:00:00+05:30
PAY-000054,CMP-NL-001,V0056,TXN-000056,2025-06-13,2025-05-07,completed,16487.62,6.55,16494.17,INR,NEFT,UTR-250507-000054,INV-V0056-2504-8854,,AP Automation,2025-04-29T10:00:00+05:30
PAY-000013,CMP-NL-001,V0013,TXN-000015,2025-05-13,2025-05-08,completed,28274.95,42.01,28316.96,INR,Corporate Card,UTR-250508-000013,INV-V0013-2504-2039,,AP Automation,2025-04-29T10:00:00+05:30
PAY-000032,CMP-NL-001,V0026,TXN-000034,2025-05-31,2025-05-09,completed,414545.12,456.98,415002.10,INR,Corporate Card,UTR-250509-000032,INV-V0026-2504-2802,,AP Automation,2025-04-18T10:00:00+05:30
PAY-000045,CMP-NL-001,V0044,TXN-000047,2025-04-18,2025-05-09,completed,70915.18,23.62,70938.80,INR,IMPS,UTR-250509-000045,INV-V0044-2504-2798,,AP Automation,2025-04-18T10:00:00+05:30
PAY-000086,CMP-NL-001,V0026,TXN-000090,2025-06-13,2025-05-11,completed,334204.95,84.77,334289.72,INR,IMPS,UTR-250511-000086,INV-V0026-2505-1586,,AP Automation,2025-05-02T10:00:00+05:30
PAY-000095,CMP-NL-001,V0038,TXN-000100,2025-06-01,2025-05-11,completed,421480.40,532.79,422013.19,INR,NEFT,UTR-250511-000095,INV-V0038-2505-9008,,AP Automation,2025-05-04T10:00:00+05:30
PAY-000057,CMP-NL-001,V0001,TXN-000059,2025-05-11,2025-05-12,completed,224744.86,284.70,225029.56,INR,UPI,UTR-250512-000057,INV-V0001-2505-3655,,AP Automation,2025-05-11T10:00:00+05:30
PAY-000063,CMP-NL-001,V0008,TXN-000066,2025-06-02,2025-05-12,completed,199692.83,182.91,199875.74,INR,UPI,UTR-250512-000063,INV-V0008-2505-1107,,AP Automation,2025-05-03T10:00:00+05:30
PAY-000098,CMP-NL-001,V0042,TXN-000103,2025-05-11,2025-05-13,completed,8925.85,6.75,8932.60,INR,RTGS,UTR-250513-000098,INV-V0042-2505-7013,,AP Automation,2025-05-06T10:00:00+05:30
PAY-000029,CMP-NL-001,V0024,TXN-000031,2025-05-14,2025-05-14,completed,206519.80,46.97,206566.77,INR,RTGS,UTR-250514-000029,INV-V0024-2504-7002,,AP Automation,2025-05-01T10:00:00+05:30
PAY-000046,CMP-NL-001,V0044,TXN-000048,2025-04-29,2025-05-14,completed,139168.74,194.45,139363.19,INR,NEFT,UTR-250514-000046,INV-V0044-2504-7587,,AP Automation,2025-04-29T10:00:00+05:30
PAY-000083,CMP-NL-001,V0023,TXN-000087,2025-06-09,2025-05-16,completed,114641.20,27.45,114668.65,INR,IMPS,UTR-250516-000083,INV-V0023-2505-9641,,AP Automation,2025-05-13T10:00:00+05:30
PAY-000004,CMP-NL-001,V0006,TXN-000005,2025-05-12,2025-05-18,completed,470122.99,350.86,470473.85,INR,IMPS,UTR-250518-000004,INV-V0006-2504-7199,,AP Automation,2025-04-30T10:00:00+05:30
PAY-000039,CMP-NL-001,V0037,TXN-000041,2025-05-01,2025-05-19,completed,172742.33,129.45,172871.78,INR,UPI,UTR-250519-000039,INV-V0037-2504-6830,,AP Automation,2025-04-25T10:00:00+05:30
PAY-000015,CMP-NL-001,V0015,TXN-000017,2025-04-27,2025-05-20,completed,146808.77,207.66,147016.43,INR,IMPS,UTR-250520-000015,INV-V0015-2504-4006,,AP Automation,2025-04-27T10:00:00+05:30
PAY-000018,CMP-NL-001,V0017,TXN-000020,2025-04-26,2025-05-20,completed,66445.65,41.08,66486.73,INR,RTGS,UTR-250520-000018,INV-V0017-2504-4158,,AP Automation,2025-04-26T10:00:00+05:30
PAY-000026,CMP-NL-001,V0022,TXN-000028,2025-05-30,2025-05-20,completed,340247.85,480.73,340728.58,INR,NEFT,UTR-250520-000026,INV-V0022-2504-8935,,AP Automation,2025-05-01T10:00:00+05:30
PAY-000084,CMP-NL-001,V0024,TXN-000088,2025-05-21,2025-05-20,completed,79357.22,76.53,79433.75,INR,ACH,UTR-250520-000084,INV-V0024-2505-7278,,AP Automation,2025-05-06T10:00:00+05:30
PAY-000088,CMP-NL-001,V0028,TXN-000092,2025-05-11,2025-05-20,completed,187071.70,272.46,187344.16,INR,UPI,UTR-250520-000088,INV-V0028-2505-8167,,AP Automation,2025-05-07T10:00:00+05:30
PAY-000053,CMP-NL-001,V0055,TXN-000055,2025-05-13,2025-05-21,completed,109658.84,124.27,109783.11,INR,Corporate Card,UTR-250521-000053,INV-V0055-2504-4588,,AP Automation,2025-04-30T10:00:00+05:30
PAY-000002,CMP-NL-001,V0004,TXN-000003,2025-05-08,2025-05-22,completed,343287.49,130.28,343417.77,INR,RTGS,UTR-250522-000002,INV-V0004-2504-6871,,AP Automation,2025-05-01T10:00:00+05:30
PAY-000050,CMP-NL-001,V0051,TXN-000052,2025-05-05,2025-05-23,reversed,27698.68,0.00,0.00,INR,Corporate Card,UTR-250523-000050,INV-V0051-2504-4223,,AP Automation,2025-04-30T10:00:00+05:30
PAY-000081,CMP-NL-001,V0021,TXN-000085,2025-05-16,2025-05-23,completed,973996.88,1225.19,975222.07,INR,RTGS,UTR-250523-000081,INV-V0021-2505-7219,,AP Automation,2025-05-16T10:00:00+05:30
PAY-000096,CMP-NL-001,V0042,TXN-000101,2025-05-21,2025-05-23,completed,18471.12,8.81,18479.93,INR,ACH,UTR-250523-000096,INV-V0042-2505-2122,,AP Automation,2025-05-16T10:00:00+05:30
PAY-000077,CMP-NL-001,V0018,TXN-000081,2025-07-04,2025-05-24,failed,72938.49,0.00,0.00,INR,UPI,UTR-250524-000077,INV-V0018-2505-5339,Daily payment limit exceeded,AP Automation,2025-05-20T10:00:00+05:30
PAY-000079,CMP-NL-001,V0019,TXN-000083,2025-05-15,2025-05-24,reversed,124051.20,0.00,0.00,INR,UPI,UTR-250524-000079,INV-V0019-2505-6680,,AP Automation,2025-05-02T10:00:00+05:30
PAY-000073,CMP-NL-001,V0015,TXN-000077,2025-05-11,2025-05-25,completed,206677.24,241.61,206918.85,INR,RTGS,UTR-250525-000073,INV-V0015-2505-9541,,AP Automation,2025-05-11T10:00:00+05:30
PAY-000101,CMP-NL-001,V0045,TXN-000107,2025-05-18,2025-05-25,completed,77781.53,33.22,77814.75,INR,RTGS,UTR-250525-000101,INV-V0045-2505-3941,,AP Automation,2025-05-04T10:00:00+05:30
PAY-000058,CMP-NL-001,V0003,TXN-000060,2025-06-24,2025-05-27,completed,629910.09,481.18,630391.27,INR,RTGS,UTR-250527-000058,INV-V0003-2505-3465,,AP Automation,2025-05-11T10:00:00+05:30
PAY-000069,CMP-NL-001,V0013,TXN-000072,2025-06-12,2025-05-29,completed,19398.07,17.05,19415.12,INR,IMPS,UTR-250529-000069,INV-V0013-2505-1595,,AP Automation,2025-05-29T10:00:00+05:30
PAY-000078,CMP-NL-001,V0019,TXN-000082,2025-05-21,2025-05-29,completed,61332.84,71.45,61404.29,INR,IMPS,UTR-250529-000078,INV-V0019-2505-6378,,AP Automation,2025-05-06T10:00:00+05:30
PAY-000104,CMP-NL-001,V0055,TXN-000110,2025-05-21,2025-05-30,completed,91457.16,77.28,91534.44,INR,RTGS,UTR-250530-000104,INV-V0055-2505-3081,,AP Automation,2025-05-08T10:00:00+05:30
PAY-000065,CMP-NL-001,V0010,TXN-000068,2025-06-22,2025-06-02,completed,96760.53,102.09,96862.62,INR,UPI,UTR-250602-000065,INV-V0010-2505-7168,,AP Automation,2025-05-09T10:00:00+05:30
PAY-000070,CMP-NL-001,V0013,TXN-000073,2025-06-02,2025-06-02,completed,21377.35,18.37,21395.72,INR,NEFT,UTR-250602-000070,INV-V0013-2505-8240,,AP Automation,2025-05-20T10:00:00+05:30
PAY-000074,CMP-NL-001,V0016,TXN-000078,2025-06-30,2025-06-02,completed,246878.02,131.23,247009.25,INR,NEFT,UTR-250602-000074,INV-V0016-2505-7654,,AP Automation,2025-06-01T10:00:00+05:30
PAY-000072,CMP-NL-001,V0014,TXN-000076,2025-06-24,2025-06-03,completed,110785.02,134.87,110919.89,INR,NEFT,UTR-250603-000072,INV-V0014-2505-1707,,AP Automation,2025-05-25T10:00:00+05:30
PAY-000076,CMP-NL-001,V0018,TXN-000080,2025-07-04,2025-06-03,completed,69470.29,60.43,69530.72,INR,Corporate Card,UTR-250603-000076,INV-V0018-2505-6194,,AP Automation,2025-05-21T10:00:00+05:30
PAY-000091,CMP-NL-001,V0030,TXN-000095,2025-05-11,2025-06-03,completed,85669.56,46.36,85715.92,INR,UPI,UTR-250603-000091,INV-V0030-2505-2756,,AP Automation,2025-05-11T10:00:00+05:30
PAY-000125,CMP-NL-001,V0019,TXN-000133,2025-06-16,2025-06-03,completed,99282.82,127.01,99409.83,INR,RTGS,UTR-250603-000125,INV-V0019-2506-1173,,AP Automation,2025-06-01T10:00:00+05:30
PAY-000056,CMP-NL-001,V0001,TXN-000058,2025-05-21,2025-06-04,completed,152610.33,62.11,152672.44,INR,UPI,UTR-250604-000056,INV-V0001-2505-8961,,AP Automation,2025-05-21T10:00:00+05:30
PAY-000066,CMP-NL-001,V0011,TXN-000069,2025-05-23,2025-06-04,reversed,43560.65,0.00,0.00,INR,UPI,UTR-250604-000066,INV-V0011-2505-9090,,AP Automation,2025-05-23T10:00:00+05:30
PAY-000068,CMP-NL-001,V0012,TXN-000071,2025-05-28,2025-06-04,completed,94580.77,33.82,94614.59,INR,NEFT,UTR-250604-000068,INV-V0012-2505-5490,,AP Automation,2025-05-21T10:00:00+05:30
PAY-000097,CMP-NL-001,V0042,TXN-000102,2025-05-28,2025-06-04,completed,17075.61,13.36,17088.97,INR,ACH,UTR-250604-000097,INV-V0042-2505-4686,,AP Automation,2025-05-23T10:00:00+05:30
PAY-000102,CMP-NL-001,V0050,TXN-000108,2025-06-30,2025-06-04,completed,42266.68,21.30,42287.98,INR,NEFT,UTR-250604-000102,INV-V0050-2505-7961,,AP Automation,2025-05-18T10:00:00+05:30
PAY-000080,CMP-NL-001,V0020,TXN-000084,2025-06-11,2025-06-05,completed,101080.83,100.56,101181.39,INR,ACH,UTR-250605-000080,INV-V0020-2505-5203,,AP Automation,2025-05-14T10:00:00+05:30
PAY-000062,CMP-NL-001,V0007,TXN-000065,2025-06-09,2025-06-06,completed,148439.83,197.19,148637.02,INR,IMPS,UTR-250606-000062,INV-V0007-2505-8493,,AP Automation,2025-05-26T10:00:00+05:30
PAY-000093,CMP-NL-001,V0036,TXN-000098,2025-05-14,2025-06-06,completed,91445.32,42.66,91487.98,INR,RTGS,UTR-250606-000093,INV-V0036-2505-4137,,AP Automation,2025-05-14T10:00:00+05:30
PAY-000075,CMP-NL-001,V0017,TXN-000079,2025-05-31,2025-06-07,completed,50733.01,55.59,50788.60,INR,Corporate Card,UTR-250607-000075,INV-V0017-2505-1692,,AP Automation,2025-05-31T10:00:00+05:30
PAY-000064,CMP-NL-001,V0009,TXN-000067,2025-06-12,2025-06-08,completed,119361.59,174.74,119536.33,INR,ACH,UTR-250608-000064,INV-V0009-2505-5088,,AP Automation,2025-05-30T10:00:00+05:30
PAY-000071,CMP-NL-001,V0013,TXN-000074,2025-06-09,2025-06-08,completed,8151.66,10.10,8161.76,INR,ACH,UTR-250608-000071,INV-V0013-2505-1736,,AP Automation,2025-05-28T10:00:00+05:30
PAY-000094,CMP-NL-001,V0037,TXN-000099,2025-05-31,2025-06-08,completed,373290.00,357.09,373647.09,INR,ACH,UTR-250608-000094,INV-V0037-2505-8784,,AP Automation,2025-05-27T10:00:00+05:30
PAY-000103,CMP-NL-001,V0054,TXN-000109,2025-05-30,2025-06-08,completed,119742.27,84.90,119827.17,INR,Corporate Card,UTR-250608-000103,INV-V0054-2505-3092,,AP Automation,2025-05-30T10:00:00+05:30
PAY-000145,CMP-NL-001,V0043,TXN-000153,2025-06-07,2025-06-08,completed,54264.70,33.45,54298.15,INR,Corporate Card,UTR-250608-000145,INV-V0043-2506-2291,,AP Automation,2025-06-07T10:00:00+05:30
PAY-000082,CMP-NL-001,V0022,TXN-000086,2025-06-19,2025-06-09,completed,309177.30,379.65,309556.95,INR,Corporate Card,UTR-250609-000082,INV-V0022-2505-9132,,AP Automation,2025-05-21T10:00:00+05:30
PAY-000060,CMP-NL-001,V0004,TXN-000062,2025-05-30,2025-06-11,completed,213255.68,300.29,213555.97,INR,Corporate Card,UTR-250611-000060,INV-V0004-2505-7379,,AP Automation,2025-05-24T10:00:00+05:30
PAY-000122,CMP-NL-001,V0016,TXN-000130,2025-07-03,2025-06-11,completed,123734.09,151.86,123885.95,INR,Corporate Card,UTR-250611-000122,INV-V0016-2506-5340,,AP Automation,2025-06-05T10:00:00+05:30
PAY-000147,CMP-NL-001,V0047,TXN-000155,2025-06-16,2025-06-11,completed,39158.42,29.61,39188.03,INR,Corporate Card,UTR-250611-000147,INV-V0047-2506-3711,,AP Automation,2025-06-10T10:00:00+05:30
PAY-000089,CMP-NL-001,V0028,TXN-000093,2025-05-27,2025-06-12,completed,169211.32,107.66,169318.98,INR,RTGS,UTR-250612-000089,INV-V0028-2505-1773,,AP Automation,2025-05-22T10:00:00+05:30
PAY-000099,CMP-NL-001,V0043,TXN-000104,2025-05-26,2025-06-13,completed,93646.45,76.64,93723.09,INR,NEFT,UTR-250613-000099,INV-V0043-2505-8845,,AP Automation,2025-05-26T10:00:00+05:30
PAY-000059,CMP-NL-001,V0004,TXN-000061,2025-06-03,2025-06-14,completed,113606.16,109.40,113715.56,INR,RTGS,UTR-250614-000059,INV-V0004-2505-5804,,AP Automation,2025-05-27T10:00:00+05:30
PAY-000061,CMP-NL-001,V0005,TXN-000063,2025-05-29,2025-06-14,completed,319159.50,422.76,319582.26,INR,IMPS,UTR-250614-000061,INV-V0005-2505-9803,,AP Automation,2025-05-23T10:00:00+05:30
PAY-000067,CMP-NL-001,V0011,TXN-000070,2025-05-26,2025-06-14,completed,27774.64,33.36,27808.00,INR,NEFT,UTR-250614-000067,INV-V0011-2505-1143,,AP Automation,2025-05-26T10:00:00+05:30
PAY-000085,CMP-NL-001,V0025,TXN-000089,2025-06-22,2025-06-14,completed,80691.38,56.84,80748.22,INR,RTGS,UTR-250614-000085,INV-V0025-2505-2587,,AP Automation,2025-05-23T10:00:00+05:30
PAY-000123,CMP-NL-001,V0017,TXN-000131,2025-06-06,2025-06-15,completed,110119.35,76.33,110195.68,INR,IMPS,UTR-250615-000123,INV-V0017-2506-4340,,AP Automation,2025-06-06T10:00:00+05:30
PAY-000134,CMP-NL-001,V0025,TXN-000142,2025-07-15,2025-06-15,completed,160586.22,227.20,160813.42,INR,UPI,UTR-250615-000134,INV-V0025-2506-1694,,AP Automation,2025-06-15T10:00:00+05:30
PAY-000141,CMP-NL-001,V0038,TXN-000149,2025-07-12,2025-06-15,completed,394035.28,117.39,394152.67,INR,UPI,UTR-250615-000141,INV-V0038-2506-3248,,AP Automation,2025-06-14T10:00:00+05:30
PAY-000090,CMP-NL-001,V0029,TXN-000094,2025-06-28,2025-06-17,completed,99057.38,78.64,99136.02,INR,IMPS,UTR-250617-000090,INV-V0029-2505-2011,,AP Automation,2025-06-01T10:00:00+05:30
PAY-000100,CMP-NL-001,V0044,TXN-000106,2025-05-29,2025-06-17,completed,179404.47,215.71,179620.18,INR,NEFT,UTR-250617-000100,INV-V0044-2505-4909,,AP Automation,2025-05-29T10:00:00+05:30
PAY-000111,CMP-NL-001,V0007,TXN-000119,2025-06-26,2025-06-17,completed,229625.68,90.61,229716.29,INR,Corporate Card,UTR-250617-000111,INV-V0007-2506-9853,,AP Automation,2025-06-14T10:00:00+05:30
PAY-000092,CMP-NL-001,V0030,TXN-000096,2025-06-01,2025-06-18,completed,89262.91,101.30,89364.21,INR,ACH,UTR-250618-000092,INV-V0030-2505-1367,,AP Automation,2025-06-01T10:00:00+05:30
PAY-000119,CMP-NL-001,V0013,TXN-000127,2025-06-27,2025-06-19,completed,33417.22,41.65,33458.87,INR,RTGS,UTR-250619-000119,INV-V0013-2506-1234,,AP Automation,2025-06-14T10:00:00+05:30
PAY-000148,CMP-NL-001,V0048,TXN-000156,2025-07-19,2025-06-21,completed,146694.09,85.44,146779.53,INR,Corporate Card,UTR-250621-000148,INV-V0048-2506-2297,,AP Automation,2025-06-05T10:00:00+05:30
PAY-000149,CMP-NL-001,V0049,TXN-000157,2025-08-06,2025-06-22,completed,225576.42,134.26,225710.68,INR,UPI,UTR-250622-000149,INV-V0049-2506-4318,,AP Automation,2025-06-22T10:00:00+05:30
PAY-000120,CMP-NL-001,V0014,TXN-000128,2025-07-21,2025-06-24,completed,142383.01,123.81,142506.82,INR,NEFT,UTR-250624-000120,INV-V0014-2506-2427,,AP Automation,2025-06-24T10:00:00+05:30
PAY-000140,CMP-NL-001,V0037,TXN-000148,2025-06-24,2025-06-24,completed,417231.37,386.21,417617.58,INR,Corporate Card,UTR-250624-000140,INV-V0037-2506-7769,,AP Automation,2025-06-20T10:00:00+05:30
PAY-000146,CMP-NL-001,V0045,TXN-000154,2025-06-19,2025-06-26,completed,85557.60,75.86,85633.46,INR,RTGS,UTR-250626-000146,INV-V0045-2506-4838,,AP Automation,2025-06-04T10:00:00+05:30
PAY-000153,CMP-NL-001,V0054,TXN-000161,2025-06-15,2025-06-26,completed,82815.81,51.24,82867.05,INR,ACH,UTR-250626-000153,INV-V0054-2506-7174,,AP Automation,2025-06-15T10:00:00+05:30
PAY-000138,CMP-NL-001,V0033,TXN-000146,2025-07-24,2025-06-27,completed,72547.05,69.23,72616.28,INR,UPI,UTR-250627-000138,INV-V0033-2506-7934,,AP Automation,2025-06-11T10:00:00+05:30
PAY-000150,CMP-NL-001,V0050,TXN-000158,2025-08-06,2025-06-27,failed,25166.91,0.00,0.00,INR,NEFT,UTR-250627-000150,INV-V0050-2506-6048,Beneficiary bank rejected,AP Automation,2025-06-23T10:00:00+05:30
PAY-000151,CMP-NL-001,V0050,TXN-000159,2025-08-03,2025-06-27,completed,22450.74,10.34,22461.08,INR,NEFT,UTR-250627-000151,INV-V0050-2506-4133,,AP Automation,2025-06-19T10:00:00+05:30
PAY-000107,CMP-NL-001,V0003,TXN-000114,2025-08-09,2025-06-28,completed,507637.10,258.97,507896.07,INR,Corporate Card,UTR-250628-000107,INV-V0003-2506-5618,,AP Automation,2025-06-28T10:00:00+05:30
PAY-000118,CMP-NL-001,V0013,TXN-000126,2025-06-21,2025-06-28,completed,28217.07,22.92,28239.99,INR,NEFT,UTR-250628-000118,INV-V0013-2506-5016,,AP Automation,2025-06-09T10:00:00+05:30
PAY-000110,CMP-NL-001,V0006,TXN-000118,2025-06-23,2025-06-29,completed,585586.71,562.46,586149.17,INR,ACH,UTR-250629-000110,INV-V0006-2506-9134,,AP Automation,2025-06-09T10:00:00+05:30
PAY-000113,CMP-NL-001,V0009,TXN-000121,2025-06-27,2025-06-29,completed,55422.53,83.10,55505.63,INR,IMPS,UTR-250629-000113,INV-V0009-2506-4058,,AP Automation,2025-06-13T10:00:00+05:30
PAY-000128,CMP-NL-001,V0020,TXN-000136,2025-07-23,2025-06-29,completed,48980.05,51.21,49031.26,INR,UPI,UTR-250629-000128,INV-V0020-2506-9918,,AP Automation,2025-06-26T10:00:00+05:30
PAY-000132,CMP-NL-001,V0023,TXN-000140,2025-07-14,2025-06-29,reversed,215378.20,0.00,0.00,INR,Corporate Card,UTR-250629-000132,INV-V0023-2506-4813,,AP Automation,2025-06-16T10:00:00+05:30
PAY-000152,CMP-NL-001,V0051,TXN-000160,2025-06-28,2025-06-30,completed,22667.38,11.33,22678.71,INR,Corporate Card,UTR-250630-000152,INV-V0051-2506-7012,,AP Automation,2025-06-23T10:00:00+05:30
PAY-000155,CMP-NL-001,V0055,TXN-000163,2025-06-26,2025-06-30,completed,64776.35,57.11,64833.46,INR,UPI,UTR-250630-000155,INV-V0055-2506-9077,,AP Automation,2025-06-14T10:00:00+05:30
PAY-000127,CMP-NL-001,V0020,TXN-000135,2025-07-25,2025-07-01,completed,71471.07,23.26,71494.33,INR,Corporate Card,UTR-250701-000127,INV-V0020-2506-2447,,AP Automation,2025-06-27T10:00:00+05:30
PAY-000129,CMP-NL-001,V0021,TXN-000137,2025-06-29,2025-07-01,completed,1248474.75,978.99,1249453.74,INR,NEFT,UTR-250701-000129,INV-V0021-2506-6086,,AP Automation,2025-06-29T10:00:00+05:30
PAY-000137,CMP-NL-001,V0032,TXN-000145,2025-07-23,2025-07-01,completed,48001.22,12.74,48013.96,INR,UPI,UTR-250701-000137,INV-V0032-2506-5669,,AP Automation,2025-06-23T10:00:00+05:30
PAY-000115,CMP-NL-001,V0011,TXN-000123,2025-06-21,2025-07-02,completed,32881.53,17.43,32898.96,INR,RTGS,UTR-250702-000115,INV-V0011-2506-2038,,AP Automation,2025-06-21T10:00:00+05:30
PAY-000105,CMP-NL-001,V0001,TXN-000112,2025-06-13,2025-07-03,completed,232486.13,296.80,232782.93,INR,RTGS,UTR-250703-000105,INV-V0001-2506-9133,,AP Automation,2025-06-13T10:00:00+05:30
PAY-000133,CMP-NL-001,V0024,TXN-000141,2025-06-23,2025-07-03,completed,119268.17,89.64,119357.81,INR,IMPS,UTR-250703-000133,INV-V0024-2506-8636,,AP Automation,2025-06-10T10:00:00+05:30
PAY-000143,CMP-NL-001,V0042,TXN-000151,2025-06-23,2025-07-03,completed,25534.42,23.19,25557.61,INR,UPI,UTR-250703-000143,INV-V0042-2506-9080,,AP Automation,2025-06-17T10:00:00+05:30
PAY-000203,CMP-NL-001,V0054,TXN-000214,2025-07-03,2025-07-03,completed,105361.82,147.79,105509.61,INR,NEFT,UTR-250703-000203,INV-V0054-2507-7063,,AP Automation,2025-07-03T10:00:00+05:30
PAY-000116,CMP-NL-001,V0011,TXN-000124,2025-06-24,2025-07-04,completed,39854.99,58.28,39913.27,INR,NEFT,UTR-250704-000116,INV-V0011-2506-3095,,AP Automation,2025-06-24T10:00:00+05:30
PAY-000112,CMP-NL-001,V0008,TXN-000120,2025-07-25,2025-07-05,completed,182910.09,87.36,182997.45,INR,RTGS,UTR-250705-000112,INV-V0008-2506-6300,,AP Automation,2025-06-25T10:00:00+05:30
PAY-000114,CMP-NL-001,V0010,TXN-000122,2025-08-04,2025-07-05,completed,78643.41,108.52,78751.93,INR,ACH,UTR-250705-000114,INV-V0010-2506-5534,,AP Automation,2025-06-23T10:00:00+05:30
PAY-000121,CMP-NL-001,V0015,TXN-000129,2025-07-01,2025-07-05,completed,295042.17,333.44,295375.61,INR,NEFT,UTR-250705-000121,INV-V0015-2506-3601,,AP Automation,2025-07-01T10:00:00+05:30
PAY-000142,CMP-NL-001,V0039,TXN-000150,2025-07-17,2025-07-05,completed,124838.33,63.73,124902.06,INR,UPI,UTR-250705-000142,INV-V0039-2506-8834,,AP Automation,2025-06-18T10:00:00+05:30
PAY-000108,CMP-NL-001,V0003,TXN-000115,2025-08-01,2025-07-08,completed,348080.03,322.33,348402.36,INR,RTGS,UTR-250708-000108,INV-V0003-2506-9214,,AP Automation,2025-06-19T10:00:00+05:30
PAY-000124,CMP-NL-001,V0018,TXN-000132,2025-08-09,2025-07-08,completed,123967.00,72.78,124039.78,INR,ACH,UTR-250708-000124,INV-V0018-2506-5110,,AP Automation,2025-06-25T10:00:00+05:30
PAY-000154,CMP-NL-001,V0055,TXN-000162,2025-06-27,2025-07-08,failed,48417.40,0.00,0.00,INR,NEFT,UTR-250708-000154,INV-V0055-2506-2971,Beneficiary bank rejected,AP Automation,2025-06-15T10:00:00+05:30
PAY-000144,CMP-NL-001,V0043,TXN-000152,2025-06-21,2025-07-09,completed,25277.95,27.09,25305.04,INR,UPI,UTR-250709-000144,INV-V0043-2506-6779,,AP Automation,2025-06-21T10:00:00+05:30
PAY-000185,CMP-NL-001,V0028,TXN-000195,2025-07-10,2025-07-09,completed,72631.30,105.51,72736.81,INR,Corporate Card,UTR-250709-000185,INV-V0028-2507-5772,,AP Automation,2025-07-05T10:00:00+05:30
PAY-000109,CMP-NL-001,V0005,TXN-000116,2025-06-29,2025-07-10,completed,364607.14,322.84,364929.98,INR,UPI,UTR-250710-000109,INV-V0005-2506-7201,,AP Automation,2025-06-24T10:00:00+05:30
PAY-000106,CMP-NL-001,V0002,TXN-000113,2025-07-22,2025-07-11,completed,49445.33,63.28,49508.61,INR,RTGS,UTR-250711-000106,INV-V0002-2506-8703,,AP Automation,2025-06-23T10:00:00+05:30
PAY-000139,CMP-NL-001,V0035,TXN-000147,2025-08-03,2025-07-11,completed,268745.77,293.96,269039.73,INR,Corporate Card,UTR-250711-000139,INV-V0035-2506-3315,,AP Automation,2025-06-19T10:00:00+05:30
PAY-000200,CMP-NL-001,V0051,TXN-000211,2025-07-14,2025-07-11,completed,12944.77,8.63,12953.40,INR,ACH,UTR-250711-000200,INV-V0051-2507-7013,,AP Automation,2025-07-08T10:00:00+05:30
PAY-000136,CMP-NL-001,V0032,TXN-000144,2025-07-29,2025-07-12,completed,35398.94,48.11,35447.05,INR,ACH,UTR-250712-000136,INV-V0032-2506-5850,,AP Automation,2025-06-29T10:00:00+05:30
PAY-000158,CMP-NL-001,V0002,TXN-000166,2025-08-08,2025-07-12,completed,15973.97,6.83,15980.80,INR,Corporate Card,UTR-250712-000158,INV-V0002-2507-9501,,AP Automation,2025-07-10T10:00:00+05:30
PAY-000176,CMP-NL-001,V0017,TXN-000186,2025-07-10,2025-07-12,completed,112568.90,31.94,112600.84,INR,RTGS,UTR-250712-000176,INV-V0017-2507-9747,,AP Automation,2025-07-10T10:00:00+05:30
PAY-000181,CMP-NL-001,V0023,TXN-000191,2025-08-08,2025-07-14,completed,52558.85,66.54,52625.39,INR,UPI,UTR-250714-000181,INV-V0023-2507-6928,,AP Automation,2025-07-11T10:00:00+05:30
PAY-000202,CMP-NL-001,V0052,TXN-000213,2025-07-17,2025-07-14,reversed,54047.29,0.00,0.00,INR,ACH,UTR-250714-000202,INV-V0052-2507-6269,,AP Automation,2025-07-11T10:00:00+05:30
PAY-000131,CMP-NL-001,V0022,TXN-000139,2025-07-24,2025-07-15,completed,164342.90,115.08,164457.98,INR,Corporate Card,UTR-250715-000131,INV-V0022-2506-6830,,AP Automation,2025-06-25T10:00:00+05:30
PAY-000178,CMP-NL-001,V0019,TXN-000188,2025-07-24,2025-07-15,completed,157850.55,81.04,157931.59,INR,Corporate Card,UTR-250715-000178,INV-V0019-2507-4380,,AP Automation,2025-07-12T10:00:00+05:30
PAY-000187,CMP-NL-001,V0031,TXN-000197,2025-07-10,2025-07-15,reversed,251479.51,0.00,0.00,INR,RTGS,UTR-250715-000187,INV-V0031-2507-9920,,AP Automation,2025-07-03T10:00:00+05:30
PAY-000126,CMP-NL-001,V0019,TXN-000134,2025-07-10,2025-07-16,completed,151041.82,106.71,151148.53,INR,UPI,UTR-250716-000126,INV-V0019-2506-8350,,AP Automation,2025-06-26T10:00:00+05:30
PAY-000157,CMP-NL-001,V0002,TXN-000165,2025-08-02,2025-07-16,completed,27951.47,17.66,27969.13,INR,NEFT,UTR-250716-000157,INV-V0002-2507-1718,,AP Automation,2025-07-05T10:00:00+05:30
PAY-000196,CMP-NL-001,V0045,TXN-000206,2025-07-29,2025-07-16,completed,104035.17,34.30,104069.47,INR,ACH,UTR-250716-000196,INV-V0045-2507-6773,,AP Automation,2025-07-16T10:00:00+05:30
PAY-000130,CMP-NL-001,V0022,TXN-000138,2025-07-29,2025-07-17,completed,246352.49,262.31,246614.80,INR,NEFT,UTR-250717-000130,INV-V0022-2506-5850,,AP Automation,2025-07-01T10:00:00+05:30
PAY-000175,CMP-NL-001,V0016,TXN-000185,2025-08-07,2025-07-17,completed,117959.63,162.20,118121.83,INR,RTGS,UTR-250717-000175,INV-V0016-2507-7652,,AP Automation,2025-07-10T10:00:00+05:30
PAY-000117,CMP-NL-001,V0012,TXN-000125,2025-07-04,2025-07-18,completed,113496.09,151.56,113647.65,INR,IMPS,UTR-250718-000117,INV-V0012-2506-7034,,AP Automation,2025-06-28T10:00:00+05:30
PAY-000192,CMP-NL-001,V0038,TXN-000202,2025-08-08,2025-07-18,completed,226620.12,133.03,226753.15,INR,NEFT,UTR-250718-000192,INV-V0038-2507-1417,,AP Automation,2025-07-09T10:00:00+05:30
PAY-000161,CMP-NL-001,V0005,TXN-000170,2025-07-17,2025-07-20,completed,173586.84,191.98,173778.82,INR,UPI,UTR-250720-000161,INV-V0005-2507-7663,,AP Automation,2025-07-12T10:00:00+05:30
PAY-000167,CMP-NL-001,V0009,TXN-000176,2025-07-20,2025-07-20,completed,36319.82,22.84,36342.66,INR,IMPS,UTR-250720-000167,INV-V0009-2507-7786,,AP Automation,2025-07-05T10:00:00+05:30
PAY-000195,CMP-NL-001,V0043,TXN-000205,2025-07-08,2025-07-20,failed,41429.03,0.00,0.00,INR,Corporate Card,UTR-250720-000195,INV-V0043-2507-7156,Invalid bank details,AP Automation,2025-07-08T10:00:00+05:30
PAY-000198,CMP-NL-001,V0050,TXN-000209,2025-08-27,2025-07-20,completed,20861.94,22.26,20884.20,INR,IMPS,UTR-250720-000198,INV-V0050-2507-5316,,AP Automation,2025-07-13T10:00:00+05:30
PAY-000162,CMP-NL-001,V0005,TXN-000171,2025-07-24,2025-07-21,completed,144007.08,100.32,144107.40,INR,ACH,UTR-250721-000162,INV-V0005-2507-4918,,AP Automation,2025-07-18T10:00:00+05:30
PAY-000135,CMP-NL-001,V0029,TXN-000143,2025-07-30,2025-07-22,completed,94550.46,78.12,94628.58,INR,Corporate Card,UTR-250722-000135,INV-V0029-2506-8643,,AP Automation,2025-07-01T10:00:00+05:30
PAY-000171,CMP-NL-001,V0013,TXN-000181,2025-07-19,2025-07-24,completed,14700.05,17.53,14717.58,INR,Corporate Card,UTR-250724-000171,INV-V0013-2507-5022,,AP Automation,2025-07-05T10:00:00+05:30
PAY-000188,CMP-NL-001,V0032,TXN-000198,2025-08-09,2025-07-24,completed,169309.82,189.82,169499.64,INR,UPI,UTR-250724-000188,INV-V0032-2507-6749,,AP Automation,2025-07-11T10:00:00+05:30
PAY-000194,CMP-NL-001,V0043,TXN-000204,2025-07-16,2025-07-25,completed,27935.78,15.36,27951.14,INR,RTGS,UTR-250725-000194,INV-V0043-2507-8589,,AP Automation,2025-07-16T10:00:00+05:30
PAY-000179,CMP-NL-001,V0021,TXN-000189,2025-07-27,2025-07-27,completed,491060.34,615.59,491675.93,INR,RTGS,UTR-250727-000179,INV-V0021-2507-4891,,AP Automation,2025-07-27T10:00:00+05:30
PAY-000159,CMP-NL-001,V0003,TXN-000168,2025-08-25,2025-07-28,completed,420514.87,127.85,420642.72,INR,RTGS,UTR-250728-000159,INV-V0003-2507-3691,,AP Automation,2025-07-13T10:00:00+05:30
PAY-000165,CMP-NL-001,V0008,TXN-000174,2025-08-17,2025-07-28,completed,57690.29,40.13,57730.42,INR,NEFT,UTR-250728-000165,INV-V0008-2507-4025,,AP Automation,2025-07-19T10:00:00+05:30
PAY-000172,CMP-NL-001,V0014,TXN-000182,2025-08-23,2025-07-28,completed,142472.37,103.54,142575.91,INR,UPI,UTR-250728-000172,INV-V0014-2507-5575,,AP Automation,2025-07-27T10:00:00+05:30
PAY-000191,CMP-NL-001,V0037,TXN-000201,2025-07-26,2025-07-28,completed,578803.19,477.08,579280.27,INR,UPI,UTR-250728-000191,INV-V0037-2507-1071,,AP Automation,2025-07-19T10:00:00+05:30
PAY-000170,CMP-NL-001,V0012,TXN-000179,2025-08-03,2025-07-29,completed,117788.64,102.32,117890.96,INR,IMPS,UTR-250729-000170,INV-V0012-2507-8670,,AP Automation,2025-07-28T10:00:00+05:30
PAY-000166,CMP-NL-001,V0009,TXN-000175,2025-08-01,2025-07-31,completed,34190.83,14.32,34205.15,INR,UPI,UTR-250731-000166,INV-V0009-2507-3400,,AP Automation,2025-07-19T10:00:00+05:30
PAY-000168,CMP-NL-001,V0010,TXN-000177,2025-08-18,2025-07-31,completed,69294.38,35.96,69330.34,INR,UPI,UTR-250731-000168,INV-V0010-2507-3659,,AP Automation,2025-07-07T10:00:00+05:30
PAY-000173,CMP-NL-001,V0015,TXN-000183,2025-07-15,2025-08-01,completed,95434.36,129.80,95564.16,INR,UPI,UTR-250801-000173,INV-V0015-2507-5479,,AP Automation,2025-07-15T10:00:00+05:30
PAY-000204,CMP-NL-001,V0055,TXN-000215,2025-08-06,2025-08-02,completed,71879.17,63.90,71943.07,INR,Corporate Card,UTR-250802-000204,INV-V0055-2507-6140,,AP Automation,2025-07-24T10:00:00+05:30
PAY-000186,CMP-NL-001,V0029,TXN-000196,2025-08-11,2025-08-03,completed,204502.77,124.98,204627.75,INR,RTGS,UTR-250803-000186,INV-V0029-2507-9399,,AP Automation,2025-07-14T10:00:00+05:30
PAY-000182,CMP-NL-001,V0024,TXN-000192,2025-08-15,2025-08-04,completed,84401.77,82.20,84483.97,INR,ACH,UTR-250804-000182,INV-V0024-2507-8925,,AP Automation,2025-08-02T10:00:00+05:30
PAY-000193,CMP-NL-001,V0041,TXN-000203,2025-08-01,2025-08-04,completed,69125.80,48.12,69173.92,INR,UPI,UTR-250804-000193,INV-V0041-2507-1971,,AP Automation,2025-07-20T10:00:00+05:30
PAY-000163,CMP-NL-001,V0006,TXN-000172,2025-07-30,2025-08-05,completed,543897.36,571.32,544468.68,INR,Corporate Card,UTR-250805-000163,INV-V0006-2507-9545,,AP Automation,2025-07-15T10:00:00+05:30
PAY-000189,CMP-NL-001,V0033,TXN-000199,2025-09-13,2025-08-05,completed,127914.78,150.81,128065.59,INR,UPI,UTR-250805-000189,INV-V0033-2507-7923,,AP Automation,2025-07-31T10:00:00+05:30
PAY-000197,CMP-NL-001,V0047,TXN-000207,2025-07-27,2025-08-05,completed,78154.75,81.93,78236.68,INR,ACH,UTR-250805-000197,INV-V0047-2507-2832,,AP Automation,2025-07-21T10:00:00+05:30
PAY-000180,CMP-NL-001,V0023,TXN-000190,2025-08-29,2025-08-06,completed,39934.78,20.81,39955.59,INR,UPI,UTR-250806-000180,INV-V0023-2507-4301,,AP Automation,2025-07-30T10:00:00+05:30
PAY-000190,CMP-NL-001,V0035,TXN-000200,2025-09-05,2025-08-06,completed,349543.96,95.09,349639.05,INR,Corporate Card,UTR-250806-000190,INV-V0035-2507-5942,,AP Automation,2025-07-25T10:00:00+05:30
PAY-000201,CMP-NL-001,V0051,TXN-000212,2025-07-23,2025-08-07,completed,9429.66,12.45,9442.11,INR,UPI,UTR-250807-000201,INV-V0051-2507-1100,,AP Automation,2025-07-19T10:00:00+05:30
PAY-000160,CMP-NL-001,V0004,TXN-000169,2025-07-19,2025-08-08,failed,424249.93,0.00,0.00,INR,UPI,UTR-250808-000160,INV-V0004-2507-7086,Daily payment limit exceeded,AP Automation,2025-07-15T10:00:00+05:30
PAY-000199,CMP-NL-001,V0051,TXN-000210,2025-07-23,2025-08-08,completed,8257.46,12.00,8269.46,INR,NEFT,UTR-250808-000199,INV-V0051-2507-6950,,AP Automation,2025-07-17T10:00:00+05:30
PAY-000221,CMP-NL-001,V0017,TXN-000232,2025-08-09,2025-08-09,completed,48738.15,35.95,48774.10,INR,RTGS,UTR-250809-000221,INV-V0017-2508-2298,,AP Automation,2025-08-09T10:00:00+05:30
PAY-000156,CMP-NL-001,V0001,TXN-000164,2025-07-27,2025-08-11,completed,330614.82,260.88,330875.70,INR,ACH,UTR-250811-000156,INV-V0001-2507-1038,,AP Automation,2025-07-27T10:00:00+05:30
PAY-000206,CMP-NL-001,V0003,TXN-000217,2025-09-21,2025-08-11,completed,236186.82,164.49,236351.31,INR,UPI,UTR-250811-000206,INV-V0003-2508-5238,,AP Automation,2025-08-10T10:00:00+05:30
PAY-000211,CMP-NL-001,V0008,TXN-000222,2025-09-06,2025-08-11,completed,157852.30,129.79,157982.09,INR,ACH,UTR-250811-000211,INV-V0008-2508-7989,,AP Automation,2025-08-09T10:00:00+05:30
PAY-000169,CMP-NL-001,V0011,TXN-000178,2025-07-19,2025-08-12,completed,78604.38,52.20,78656.58,INR,IMPS,UTR-250812-000169,INV-V0011-2507-7726,,AP Automation,2025-07-19T10:00:00+05:30
PAY-000174,CMP-NL-001,V0015,TXN-000184,2025-07-20,2025-08-12,completed,85098.05,39.03,85137.08,INR,Corporate Card,UTR-250812-000174,INV-V0015-2507-8327,,AP Automation,2025-07-20T10:00:00+05:30
PAY-000183,CMP-NL-001,V0026,TXN-000193,2025-09-11,2025-08-13,completed,831336.66,404.91,831741.57,INR,ACH,UTR-250813-000183,INV-V0026-2507-6897,,AP Automation,2025-07-31T10:00:00+05:30
PAY-000177,CMP-NL-001,V0018,TXN-000187,2025-09-06,2025-08-14,completed,105383.63,95.01,105478.64,INR,IMPS,UTR-250814-000177,INV-V0018-2507-4235,,AP Automation,2025-07-26T10:00:00+05:30
PAY-000164,CMP-NL-001,V0008,TXN-000173,2025-08-26,2025-08-15,completed,33663.27,35.97,33699.24,INR,ACH,UTR-250815-000164,INV-V0008-2507-8806,,AP Automation,2025-07-29T10:00:00+05:30
PAY-000249,CMP-NL-001,V0051,TXN-000262,2025-08-07,2025-08-15,completed,32689.37,22.45,32711.82,INR,RTGS,UTR-250815-000249,INV-V0051-2508-8773,,AP Automation,2025-08-03T10:00:00+05:30
PAY-000184,CMP-NL-001,V0028,TXN-000194,2025-08-03,2025-08-16,completed,148608.68,61.35,148670.03,INR,ACH,UTR-250816-000184,INV-V0028-2507-1979,,AP Automation,2025-07-27T10:00:00+05:30
PAY-000222,CMP-NL-001,V0017,TXN-000234,2025-08-05,2025-08-16,completed,18736.42,22.85,18759.27,INR,RTGS,UTR-250816-000222,INV-V0017-2508-2140,,AP Automation,2025-08-05T10:00:00+05:30
PAY-000224,CMP-NL-001,V0018,TXN-000236,2025-09-21,2025-08-16,completed,77356.63,76.44,77433.07,INR,IMPS,UTR-250816-000224,INV-V0018-2508-7342,,AP Automation,2025-08-08T10:00:00+05:30
PAY-000250,CMP-NL-001,V0051,TXN-000263,2025-08-17,2025-08-17,completed,28363.84,41.38,28405.22,INR,Corporate Card,UTR-250817-000250,INV-V0051-2508-3317,,AP Automation,2025-08-13T10:00:00+05:30
PAY-000205,CMP-NL-001,V0001,TXN-000216,2025-08-18,2025-08-18,completed,298955.50,304.55,299260.05,INR,RTGS,UTR-250818-000205,INV-V0001-2508-2395,,AP Automation,2025-08-18T10:00:00+05:30
PAY-000251,CMP-NL-001,V0054,TXN-000264,2025-08-14,2025-08-19,completed,69585.69,78.80,69664.49,INR,NEFT,UTR-250819-000251,INV-V0054-2508-4630,,AP Automation,2025-08-14T10:00:00+05:30
PAY-000212,CMP-NL-001,V0009,TXN-000223,2025-08-28,2025-08-22,completed,47228.37,45.19,47273.56,INR,UPI,UTR-250822-000212,INV-V0009-2508-8574,,AP Automation,2025-08-13T10:00:00+05:30
PAY-000217,CMP-NL-001,V0013,TXN-000228,2025-08-25,2025-08-22,completed,37905.06,20.78,37925.84,INR,UPI,UTR-250822-000217,INV-V0013-2508-9576,,AP Automation,2025-08-12T10:00:00+05:30
PAY-000209,CMP-NL-001,V0006,TXN-000220,2025-08-19,2025-08-23,completed,769779.92,160.12,769940.04,INR,NEFT,UTR-250823-000209,INV-V0006-2508-7849,,AP Automation,2025-08-07T10:00:00+05:30
PAY-000215,CMP-NL-001,V0012,TXN-000226,2025-08-12,2025-08-24,reversed,70270.37,0.00,0.00,INR,NEFT,UTR-250824-000215,INV-V0012-2508-4138,,AP Automation,2025-08-07T10:00:00+05:30
PAY-000247,CMP-NL-001,V0047,TXN-000260,2025-08-12,2025-08-24,completed,69062.32,26.62,69088.94,INR,ACH,UTR-250824-000247,INV-V0047-2508-3761,,AP Automation,2025-08-08T10:00:00+05:30
PAY-000210,CMP-NL-001,V0007,TXN-000221,2025-08-22,2025-08-25,completed,177523.66,38.02,177561.68,INR,UPI,UTR-250825-000210,INV-V0007-2508-7786,,AP Automation,2025-08-07T10:00:00+05:30
PAY-000214,CMP-NL-001,V0011,TXN-000225,2025-08-24,2025-08-25,completed,69491.21,67.17,69558.38,INR,ACH,UTR-250825-000214,INV-V0011-2508-7756,,AP Automation,2025-08-24T10:00:00+05:30
PAY-000223,CMP-NL-001,V0018,TXN-000235,2025-09-26,2025-08-25,completed,91197.67,131.11,91328.78,INR,UPI,UTR-250825-000223,INV-V0018-2508-4008,,AP Automation,2025-08-15T10:00:00+05:30
PAY-000213,CMP-NL-001,V0010,TXN-000224,2025-10-08,2025-08-26,completed,62290.26,34.18,62324.44,INR,IMPS,UTR-250826-000213,INV-V0010-2508-5942,,AP Automation,2025-08-26T10:00:00+05:30
PAY-000216,CMP-NL-001,V0012,TXN-000227,2025-08-10,2025-08-26,completed,36751.31,7.97,36759.28,INR,Corporate Card,UTR-250826-000216,INV-V0012-2508-1074,,AP Automation,2025-08-04T10:00:00+05:30
PAY-000238,CMP-NL-001,V0032,TXN-000251,2025-09-20,2025-08-26,completed,41094.28,28.79,41123.07,INR,NEFT,UTR-250826-000238,INV-V0032-2508-8498,,AP Automation,2025-08-22T10:00:00+05:30
PAY-000241,CMP-NL-001,V0037,TXN-000254,2025-08-23,2025-08-26,completed,300324.71,220.28,300544.99,INR,NEFT,UTR-250826-000241,INV-V0037-2508-3194,,AP Automation,2025-08-19T10:00:00+05:30
PAY-000218,CMP-NL-001,V0014,TXN-000229,2025-09-13,2025-08-28,completed,68103.66,56.59,68160.25,INR,IMPS,UTR-250828-000218,INV-V0014-2508-2532,,AP Automation,2025-08-17T10:00:00+05:30
PAY-000219,CMP-NL-001,V0015,TXN-000230,2025-08-07,2025-08-28,completed,149857.46,214.49,150071.95,INR,UPI,UTR-250828-000219,INV-V0015-2508-2131,,AP Automation,2025-08-07T10:00:00+05:30
PAY-000228,CMP-NL-001,V0021,TXN-000240,2025-08-16,2025-08-29,completed,430014.60,530.02,430544.62,INR,IMPS,UTR-250829-000228,INV-V0021-2508-6890,,AP Automation,2025-08-16T10:00:00+05:30
PAY-000233,CMP-NL-001,V0025,TXN-000246,2025-09-04,2025-08-29,completed,140062.20,80.04,140142.24,INR,IMPS,UTR-250829-000233,INV-V0025-2508-2079,,AP Automation,2025-08-07T10:00:00+05:30
PAY-000236,CMP-NL-001,V0031,TXN-000249,2025-08-21,2025-08-29,completed,36043.79,39.42,36083.21,INR,NEFT,UTR-250829-000236,INV-V0031-2508-6780,,AP Automation,2025-08-17T10:00:00+05:30
PAY-000246,CMP-NL-001,V0043,TXN-000259,2025-08-29,2025-08-29,completed,34254.85,22.68,34277.53,INR,Corporate Card,UTR-250829-000246,INV-V0043-2508-9419,,AP Automation,2025-08-29T10:00:00+05:30
PAY-000225,CMP-NL-001,V0019,TXN-000237,2025-09-05,2025-08-31,completed,60799.68,50.16,60849.84,INR,Corporate Card,UTR-250831-000225,INV-V0019-2508-2090,,AP Automation,2025-08-24T10:00:00+05:30
PAY-000229,CMP-NL-001,V0021,TXN-000241,2025-08-14,2025-09-01,completed,204665.03,261.87,204926.90,INR,ACH,UTR-250901-000229,INV-V0021-2508-8030,,AP Automation,2025-08-14T10:00:00+05:30
PAY-000245,CMP-NL-001,V0043,TXN-000258,2025-08-25,2025-09-01,completed,57617.78,47.90,57665.68,INR,IMPS,UTR-250901-000245,INV-V0043-2508-2731,,AP Automation,2025-08-25T10:00:00+05:30
PAY-000248,CMP-NL-001,V0050,TXN-000261,2025-10-12,2025-09-01,completed,33540.98,8.73,33549.71,INR,NEFT,UTR-250901-000248,INV-V0050-2508-8524,,AP Automation,2025-08-28T10:00:00+05:30
PAY-000208,CMP-NL-001,V0005,TXN-000219,2025-08-18,2025-09-02,completed,341936.94,274.81,342211.75,INR,UPI,UTR-250902-000208,INV-V0005-2508-5316,,AP Automation,2025-08-12T10:00:00+05:30
PAY-000253,CMP-NL-001,V0056,TXN-000266,2025-09-29,2025-09-02,completed,34480.79,12.56,34493.35,INR,ACH,UTR-250902-000253,INV-V0056-2508-6383,,AP Automation,2025-08-16T10:00:00+05:30
PAY-000226,CMP-NL-001,V0019,TXN-000238,2025-09-13,2025-09-03,completed,68312.61,77.14,68389.75,INR,Corporate Card,UTR-250903-000226,INV-V0019-2508-8114,,AP Automation,2025-08-30T10:00:00+05:30
PAY-000267,CMP-NL-001,V0010,TXN-000280,2025-10-17,2025-09-03,completed,118074.15,150.39,118224.54,INR,NEFT,UTR-250903-000267,INV-V0010-2509-6457,,AP Automation,2025-09-03T10:00:00+05:30
PAY-000235,CMP-NL-001,V0030,TXN-000248,2025-08-21,2025-09-05,completed,125382.40,120.44,125502.84,INR,RTGS,UTR-250905-000235,INV-V0030-2508-6713,,AP Automation,2025-08-21T10:00:00+05:30
PAY-000239,CMP-NL-001,V0033,TXN-000252,2025-10-02,2025-09-05,completed,47650.99,13.97,47664.96,INR,Corporate Card,UTR-250905-000239,INV-V0033-2508-1708,,AP Automation,2025-08-21T10:00:00+05:30
PAY-000240,CMP-NL-001,V0036,TXN-000253,2025-08-28,2025-09-05,completed,286206.19,75.00,286281.19,INR,Corporate Card,UTR-250905-000240,INV-V0036-2508-6421,,AP Automation,2025-08-28T10:00:00+05:30
PAY-000297,CMP-NL-001,V0038,TXN-000311,2025-10-04,2025-09-06,completed,198821.41,249.96,199071.37,INR,UPI,UTR-250906-000297,INV-V0038-2509-1264,,AP Automation,2025-09-06T10:00:00+05:30
PAY-000242,CMP-NL-001,V0038,TXN-000255,2025-09-13,2025-09-07,completed,162218.21,233.56,162451.77,INR,Corporate Card,UTR-250907-000242,INV-V0038-2508-7062,,AP Automation,2025-08-15T10:00:00+05:30
PAY-000264,CMP-NL-001,V0007,TXN-000277,2025-09-16,2025-09-08,completed,115913.92,59.77,115973.69,INR,Corporate Card,UTR-250908-000264,INV-V0007-2509-9553,,AP Automation,2025-09-04T10:00:00+05:30
PAY-000230,CMP-NL-001,V0022,TXN-000242,2025-09-29,2025-09-09,completed,547315.06,683.63,547998.69,INR,UPI,UTR-250909-000230,INV-V0022-2508-6449,,AP Automation,2025-09-01T10:00:00+05:30
PAY-000263,CMP-NL-001,V0006,TXN-000276,2025-09-19,2025-09-09,completed,376435.08,265.37,376700.45,INR,RTGS,UTR-250909-000263,INV-V0006-2509-6821,,AP Automation,2025-09-07T10:00:00+05:30
PAY-000232,CMP-NL-001,V0024,TXN-000245,2025-09-03,2025-09-10,completed,52414.38,57.85,52472.23,INR,Corporate Card,UTR-250910-000232,INV-V0024-2508-3979,,AP Automation,2025-08-20T10:00:00+05:30
PAY-000234,CMP-NL-001,V0027,TXN-000247,2025-08-23,2025-09-10,completed,463770.27,177.57,463947.84,INR,Corporate Card,UTR-250910-000234,INV-V0027-2508-1111,,AP Automation,2025-08-17T10:00:00+05:30
PAY-000312,CMP-NL-001,V0054,TXN-000327,2025-09-07,2025-09-10,completed,97769.43,142.44,97911.87,INR,Corporate Card,UTR-250910-000312,INV-V0054-2509-6117,,AP Automation,2025-09-07T10:00:00+05:30
PAY-000227,CMP-NL-001,V0020,TXN-000239,2025-09-29,2025-09-12,completed,256579.52,312.19,256891.71,INR,Corporate Card,UTR-250912-000227,INV-V0020-2508-4381,,AP Automation,2025-08-30T10:00:00+05:30
PAY-000311,CMP-NL-001,V0052,TXN-000326,2025-09-12,2025-09-12,completed,37604.57,28.94,37633.51,INR,ACH,UTR-250912-000311,INV-V0052-2509-8669,,AP Automation,2025-09-06T10:00:00+05:30
PAY-000243,CMP-NL-001,V0040,TXN-000256,2025-10-04,2025-09-13,completed,62106.61,19.49,62126.10,INR,UPI,UTR-250913-000243,INV-V0040-2508-8790,,AP Automation,2025-08-21T10:00:00+05:30
PAY-000271,CMP-NL-001,V0014,TXN-000285,2025-10-05,2025-09-13,completed,125852.06,97.63,125949.69,INR,UPI,UTR-250913-000271,INV-V0014-2509-9158,,AP Automation,2025-09-08T10:00:00+05:30
PAY-000313,CMP-NL-001,V0055,TXN-000328,2025-09-15,2025-09-13,failed,36590.38,0.00,0.00,INR,NEFT,UTR-250913-000313,INV-V0055-2509-4940,Invalid bank details,AP Automation,2025-09-03T10:00:00+05:30
PAY-000220,CMP-NL-001,V0016,TXN-000231,2025-10-02,2025-09-14,completed,351603.65,168.97,351772.62,INR,UPI,UTR-250914-000220,INV-V0016-2508-6643,,AP Automation,2025-09-03T10:00:00+05:30
PAY-000252,CMP-NL-001,V0055,TXN-000265,2025-09-03,2025-09-14,completed,81765.46,93.54,81859.00,INR,UPI,UTR-250914-000252,INV-V0055-2508-3838,,AP Automation,2025-08-22T10:00:00+05:30
PAY-000302,CMP-NL-001,V0044,TXN-000316,2025-09-05,2025-09-16,completed,349043.05,177.80,349220.85,INR,UPI,UTR-250916-000302,INV-V0044-2509-3421,,AP Automation,2025-09-05T10:00:00+05:30
PAY-000231,CMP-NL-001,V0023,TXN-000243,2025-09-26,2025-09-17,completed,94782.67,43.28,94825.95,INR,UPI,UTR-250917-000231,INV-V0023-2508-8338,,AP Automation,2025-08-30T10:00:00+05:30
PAY-000237,CMP-NL-001,V0031,TXN-000250,2025-08-29,2025-09-17,completed,65835.44,26.99,65862.43,INR,RTGS,UTR-250917-000237,INV-V0031-2508-6585,,AP Automation,2025-08-25T10:00:00+05:30
PAY-000244,CMP-NL-001,V0042,TXN-000257,2025-09-07,2025-09-17,completed,39419.62,10.08,39429.70,INR,IMPS,UTR-250917-000244,INV-V0042-2508-4489,,AP Automation,2025-09-03T10:00:00+05:30
PAY-000306,CMP-NL-001,V0047,TXN-000321,2025-09-05,2025-09-18,completed,104739.11,90.24,104829.35,INR,Corporate Card,UTR-250918-000306,INV-V0047-2509-7445,,AP Automation,2025-09-01T10:00:00+05:30
PAY-000275,CMP-NL-001,V0018,TXN-000289,2025-10-17,2025-09-19,completed,142677.09,111.86,142788.95,INR,UPI,UTR-250919-000275,INV-V0018-2509-2718,,AP Automation,2025-09-04T10:00:00+05:30
PAY-000298,CMP-NL-001,V0041,TXN-000312,2025-10-01,2025-09-19,completed,169411.23,73.75,169484.98,INR,UPI,UTR-250919-000298,INV-V0041-2509-3876,,AP Automation,2025-09-17T10:00:00+05:30
PAY-000277,CMP-NL-001,V0020,TXN-000291,2025-10-07,2025-09-20,completed,98907.43,58.78,98966.21,INR,IMPS,UTR-250920-000277,INV-V0020-2509-3856,,AP Automation,2025-09-07T10:00:00+05:30
PAY-000262,CMP-NL-001,V0006,TXN-000275,2025-09-26,2025-09-21,completed,409782.27,251.27,410033.54,INR,UPI,UTR-250921-000262,INV-V0006-2509-4220,,AP Automation,2025-09-11T10:00:00+05:30
PAY-000288,CMP-NL-001,V0032,TXN-000302,2025-10-19,2025-09-21,completed,46319.35,52.73,46372.08,INR,RTGS,UTR-250921-000288,INV-V0032-2509-4204,,AP Automation,2025-09-19T10:00:00+05:30
PAY-000294,CMP-NL-001,V0036,TXN-000308,2025-09-14,2025-09-21,completed,169441.76,143.74,169585.50,INR,ACH,UTR-250921-000294,INV-V0036-2509-8498,,AP Automation,2025-09-14T10:00:00+05:30
PAY-000308,CMP-NL-001,V0050,TXN-000323,2025-10-19,2025-09-21,failed,64646.78,0.00,0.00,INR,RTGS,UTR-250921-000308,INV-V0050-2509-9813,Invalid bank details,AP Automation,2025-09-07T10:00:00+05:30
PAY-000293,CMP-NL-001,V0035,TXN-000307,2025-10-26,2025-09-22,completed,127722.53,96.53,127819.06,INR,RTGS,UTR-250922-000293,INV-V0035-2509-2188,,AP Automation,2025-09-12T10:00:00+05:30
PAY-000255,CMP-NL-001,V0001,TXN-000268,2025-09-16,2025-09-23,completed,128285.44,134.09,128419.53,INR,IMPS,UTR-250923-000255,INV-V0001-2509-7653,,AP Automation,2025-09-16T10:00:00+05:30
PAY-000289,CMP-NL-001,V0032,TXN-000303,2025-10-10,2025-09-23,completed,51384.92,52.18,51437.10,INR,NEFT,UTR-250923-000289,INV-V0032-2509-6303,,AP Automation,2025-09-10T10:00:00+05:30
PAY-000256,CMP-NL-001,V0003,TXN-000269,2025-10-14,2025-09-24,completed,403453.23,269.65,403722.88,INR,UPI,UTR-250924-000256,INV-V0003-2509-9048,,AP Automation,2025-09-02T10:00:00+05:30
PAY-000259,CMP-NL-001,V0004,TXN-000272,2025-09-17,2025-09-24,completed,402330.81,421.74,402752.55,INR,UPI,UTR-250924-000259,INV-V0004-2509-3485,,AP Automation,2025-09-10T10:00:00+05:30
PAY-000284,CMP-NL-001,V0025,TXN-000298,2025-10-02,2025-09-24,completed,120995.68,89.48,121085.16,INR,UPI,UTR-250924-000284,INV-V0025-2509-1383,,AP Automation,2025-09-04T10:00:00+05:30
PAY-000303,CMP-NL-001,V0045,TXN-000317,2025-10-05,2025-09-24,completed,35546.60,29.13,35575.73,INR,IMPS,UTR-250924-000303,INV-V0045-2509-9113,,AP Automation,2025-09-23T10:00:00+05:30
PAY-000265,CMP-NL-001,V0008,TXN-000278,2025-10-19,2025-09-25,failed,218620.28,0.00,0.00,INR,IMPS,UTR-250925-000265,INV-V0008-2509-7600,Daily payment limit exceeded,AP Automation,2025-09-19T10:00:00+05:30
PAY-000266,CMP-NL-001,V0009,TXN-000279,2025-09-28,2025-09-25,completed,46768.72,28.66,46797.38,INR,Corporate Card,UTR-250925-000266,INV-V0009-2509-6474,,AP Automation,2025-09-13T10:00:00+05:30
PAY-000283,CMP-NL-001,V0024,TXN-000297,2025-09-17,2025-09-25,completed,28230.80,16.85,28247.65,INR,Corporate Card,UTR-250925-000283,INV-V0024-2509-6021,,AP Automation,2025-09-04T10:00:00+05:30
PAY-000285,CMP-NL-001,V0026,TXN-000299,2025-11-04,2025-09-25,failed,152870.45,0.00,0.00,INR,Corporate Card,UTR-250925-000285,INV-V0026-2509-8232,Invalid bank details,AP Automation,2025-09-21T10:00:00+05:30
PAY-000268,CMP-NL-001,V0011,TXN-000281,2025-09-11,2025-09-26,completed,50267.46,27.91,50295.37,INR,IMPS,UTR-250926-000268,INV-V0011-2509-1650,,AP Automation,2025-09-11T10:00:00+05:30
PAY-000305,CMP-NL-001,V0046,TXN-000320,2025-10-11,2025-09-26,completed,12190.32,4.61,12194.93,INR,RTGS,UTR-250926-000305,INV-V0046-2509-3905,,AP Automation,2025-09-13T10:00:00+05:30
PAY-000207,CMP-NL-001,V0004,TXN-000218,2025-09-10,2025-09-27,completed,505226.83,203.91,505430.74,INR,ACH,UTR-250927-000207,INV-V0004-2508-1834,,AP Automation,2025-09-04T10:00:00+05:30
PAY-000296,CMP-NL-001,V0038,TXN-000310,2025-10-20,2025-09-27,completed,149189.67,42.84,149232.51,INR,IMPS,UTR-250927-000296,INV-V0038-2509-8851,,AP Automation,2025-09-20T10:00:00+05:30
PAY-000310,CMP-NL-001,V0052,TXN-000325,2025-09-12,2025-09-27,completed,40191.72,50.60,40242.32,INR,RTGS,UTR-250927-000310,INV-V0052-2509-1153,,AP Automation,2025-09-05T10:00:00+05:30
PAY-000258,CMP-NL-001,V0004,TXN-000271,2025-09-28,2025-09-28,completed,113351.11,139.40,113490.51,INR,NEFT,UTR-250928-000258,INV-V0004-2509-5424,,AP Automation,2025-09-21T10:00:00+05:30
PAY-000281,CMP-NL-001,V0023,TXN-000295,2025-10-25,2025-09-28,completed,122337.77,177.97,122515.74,INR,ACH,UTR-250928-000281,INV-V0023-2509-3375,,AP Automation,2025-09-25T10:00:00+05:30
PAY-000278,CMP-NL-001,V0021,TXN-000292,2025-09-26,2025-09-30,completed,462391.71,480.46,462872.17,INR,ACH,UTR-250930-000278,INV-V0021-2509-7147,,AP Automation,2025-09-26T10:00:00+05:30
PAY-000272,CMP-NL-001,V0015,TXN-000286,2025-09-10,2025-10-01,completed,189623.88,141.64,189765.52,INR,RTGS,UTR-251001-000272,INV-V0015-2509-5480,,AP Automation,2025-09-10T10:00:00+05:30
PAY-000295,CMP-NL-001,V0037,TXN-000309,2025-10-04,2025-10-01,completed,401741.69,411.68,402153.37,INR,Corporate Card,UTR-251001-000295,INV-V0037-2509-6294,,AP Automation,2025-09-29T10:00:00+05:30
PAY-000291,CMP-NL-001,V0034,TXN-000305,2025-10-10,2025-10-02,completed,29397.27,12.29,29409.56,INR,UPI,UTR-251002-000291,INV-V0034-2509-7136,,AP Automation,2025-09-26T10:00:00+05:30
PAY-000270,CMP-NL-001,V0012,TXN-000283,2025-09-21,2025-10-03,completed,43054.70,33.02,43087.72,INR,IMPS,UTR-251003-000270,INV-V0012-2509-6929,,AP Automation,2025-09-14T10:00:00+05:30
PAY-000273,CMP-NL-001,V0016,TXN-000287,2025-10-18,2025-10-03,reversed,198753.96,0.00,0.00,INR,IMPS,UTR-251003-000273,INV-V0016-2509-4192,,AP Automation,2025-09-18T10:00:00+05:30
PAY-000286,CMP-NL-001,V0026,TXN-000300,2025-10-30,2025-10-03,completed,405380.50,391.98,405772.48,INR,Corporate Card,UTR-251003-000286,INV-V0026-2509-9067,,AP Automation,2025-09-17T10:00:00+05:30
PAY-000254,CMP-NL-001,V0001,TXN-000267,2025-09-28,2025-10-04,completed,166189.68,139.17,166328.85,INR,ACH,UTR-251004-000254,INV-V0001-2509-9837,,AP Automation,2025-09-28T10:00:00+05:30
PAY-000279,CMP-NL-001,V0021,TXN-000293,2025-09-22,2025-10-04,completed,286861.22,132.27,286993.49,INR,RTGS,UTR-251004-000279,INV-V0021-2509-8406,,AP Automation,2025-09-22T10:00:00+05:30
PAY-000347,CMP-NL-001,V0035,TXN-000365,2025-11-14,2025-10-04,completed,256356.54,330.66,256687.20,INR,RTGS,UTR-251004-000347,INV-V0035-2510-8211,,AP Automation,2025-10-03T10:00:00+05:30
PAY-000260,CMP-NL-001,V0005,TXN-000273,2025-09-24,2025-10-05,completed,73970.08,52.48,74022.56,INR,IMPS,UTR-251005-000260,INV-V0005-2509-4491,,AP Automation,2025-09-19T10:00:00+05:30
PAY-000314,CMP-NL-001,V0056,TXN-000329,2025-10-30,2025-10-05,completed,41181.08,34.26,41215.34,INR,UPI,UTR-251005-000314,INV-V0056-2509-7714,,AP Automation,2025-09-16T10:00:00+05:30
PAY-000269,CMP-NL-001,V0012,TXN-000282,2025-09-30,2025-10-06,completed,41952.33,20.90,41973.23,INR,Corporate Card,UTR-251006-000269,INV-V0012-2509-1566,,AP Automation,2025-09-23T10:00:00+05:30
PAY-000299,CMP-NL-001,V0042,TXN-000313,2025-10-03,2025-10-07,completed,35881.59,20.38,35901.97,INR,IMPS,UTR-251007-000299,INV-V0042-2509-6381,,AP Automation,2025-09-26T10:00:00+05:30
PAY-000300,CMP-NL-001,V0042,TXN-000314,2025-10-07,2025-10-07,completed,32093.76,20.46,32114.22,INR,UPI,UTR-251007-000300,INV-V0042-2509-1125,,AP Automation,2025-10-02T10:00:00+05:30
PAY-000348,CMP-NL-001,V0036,TXN-000366,2025-10-07,2025-10-07,completed,186270.29,116.75,186387.04,INR,IMPS,UTR-251007-000348,INV-V0036-2510-4383,,AP Automation,2025-10-07T10:00:00+05:30
PAY-000257,CMP-NL-001,V0003,TXN-000270,2025-11-05,2025-10-08,completed,175164.97,155.10,175320.07,INR,IMPS,UTR-251008-000257,INV-V0003-2509-3556,,AP Automation,2025-09-22T10:00:00+05:30
PAY-000274,CMP-NL-001,V0017,TXN-000288,2025-09-19,2025-10-08,completed,105141.75,130.28,105272.03,INR,ACH,UTR-251008-000274,INV-V0017-2509-4102,,AP Automation,2025-09-19T10:00:00+05:30
PAY-000280,CMP-NL-001,V0022,TXN-000294,2025-10-18,2025-10-08,completed,505640.77,509.84,506150.61,INR,ACH,UTR-251008-000280,INV-V0022-2509-1146,,AP Automation,2025-09-19T10:00:00+05:30
PAY-000282,CMP-NL-001,V0024,TXN-000296,2025-10-02,2025-10-08,completed,72353.52,65.92,72419.44,INR,NEFT,UTR-251008-000282,INV-V0024-2509-4440,,AP Automation,2025-09-17T10:00:00+05:30
PAY-000328,CMP-NL-001,V0014,TXN-000345,2025-11-02,2025-10-08,completed,61749.36,83.91,61833.27,INR,RTGS,UTR-251008-000328,INV-V0014-2510-2651,,AP Automation,2025-10-05T10:00:00+05:30
PAY-000339,CMP-NL-001,V0024,TXN-000357,2025-10-19,2025-10-10,completed,73203.89,71.70,73275.59,INR,Corporate Card,UTR-251010-000339,INV-V0024-2510-7676,,AP Automation,2025-10-04T10:00:00+05:30
PAY-000261,CMP-NL-001,V0005,TXN-000274,2025-09-26,2025-10-11,reversed,139863.52,0.00,0.00,INR,IMPS,UTR-251011-000261,INV-V0005-2509-2619,,AP Automation,2025-09-20T10:00:00+05:30
PAY-000292,CMP-NL-001,V0035,TXN-000306,2025-11-09,2025-10-12,completed,177589.09,95.76,177684.85,INR,ACH,UTR-251012-000292,INV-V0035-2509-7464,,AP Automation,2025-09-26T10:00:00+05:30
PAY-000290,CMP-NL-001,V0034,TXN-000304,2025-10-04,2025-10-13,completed,46155.80,21.55,46177.35,INR,RTGS,UTR-251013-000290,INV-V0034-2509-4499,,AP Automation,2025-09-19T10:00:00+05:30
PAY-000301,CMP-NL-001,V0043,TXN-000315,2025-10-03,2025-10-14,completed,51428.85,16.67,51445.52,INR,UPI,UTR-251014-000301,INV-V0043-2509-1662,,AP Automation,2025-10-03T10:00:00+05:30
PAY-000307,CMP-NL-001,V0048,TXN-000322,2025-11-04,2025-10-14,completed,225343.96,281.58,225625.54,INR,RTGS,UTR-251014-000307,INV-V0048-2509-7760,,AP Automation,2025-09-20T10:00:00+05:30
PAY-000309,CMP-NL-001,V0051,TXN-000324,2025-09-27,2025-10-14,completed,73861.68,90.20,73951.88,INR,IMPS,UTR-251014-000309,INV-V0051-2509-5745,,AP Automation,2025-09-23T10:00:00+05:30
PAY-000355,CMP-NL-001,V0044,TXN-000373,2025-10-09,2025-10-14,completed,280422.81,362.43,280785.24,INR,NEFT,UTR-251014-000355,INV-V0044-2510-5097,,AP Automation,2025-10-09T10:00:00+05:30
PAY-000349,CMP-NL-001,V0037,TXN-000367,2025-10-12,2025-10-15,completed,594898.39,168.07,595066.46,INR,IMPS,UTR-251015-000349,INV-V0037-2510-6864,,AP Automation,2025-10-07T10:00:00+05:30
PAY-000318,CMP-NL-001,V0004,TXN-000333,2025-10-19,2025-10-17,completed,485235.02,126.90,485361.92,INR,IMPS,UTR-251017-000318,INV-V0004-2510-4294,,AP Automation,2025-10-14T10:00:00+05:30
PAY-000335,CMP-NL-001,V0018,TXN-000352,2025-11-17,2025-10-17,completed,156556.98,45.83,156602.81,INR,Corporate Card,UTR-251017-000335,INV-V0018-2510-3138,,AP Automation,2025-10-05T10:00:00+05:30
PAY-000276,CMP-NL-001,V0019,TXN-000290,2025-10-14,2025-10-18,completed,183787.91,99.39,183887.30,INR,Corporate Card,UTR-251018-000276,INV-V0019-2509-9686,,AP Automation,2025-09-30T10:00:00+05:30
PAY-000304,CMP-NL-001,V0046,TXN-000319,2025-10-25,2025-10-18,completed,15367.93,4.03,15371.96,INR,IMPS,UTR-251018-000304,INV-V0046-2509-8482,,AP Automation,2025-09-26T10:00:00+05:30
PAY-000325,CMP-NL-001,V0011,TXN-000340,2025-10-11,2025-10-19,completed,45445.66,47.93,45493.59,INR,IMPS,UTR-251019-000325,INV-V0011-2510-1689,,AP Automation,2025-10-11T10:00:00+05:30
PAY-000336,CMP-NL-001,V0019,TXN-000353,2025-10-27,2025-10-19,completed,50315.82,25.86,50341.68,INR,IMPS,UTR-251019-000336,INV-V0019-2510-3890,,AP Automation,2025-10-12T10:00:00+05:30
PAY-000316,CMP-NL-001,V0003,TXN-000331,2025-11-26,2025-10-20,completed,173982.75,83.28,174066.03,INR,RTGS,UTR-251020-000316,INV-V0003-2510-2928,,AP Automation,2025-10-15T10:00:00+05:30
PAY-000337,CMP-NL-001,V0020,TXN-000354,2025-11-02,2025-10-21,reversed,122840.79,0.00,0.00,INR,RTGS,UTR-251021-000337,INV-V0020-2510-4034,,AP Automation,2025-10-03T10:00:00+05:30
PAY-000346,CMP-NL-001,V0033,TXN-000364,2025-12-01,2025-10-21,completed,62135.52,66.32,62201.84,INR,RTGS,UTR-251021-000346,INV-V0033-2510-9460,,AP Automation,2025-10-19T10:00:00+05:30
PAY-000351,CMP-NL-001,V0039,TXN-000369,2025-11-06,2025-10-22,completed,73748.11,65.79,73813.90,INR,ACH,UTR-251022-000351,INV-V0039-2510-9092,,AP Automation,2025-10-08T10:00:00+05:30
PAY-000327,CMP-NL-001,V0013,TXN-000344,2025-10-26,2025-10-23,completed,21497.92,8.42,21506.34,INR,ACH,UTR-251023-000327,INV-V0013-2510-7960,,AP Automation,2025-10-11T10:00:00+05:30
PAY-000341,CMP-NL-001,V0028,TXN-000359,2025-10-18,2025-10-23,completed,249579.36,327.04,249906.40,INR,Corporate Card,UTR-251023-000341,INV-V0028-2510-5142,,AP Automation,2025-10-14T10:00:00+05:30
PAY-000354,CMP-NL-001,V0043,TXN-000372,2025-10-02,2025-10-23,completed,45184.31,60.67,45244.98,INR,Corporate Card,UTR-251023-000354,INV-V0043-2510-4032,,AP Automation,2025-10-02T10:00:00+05:30
PAY-000352,CMP-NL-001,V0039,TXN-000370,2025-11-17,2025-10-24,completed,40311.35,32.43,40343.78,INR,Corporate Card,UTR-251024-000352,INV-V0039-2510-7061,,AP Automation,2025-10-20T10:00:00+05:30
PAY-000287,CMP-NL-001,V0030,TXN-000301,2025-10-03,2025-10-26,completed,109410.71,112.50,109523.21,INR,UPI,UTR-251026-000287,INV-V0030-2509-8242,,AP Automation,2025-10-03T10:00:00+05:30
PAY-000322,CMP-NL-001,V0008,TXN-000337,2025-11-17,2025-10-26,completed,201670.62,215.63,201886.25,INR,Corporate Card,UTR-251026-000322,INV-V0008-2510-9033,,AP Automation,2025-10-18T10:00:00+05:30
PAY-000361,CMP-NL-001,V0054,TXN-000379,2025-10-25,2025-10-26,completed,98952.66,73.74,99026.40,INR,RTGS,UTR-251026-000361,INV-V0054-2510-8678,,AP Automation,2025-10-25T10:00:00+05:30
PAY-000332,CMP-NL-001,V0017,TXN-000349,2025-10-05,2025-10-27,completed,34621.75,10.14,34631.89,INR,Corporate Card,UTR-251027-000332,INV-V0017-2510-8933,,AP Automation,2025-10-05T10:00:00+05:30
PAY-000362,CMP-NL-001,V0055,TXN-000380,2025-11-05,2025-10-27,reversed,43104.97,0.00,0.00,INR,ACH,UTR-251027-000362,INV-V0055-2510-9968,,AP Automation,2025-10-24T10:00:00+05:30
PAY-000353,CMP-NL-001,V0041,TXN-000371,2025-10-27,2025-10-28,completed,62710.42,67.78,62778.20,INR,UPI,UTR-251028-000353,INV-V0041-2510-3319,,AP Automation,2025-10-14T10:00:00+05:30
PAY-000359,CMP-NL-001,V0050,TXN-000377,2025-11-20,2025-10-28,completed,51592.16,54.90,51647.06,INR,UPI,UTR-251028-000359,INV-V0050-2510-4697,,AP Automation,2025-10-07T10:00:00+05:30
PAY-000333,CMP-NL-001,V0017,TXN-000350,2025-10-10,2025-10-29,completed,47326.05,13.86,47339.91,INR,IMPS,UTR-251029-000333,INV-V0017-2510-1601,,AP Automation,2025-10-10T10:00:00+05:30
PAY-000344,CMP-NL-001,V0032,TXN-000362,2025-11-13,2025-10-29,completed,46244.77,52.01,46296.78,INR,IMPS,UTR-251029-000344,INV-V0032-2510-9953,,AP Automation,2025-10-14T10:00:00+05:30
PAY-000356,CMP-NL-001,V0045,TXN-000374,2025-11-03,2025-10-29,completed,42848.64,59.34,42907.98,INR,NEFT,UTR-251029-000356,INV-V0045-2510-9475,,AP Automation,2025-10-21T10:00:00+05:30
PAY-000331,CMP-NL-001,V0016,TXN-000348,2025-11-28,2025-10-30,completed,222813.18,177.57,222990.75,INR,Corporate Card,UTR-251030-000331,INV-V0016-2510-5307,,AP Automation,2025-10-29T10:00:00+05:30
PAY-000321,CMP-NL-001,V0007,TXN-000336,2025-11-13,2025-10-31,completed,249483.89,75.80,249559.69,INR,ACH,UTR-251031-000321,INV-V0007-2510-9585,,AP Automation,2025-10-31T10:00:00+05:30
PAY-000334,CMP-NL-001,V0017,TXN-000351,2025-10-19,2025-10-31,completed,28306.85,40.17,28347.02,INR,IMPS,UTR-251031-000334,INV-V0017-2510-8315,,AP Automation,2025-10-19T10:00:00+05:30
PAY-000323,CMP-NL-001,V0009,TXN-000338,2025-11-15,2025-11-02,completed,40801.75,27.22,40828.97,INR,UPI,UTR-251102-000323,INV-V0009-2510-6657,,AP Automation,2025-10-31T10:00:00+05:30
PAY-000357,CMP-NL-001,V0045,TXN-000375,2025-10-31,2025-11-03,completed,44210.21,26.66,44236.87,INR,ACH,UTR-251103-000357,INV-V0045-2510-4779,,AP Automation,2025-10-19T10:00:00+05:30
PAY-000329,CMP-NL-001,V0014,TXN-000346,2025-11-14,2025-11-04,completed,49905.18,24.17,49929.35,INR,IMPS,UTR-251104-000329,INV-V0014-2510-5875,,AP Automation,2025-10-15T10:00:00+05:30
PAY-000360,CMP-NL-001,V0051,TXN-000378,2025-10-16,2025-11-04,completed,31989.41,27.55,32016.96,INR,NEFT,UTR-251104-000360,INV-V0051-2510-8390,,AP Automation,2025-10-12T10:00:00+05:30
PAY-000320,CMP-NL-001,V0006,TXN-000335,2025-10-26,2025-11-05,completed,317887.55,326.57,318214.12,INR,Corporate Card,UTR-251105-000320,INV-V0006-2510-7446,,AP Automation,2025-10-12T10:00:00+05:30
PAY-000330,CMP-NL-001,V0015,TXN-000347,2025-10-24,2025-11-06,completed,90545.39,59.22,90604.61,INR,Corporate Card,UTR-251106-000330,INV-V0015-2510-4497,,AP Automation,2025-10-24T10:00:00+05:30
PAY-000342,CMP-NL-001,V0030,TXN-000360,2025-10-28,2025-11-06,completed,72113.89,56.77,72170.66,INR,UPI,UTR-251106-000342,INV-V0030-2510-3415,,AP Automation,2025-10-28T10:00:00+05:30
PAY-000326,CMP-NL-001,V0012,TXN-000342,2025-11-04,2025-11-07,completed,56906.41,15.17,56921.58,INR,IMPS,UTR-251107-000326,INV-V0012-2510-8879,,AP Automation,2025-10-29T10:00:00+05:30
PAY-000404,CMP-NL-001,V0040,TXN-000427,2025-12-19,2025-11-08,completed,82775.76,58.71,82834.47,INR,IMPS,UTR-251108-000404,INV-V0040-2511-6081,,AP Automation,2025-11-06T10:00:00+05:30
PAY-000338,CMP-NL-001,V0023,TXN-000356,2025-11-25,2025-11-09,completed,70646.41,34.70,70681.11,INR,UPI,UTR-251109-000338,INV-V0023-2510-6328,,AP Automation,2025-10-26T10:00:00+05:30
PAY-000350,CMP-NL-001,V0038,TXN-000368,2025-11-28,2025-11-10,completed,328091.11,405.43,328496.54,INR,IMPS,UTR-251110-000350,INV-V0038-2510-4736,,AP Automation,2025-10-31T10:00:00+05:30
PAY-000407,CMP-NL-001,V0042,TXN-000430,2025-11-09,2025-11-10,completed,24793.64,12.95,24806.59,INR,RTGS,UTR-251110-000407,INV-V0042-2511-8187,,AP Automation,2025-11-02T10:00:00+05:30
PAY-000345,CMP-NL-001,V0032,TXN-000363,2025-11-14,2025-11-11,completed,53617.15,66.29,53683.44,INR,NEFT,UTR-251111-000345,INV-V0032-2510-3062,,AP Automation,2025-10-18T10:00:00+05:30
PAY-000364,CMP-NL-001,V0001,TXN-000383,2025-11-06,2025-11-11,completed,682308.25,419.25,682727.50,INR,Corporate Card,UTR-251111-000364,INV-V0001-2511-9568,,AP Automation,2025-11-06T10:00:00+05:30
PAY-000380,CMP-NL-001,V0016,TXN-000402,2025-12-11,2025-11-11,completed,90418.82,49.75,90468.57,INR,RTGS,UTR-251111-000380,INV-V0016-2511-5396,,AP Automation,2025-11-11T10:00:00+05:30
PAY-000363,CMP-NL-001,V0056,TXN-000381,2025-12-01,2025-11-12,completed,14369.10,9.77,14378.87,INR,NEFT,UTR-251112-000363,INV-V0056-2510-2192,,AP Automation,2025-10-20T10:00:00+05:30
PAY-000388,CMP-NL-001,V0022,TXN-000411,2025-11-29,2025-11-12,completed,342120.71,216.62,342337.33,INR,RTGS,UTR-251112-000388,INV-V0022-2511-6956,,AP Automation,2025-11-02T10:00:00+05:30
PAY-000340,CMP-NL-001,V0027,TXN-000358,2025-11-08,2025-11-13,completed,689876.46,451.92,690328.38,INR,Corporate Card,UTR-251113-000340,INV-V0027-2510-2509,,AP Automation,2025-11-01T10:00:00+05:30
PAY-000386,CMP-NL-001,V0020,TXN-000409,2025-12-06,2025-11-13,completed,118278.26,31.53,118309.79,INR,IMPS,UTR-251113-000386,INV-V0020-2511-7424,,AP Automation,2025-11-06T10:00:00+05:30
PAY-000387,CMP-NL-001,V0021,TXN-000410,2025-11-05,2025-11-13,completed,1348310.60,1461.00,1349771.60,INR,RTGS,UTR-251113-000387,INV-V0021-2511-5616,,AP Automation,2025-11-05T10:00:00+05:30
PAY-000319,CMP-NL-001,V0005,TXN-000334,2025-11-04,2025-11-15,completed,145820.23,207.23,146027.46,INR,Corporate Card,UTR-251115-000319,INV-V0005-2510-4495,,AP Automation,2025-10-30T10:00:00+05:30
PAY-000392,CMP-NL-001,V0025,TXN-000415,2025-11-30,2025-11-15,completed,110435.07,149.34,110584.41,INR,UPI,UTR-251115-000392,INV-V0025-2511-5142,,AP Automation,2025-11-02T10:00:00+05:30
PAY-000358,CMP-NL-001,V0046,TXN-000376,2025-11-24,2025-11-16,completed,60862.50,41.78,60904.28,INR,UPI,UTR-251116-000358,INV-V0046-2510-5394,,AP Automation,2025-10-25T10:00:00+05:30
PAY-000396,CMP-NL-001,V0031,TXN-000419,2025-11-13,2025-11-16,completed,183956.92,107.28,184064.20,INR,IMPS,UTR-251116-000396,INV-V0031-2511-3313,,AP Automation,2025-11-09T10:00:00+05:30
PAY-000369,CMP-NL-001,V0005,TXN-000388,2025-11-18,2025-11-17,completed,357153.86,198.11,357351.97,INR,Corporate Card,UTR-251117-000369,INV-V0005-2511-5375,,AP Automation,2025-11-11T10:00:00+05:30
PAY-000324,CMP-NL-001,V0010,TXN-000339,2025-12-08,2025-11-19,completed,112157.62,118.40,112276.02,INR,NEFT,UTR-251119-000324,INV-V0010-2510-1314,,AP Automation,2025-10-26T10:00:00+05:30
PAY-000377,CMP-NL-001,V0014,TXN-000399,2025-12-15,2025-11-19,completed,102497.67,79.13,102576.80,INR,UPI,UTR-251119-000377,INV-V0014-2511-2320,,AP Automation,2025-11-18T10:00:00+05:30
PAY-000383,CMP-NL-001,V0017,TXN-000405,2025-11-15,2025-11-20,completed,47790.54,66.23,47856.77,INR,IMPS,UTR-251120-000383,INV-V0017-2511-8679,,AP Automation,2025-11-15T10:00:00+05:30
PAY-000393,CMP-NL-001,V0026,TXN-000416,2025-12-19,2025-11-20,completed,327124.36,256.43,327380.79,INR,NEFT,UTR-251120-000393,INV-V0026-2511-1736,,AP Automation,2025-11-07T10:00:00+05:30
PAY-000317,CMP-NL-001,V0003,TXN-000332,2025-12-10,2025-11-21,completed,303140.64,162.33,303302.97,INR,Corporate Card,UTR-251121-000317,INV-V0003-2510-4265,,AP Automation,2025-10-28T10:00:00+05:30
PAY-000343,CMP-NL-001,V0030,TXN-000361,2025-10-29,2025-11-21,completed,76363.18,102.28,76465.46,INR,ACH,UTR-251121-000343,INV-V0030-2510-3664,,AP Automation,2025-10-29T10:00:00+05:30
PAY-000370,CMP-NL-001,V0006,TXN-000389,2025-11-19,2025-11-21,completed,83894.16,109.64,84003.80,INR,UPI,UTR-251121-000370,INV-V0006-2511-4020,,AP Automation,2025-11-07T10:00:00+05:30
PAY-000375,CMP-NL-001,V0012,TXN-000397,2025-11-16,2025-11-21,completed,44023.03,46.15,44069.18,INR,UPI,UTR-251121-000375,INV-V0012-2511-8195,,AP Automation,2025-11-11T10:00:00+05:30
PAY-000400,CMP-NL-001,V0037,TXN-000423,2025-11-28,2025-11-21,completed,312858.56,310.93,313169.49,INR,ACH,UTR-251121-000400,INV-V0037-2511-5542,,AP Automation,2025-11-21T10:00:00+05:30
PAY-000405,CMP-NL-001,V0041,TXN-000428,2025-11-23,2025-11-21,completed,62027.09,77.26,62104.35,INR,IMPS,UTR-251121-000405,INV-V0041-2511-7484,,AP Automation,2025-11-11T10:00:00+05:30
PAY-000406,CMP-NL-001,V0041,TXN-000429,2025-11-19,2025-11-21,completed,55775.46,82.60,55858.06,INR,RTGS,UTR-251121-000406,INV-V0041-2511-9569,,AP Automation,2025-11-04T10:00:00+05:30
PAY-000315,CMP-NL-001,V0001,TXN-000330,2025-11-04,2025-11-22,completed,212782.28,160.77,212943.05,INR,IMPS,UTR-251122-000315,INV-V0001-2510-6687,,AP Automation,2025-11-04T10:00:00+05:30
PAY-000373,CMP-NL-001,V0010,TXN-000394,2025-12-29,2025-11-22,completed,101922.93,112.78,102035.71,INR,ACH,UTR-251122-000373,INV-V0010-2511-3382,,AP Automation,2025-11-14T10:00:00+05:30
PAY-000395,CMP-NL-001,V0029,TXN-000418,2025-12-12,2025-11-23,completed,161756.01,116.30,161872.31,INR,UPI,UTR-251123-000395,INV-V0029-2511-3504,,AP Automation,2025-11-12T10:00:00+05:30
PAY-000402,CMP-NL-001,V0039,TXN-000425,2025-11-30,2025-11-23,completed,65197.48,73.67,65271.15,INR,ACH,UTR-251123-000402,INV-V0039-2511-1658,,AP Automation,2025-11-01T10:00:00+05:30
PAY-000389,CMP-NL-001,V0023,TXN-000412,2025-12-06,2025-11-24,completed,65598.18,78.85,65677.03,INR,UPI,UTR-251124-000389,INV-V0023-2511-2070,,AP Automation,2025-11-06T10:00:00+05:30
PAY-000372,CMP-NL-001,V0008,TXN-000392,2025-12-13,2025-11-25,completed,77583.36,92.05,77675.41,INR,ACH,UTR-251125-000372,INV-V0008-2511-6124,,AP Automation,2025-11-14T10:00:00+05:30
PAY-000381,CMP-NL-001,V0016,TXN-000403,2025-12-09,2025-11-25,completed,162342.04,104.37,162446.41,INR,UPI,UTR-251125-000381,INV-V0016-2511-6810,,AP Automation,2025-11-12T10:00:00+05:30
PAY-000368,CMP-NL-001,V0004,TXN-000387,2025-11-15,2025-11-26,completed,500007.67,129.02,500136.69,INR,UPI,UTR-251126-000368,INV-V0004-2511-6830,,AP Automation,2025-11-09T10:00:00+05:30
PAY-000384,CMP-NL-001,V0018,TXN-000407,2025-12-22,2025-11-27,completed,60295.79,71.87,60367.66,INR,IMPS,UTR-251127-000384,INV-V0018-2511-4842,,AP Automation,2025-11-08T10:00:00+05:30
PAY-000394,CMP-NL-001,V0027,TXN-000417,2025-11-23,2025-11-27,completed,576802.42,421.51,577223.93,INR,NEFT,UTR-251127-000394,INV-V0027-2511-2784,,AP Automation,2025-11-16T10:00:00+05:30
PAY-000415,CMP-NL-001,V0054,TXN-000438,2025-11-04,2025-11-27,completed,121593.02,73.34,121666.36,INR,RTGS,UTR-251127-000415,INV-V0054-2511-4782,,AP Automation,2025-11-04T10:00:00+05:30
PAY-000410,CMP-NL-001,V0045,TXN-000433,2025-11-19,2025-11-28,completed,58158.53,39.56,58198.09,INR,RTGS,UTR-251128-000410,INV-V0045-2511-8527,,AP Automation,2025-11-07T10:00:00+05:30
PAY-000365,CMP-NL-001,V0002,TXN-000384,2025-12-09,2025-11-29,completed,76681.31,64.37,76745.68,INR,NEFT,UTR-251129-000365,INV-V0002-2511-4995,,AP Automation,2025-11-09T10:00:00+05:30
PAY-000390,CMP-NL-001,V0023,TXN-000413,2025-12-18,2025-11-29,completed,38758.99,35.99,38794.98,INR,RTGS,UTR-251129-000390,INV-V0023-2511-5523,,AP Automation,2025-11-19T10:00:00+05:30
PAY-000401,CMP-NL-001,V0038,TXN-000424,2025-12-13,2025-11-29,completed,298173.63,258.62,298432.25,INR,UPI,UTR-251129-000401,INV-V0038-2511-9759,,AP Automation,2025-11-16T10:00:00+05:30
PAY-000398,CMP-NL-001,V0035,TXN-000421,2026-01-01,2025-11-30,completed,131226.32,192.09,131418.41,INR,RTGS,UTR-251130-000398,INV-V0035-2511-6939,,AP Automation,2025-11-18T10:00:00+05:30
PAY-000397,CMP-NL-001,V0035,TXN-000420,2026-01-11,2025-12-01,completed,161265.65,44.23,161309.88,INR,ACH,UTR-251201-000397,INV-V0035-2511-2184,,AP Automation,2025-11-27T10:00:00+05:30
PAY-000366,CMP-NL-001,V0003,TXN-000385,2026-01-09,2025-12-02,completed,670345.51,790.02,671135.53,INR,IMPS,UTR-251202-000366,INV-V0003-2511-2687,,AP Automation,2025-11-27T10:00:00+05:30
PAY-000411,CMP-NL-001,V0046,TXN-000434,2025-12-16,2025-12-02,completed,93823.19,41.63,93864.82,INR,Corporate Card,UTR-251202-000411,INV-V0046-2511-4118,,AP Automation,2025-11-19T10:00:00+05:30
PAY-000374,CMP-NL-001,V0012,TXN-000396,2025-12-05,2025-12-03,completed,55917.21,59.13,55976.34,INR,NEFT,UTR-251203-000374,INV-V0012-2511-9363,,AP Automation,2025-11-28T10:00:00+05:30
PAY-000391,CMP-NL-001,V0024,TXN-000414,2025-12-02,2025-12-04,completed,64958.66,89.13,65047.79,INR,ACH,UTR-251204-000391,INV-V0024-2511-4551,,AP Automation,2025-11-18T10:00:00+05:30
PAY-000371,CMP-NL-001,V0007,TXN-000391,2025-12-09,2025-12-05,completed,101904.45,43.12,101947.57,INR,UPI,UTR-251205-000371,INV-V0007-2511-3723,,AP Automation,2025-11-27T10:00:00+05:30
PAY-000399,CMP-NL-001,V0036,TXN-000422,2025-11-26,2025-12-05,reversed,147859.00,0.00,0.00,INR,ACH,UTR-251205-000399,INV-V0036-2511-9993,,AP Automation,2025-11-26T10:00:00+05:30
PAY-000408,CMP-NL-001,V0042,TXN-000431,2025-12-06,2025-12-06,completed,39840.80,8.68,39849.48,INR,NEFT,UTR-251206-000408,INV-V0042-2511-4966,,AP Automation,2025-12-01T10:00:00+05:30
PAY-000417,CMP-NL-001,V0056,TXN-000440,2026-01-05,2025-12-08,completed,28264.70,40.03,28304.73,INR,UPI,UTR-251208-000417,INV-V0056-2511-3645,,AP Automation,2025-11-24T10:00:00+05:30
PAY-000413,CMP-NL-001,V0051,TXN-000436,2025-11-27,2025-12-09,completed,20051.54,29.75,20081.29,INR,IMPS,UTR-251209-000413,INV-V0051-2511-9877,,AP Automation,2025-11-20T10:00:00+05:30
PAY-000416,CMP-NL-001,V0055,TXN-000439,2025-12-08,2025-12-09,completed,112492.57,132.08,112624.65,INR,RTGS,UTR-251209-000416,INV-V0055-2511-4724,,AP Automation,2025-11-24T10:00:00+05:30
PAY-000385,CMP-NL-001,V0019,TXN-000408,2025-12-11,2025-12-11,completed,87904.40,62.45,87966.85,INR,UPI,UTR-251211-000385,INV-V0019-2511-6795,,AP Automation,2025-11-29T10:00:00+05:30
PAY-000446,CMP-NL-001,V0035,TXN-000471,2026-01-21,2025-12-12,completed,239004.99,246.69,239251.68,INR,RTGS,UTR-251212-000446,INV-V0035-2512-9127,,AP Automation,2025-12-10T10:00:00+05:30
PAY-000376,CMP-NL-001,V0013,TXN-000398,2025-12-18,2025-12-13,completed,67420.70,68.40,67489.10,INR,IMPS,UTR-251213-000376,INV-V0013-2511-2274,,AP Automation,2025-12-03T10:00:00+05:30
PAY-000378,CMP-NL-001,V0014,TXN-000400,2025-12-26,2025-12-13,completed,34660.05,30.37,34690.42,INR,ACH,UTR-251213-000378,INV-V0014-2511-9136,,AP Automation,2025-11-26T10:00:00+05:30
PAY-000420,CMP-NL-001,V0003,TXN-000443,2026-01-14,2025-12-15,completed,927004.76,186.76,927191.52,INR,UPI,UTR-251215-000420,INV-V0003-2512-1142,,AP Automation,2025-12-02T10:00:00+05:30
PAY-000453,CMP-NL-001,V0045,TXN-000479,2025-12-28,2025-12-15,completed,53308.98,21.61,53330.59,INR,IMPS,UTR-251215-000453,INV-V0045-2512-4446,,AP Automation,2025-12-13T10:00:00+05:30
PAY-000367,CMP-NL-001,V0003,TXN-000386,2026-01-13,2025-12-16,completed,263487.62,385.57,263873.19,INR,NEFT,UTR-251216-000367,INV-V0003-2511-1235,,AP Automation,2025-11-30T10:00:00+05:30
PAY-000412,CMP-NL-001,V0050,TXN-000435,2026-01-12,2025-12-16,completed,51936.18,76.83,52013.01,INR,Corporate Card,UTR-251216-000412,INV-V0050-2511-7682,,AP Automation,2025-11-28T10:00:00+05:30
PAY-000442,CMP-NL-001,V0025,TXN-000467,2026-01-04,2025-12-16,completed,40055.55,10.04,40065.59,INR,NEFT,UTR-251216-000442,INV-V0025-2512-4067,,AP Automation,2025-12-06T10:00:00+05:30
PAY-000457,CMP-NL-001,V0051,TXN-000483,2025-12-20,2025-12-16,completed,19930.96,12.03,19942.99,INR,NEFT,UTR-251216-000457,INV-V0051-2512-6961,,AP Automation,2025-12-13T10:00:00+05:30
PAY-000427,CMP-NL-001,V0011,TXN-000451,2025-12-19,2025-12-19,completed,59190.94,85.50,59276.44,INR,Corporate Card,UTR-251219-000427,INV-V0011-2512-1736,,AP Automation,2025-12-19T10:00:00+05:30
PAY-000459,CMP-NL-001,V0055,TXN-000485,2026-01-03,2025-12-20,failed,130138.05,0.00,0.00,INR,NEFT,UTR-251220-000459,INV-V0055-2512-2640,Beneficiary bank rejected,AP Automation,2025-12-19T10:00:00+05:30
PAY-000379,CMP-NL-001,V0015,TXN-000401,2025-11-28,2025-12-21,completed,305965.73,305.09,306270.82,INR,UPI,UTR-251221-000379,INV-V0015-2511-8705,,AP Automation,2025-11-28T10:00:00+05:30
PAY-000419,CMP-NL-001,V0002,TXN-000442,2026-01-05,2025-12-21,completed,62798.11,46.40,62844.51,INR,RTGS,UTR-251221-000419,INV-V0002-2512-2283,,AP Automation,2025-12-07T10:00:00+05:30
PAY-000449,CMP-NL-001,V0041,TXN-000474,2025-12-26,2025-12-21,completed,118065.49,92.66,118158.15,INR,Corporate Card,UTR-251221-000449,INV-V0041-2512-5191,,AP Automation,2025-12-14T10:00:00+05:30
PAY-000409,CMP-NL-001,V0043,TXN-000432,2025-12-04,2025-12-22,completed,87520.07,113.13,87633.20,INR,UPI,UTR-251222-000409,INV-V0043-2511-2889,,AP Automation,2025-12-04T10:00:00+05:30
PAY-000421,CMP-NL-001,V0004,TXN-000444,2025-12-26,2025-12-22,completed,272260.63,349.65,272610.28,INR,Corporate Card,UTR-251222-000421,INV-V0004-2512-3874,,AP Automation,2025-12-19T10:00:00+05:30
PAY-000403,CMP-NL-001,V0039,TXN-000426,2025-12-29,2025-12-23,completed,53501.34,17.77,53519.11,INR,NEFT,UTR-251223-000403,INV-V0039-2511-6007,,AP Automation,2025-11-30T10:00:00+05:30
PAY-000414,CMP-NL-001,V0052,TXN-000437,2025-12-05,2025-12-23,completed,73147.55,82.02,73229.57,INR,RTGS,UTR-251223-000414,INV-V0052-2511-9353,,AP Automation,2025-11-29T10:00:00+05:30
PAY-000444,CMP-NL-001,V0026,TXN-000469,2026-01-30,2025-12-23,completed,334031.18,99.57,334130.75,INR,RTGS,UTR-251223-000444,INV-V0026-2512-6402,,AP Automation,2025-12-16T10:00:00+05:30
PAY-000448,CMP-NL-001,V0038,TXN-000473,2026-01-15,2025-12-23,completed,436257.44,517.36,436774.80,INR,RTGS,UTR-251223-000448,INV-V0038-2512-3393,,AP Automation,2025-12-16T10:00:00+05:30
PAY-000430,CMP-NL-001,V0014,TXN-000454,2026-01-20,2025-12-24,completed,141479.89,133.32,141613.21,INR,UPI,UTR-251224-000430,INV-V0014-2512-8371,,AP Automation,2025-12-23T10:00:00+05:30
PAY-000432,CMP-NL-001,V0015,TXN-000456,2025-12-05,2025-12-25,completed,57582.50,65.97,57648.47,INR,NEFT,UTR-251225-000432,INV-V0015-2512-6193,,AP Automation,2025-12-05T10:00:00+05:30
PAY-000447,CMP-NL-001,V0037,TXN-000472,2025-12-13,2025-12-25,failed,359453.05,0.00,0.00,INR,IMPS,UTR-251225-000447,INV-V0037-2512-1178,Daily payment limit exceeded,AP Automation,2025-12-08T10:00:00+05:30
PAY-000451,CMP-NL-001,V0043,TXN-000477,2025-12-06,2025-12-25,completed,58466.87,19.74,58486.61,INR,ACH,UTR-251225-000451,INV-V0043-2512-5154,,AP Automation,2025-12-06T10:00:00+05:30
PAY-000382,CMP-NL-001,V0017,TXN-000404,2025-12-03,2025-12-26,completed,39086.70,33.85,39120.55,INR,ACH,UTR-251226-000382,INV-V0017-2511-7034,,AP Automation,2025-12-03T10:00:00+05:30
PAY-000434,CMP-NL-001,V0018,TXN-000459,2026-01-25,2025-12-26,completed,171002.86,131.08,171133.94,INR,IMPS,UTR-251226-000434,INV-V0018-2512-7642,,AP Automation,2025-12-12T10:00:00+05:30
PAY-000452,CMP-NL-001,V0043,TXN-000478,2025-12-06,2025-12-27,completed,41460.40,20.34,41480.74,INR,UPI,UTR-251227-000452,INV-V0043-2512-3602,,AP Automation,2025-12-06T10:00:00+05:30
PAY-000423,CMP-NL-001,V0006,TXN-000446,2025-12-29,2025-12-30,completed,498618.24,363.94,498982.18,INR,UPI,UTR-251230-000423,INV-V0006-2512-2455,,AP Automation,2025-12-17T10:00:00+05:30
PAY-000441,CMP-NL-001,V0024,TXN-000466,2025-12-22,2025-12-30,completed,75986.29,67.11,76053.40,INR,NEFT,UTR-251230-000441,INV-V0024-2512-6879,,AP Automation,2025-12-08T10:00:00+05:30
PAY-000455,CMP-NL-001,V0047,TXN-000481,2025-12-24,2025-12-31,completed,66775.33,62.17,66837.50,INR,NEFT,UTR-251231-000455,INV-V0047-2512-3371,,AP Automation,2025-12-20T10:00:00+05:30
PAY-000456,CMP-NL-001,V0050,TXN-000482,2026-02-09,2025-12-31,completed,49850.63,35.91,49886.54,INR,NEFT,UTR-251231-000456,INV-V0050-2512-1051,,AP Automation,2025-12-28T10:00:00+05:30
PAY-000429,CMP-NL-001,V0013,TXN-000453,2026-01-09,2026-01-01,completed,87134.40,32.90,87167.30,INR,UPI,UTR-260101-000429,INV-V0013-2512-3078,,AP Automation,2025-12-25T10:00:00+05:30
PAY-000445,CMP-NL-001,V0029,TXN-000470,2026-01-07,2026-01-02,completed,146958.52,33.57,146992.09,INR,RTGS,UTR-260102-000445,INV-V0029-2512-5934,,AP Automation,2025-12-11T10:00:00+05:30
PAY-000454,CMP-NL-001,V0047,TXN-000480,2025-12-24,2026-01-02,completed,45515.48,37.52,45553.00,INR,NEFT,UTR-260102-000454,INV-V0047-2512-7486,,AP Automation,2025-12-17T10:00:00+05:30
PAY-000433,CMP-NL-001,V0017,TXN-000458,2025-12-22,2026-01-04,failed,113041.70,0.00,0.00,INR,UPI,UTR-260104-000433,INV-V0017-2512-9241,Daily payment limit exceeded,AP Automation,2025-12-22T10:00:00+05:30
PAY-000506,CMP-NL-001,V0047,TXN-000536,2026-01-07,2026-01-04,completed,33792.17,17.38,33809.55,INR,NEFT,UTR-260104-000506,INV-V0047-2601-3175,,AP Automation,2026-01-02T10:00:00+05:30
PAY-000440,CMP-NL-001,V0024,TXN-000465,2026-01-03,2026-01-05,completed,73255.63,90.64,73346.27,INR,RTGS,UTR-260105-000440,INV-V0024-2512-9521,,AP Automation,2025-12-21T10:00:00+05:30
PAY-000485,CMP-NL-001,V0020,TXN-000513,2026-01-31,2026-01-06,completed,89073.61,42.14,89115.75,INR,IMPS,UTR-260106-000485,INV-V0020-2601-2482,,AP Automation,2026-01-02T10:00:00+05:30
PAY-000450,CMP-NL-001,V0042,TXN-000476,2025-12-26,2026-01-07,completed,31761.96,11.49,31773.45,INR,NEFT,UTR-260107-000450,INV-V0042-2512-4337,,AP Automation,2025-12-21T10:00:00+05:30
PAY-000509,CMP-NL-001,V0051,TXN-000539,2026-01-11,2026-01-07,completed,11672.35,13.86,11686.21,INR,Corporate Card,UTR-260107-000509,INV-V0051-2601-2465,,AP Automation,2026-01-06T10:00:00+05:30
PAY-000418,CMP-NL-001,V0001,TXN-000441,2025-12-17,2026-01-08,completed,533908.59,705.02,534613.61,INR,NEFT,UTR-260108-000418,INV-V0001-2512-1528,,AP Automation,2025-12-17T10:00:00+05:30
PAY-000422,CMP-NL-001,V0005,TXN-000445,2026-01-10,2026-01-08,completed,364667.89,250.09,364917.98,INR,UPI,UTR-260108-000422,INV-V0005-2512-8850,,AP Automation,2026-01-03T10:00:00+05:30
PAY-000431,CMP-NL-001,V0015,TXN-000455,2025-12-15,2026-01-08,completed,194640.15,118.28,194758.43,INR,ACH,UTR-260108-000431,INV-V0015-2512-5465,,AP Automation,2025-12-15T10:00:00+05:30
PAY-000426,CMP-NL-001,V0010,TXN-000450,2026-02-10,2026-01-12,completed,72369.56,24.42,72393.98,INR,ACH,UTR-260112-000426,INV-V0010-2512-9613,,AP Automation,2025-12-28T10:00:00+05:30
PAY-000438,CMP-NL-001,V0022,TXN-000463,2026-01-21,2026-01-12,reversed,175147.49,0.00,0.00,INR,IMPS,UTR-260112-000438,INV-V0022-2512-3721,,AP Automation,2025-12-22T10:00:00+05:30
PAY-000443,CMP-NL-001,V0026,TXN-000468,2026-02-05,2026-01-12,completed,261153.21,149.30,261302.51,INR,ACH,UTR-260112-000443,INV-V0026-2512-1739,,AP Automation,2025-12-24T10:00:00+05:30
PAY-000425,CMP-NL-001,V0009,TXN-000449,2026-01-07,2026-01-13,completed,92532.03,120.69,92652.72,INR,ACH,UTR-260113-000425,INV-V0009-2512-3713,,AP Automation,2025-12-26T10:00:00+05:30
PAY-000439,CMP-NL-001,V0023,TXN-000464,2026-01-29,2026-01-14,completed,90131.53,120.79,90252.32,INR,Corporate Card,UTR-260114-000439,INV-V0023-2512-9862,,AP Automation,2026-01-01T10:00:00+05:30
PAY-000458,CMP-NL-001,V0054,TXN-000484,2025-12-31,2026-01-15,completed,103859.80,52.81,103912.61,INR,Corporate Card,UTR-260115-000458,INV-V0054-2512-4146,,AP Automation,2025-12-31T10:00:00+05:30
PAY-000460,CMP-NL-001,V0056,TXN-000486,2026-02-08,2026-01-16,completed,28948.38,11.28,28959.66,INR,IMPS,UTR-260116-000460,INV-V0056-2512-1217,,AP Automation,2025-12-25T10:00:00+05:30
PAY-000490,CMP-NL-001,V0025,TXN-000518,2026-02-09,2026-01-16,completed,46576.77,62.21,46638.98,INR,RTGS,UTR-260116-000490,INV-V0025-2601-2822,,AP Automation,2026-01-13T10:00:00+05:30
PAY-000437,CMP-NL-001,V0022,TXN-000462,2026-01-31,2026-01-17,completed,160223.61,174.53,160398.14,INR,UPI,UTR-260117-000437,INV-V0022-2512-9346,,AP Automation,2026-01-01T10:00:00+05:30
PAY-000501,CMP-NL-001,V0043,TXN-000530,2026-01-02,2026-01-17,completed,23310.34,31.75,23342.09,INR,ACH,UTR-260117-000501,INV-V0043-2601-8264,,AP Automation,2026-01-02T10:00:00+05:30
PAY-000488,CMP-NL-001,V0023,TXN-000516,2026-02-10,2026-01-18,completed,100333.79,144.16,100477.95,INR,NEFT,UTR-260118-000488,INV-V0023-2601-4081,,AP Automation,2026-01-14T10:00:00+05:30
PAY-000424,CMP-NL-001,V0007,TXN-000447,2026-01-11,2026-01-19,completed,207262.72,118.92,207381.64,INR,UPI,UTR-260119-000424,INV-V0007-2512-5102,,AP Automation,2025-12-27T10:00:00+05:30
PAY-000435,CMP-NL-001,V0019,TXN-000460,2026-01-16,2026-01-20,completed,140805.48,138.92,140944.40,INR,UPI,UTR-260120-000435,INV-V0019-2512-2639,,AP Automation,2026-01-02T10:00:00+05:30
PAY-000436,CMP-NL-001,V0021,TXN-000461,2025-12-28,2026-01-20,completed,958660.37,1080.13,959740.50,INR,UPI,UTR-260120-000436,INV-V0021-2512-3694,,AP Automation,2025-12-28T10:00:00+05:30
PAY-000474,CMP-NL-001,V0011,TXN-000502,2026-01-06,2026-01-20,completed,46383.80,25.67,46409.47,INR,IMPS,UTR-260120-000474,INV-V0011-2601-1586,,AP Automation,2026-01-06T10:00:00+05:30
PAY-000467,CMP-NL-001,V0004,TXN-000494,2026-01-26,2026-01-21,completed,130364.19,36.73,130400.92,INR,UPI,UTR-260121-000467,INV-V0004-2601-7570,,AP Automation,2026-01-19T10:00:00+05:30
PAY-000511,CMP-NL-001,V0052,TXN-000541,2026-01-16,2026-01-21,completed,28395.33,30.49,28425.82,INR,IMPS,UTR-260121-000511,INV-V0052-2601-5341,,AP Automation,2026-01-10T10:00:00+05:30
PAY-000428,CMP-NL-001,V0012,TXN-000452,2026-01-03,2026-01-22,completed,148658.53,184.99,148843.52,INR,IMPS,UTR-260122-000428,INV-V0012-2512-9408,,AP Automation,2025-12-29T10:00:00+05:30
PAY-000468,CMP-NL-001,V0005,TXN-000495,2026-01-21,2026-01-22,completed,276184.08,341.14,276525.22,INR,Corporate Card,UTR-260122-000468,INV-V0005-2601-5313,,AP Automation,2026-01-15T10:00:00+05:30
PAY-000473,CMP-NL-001,V0010,TXN-000501,2026-03-05,2026-01-23,completed,139217.40,61.87,139279.27,INR,ACH,UTR-260123-000473,INV-V0010-2601-6009,,AP Automation,2026-01-20T10:00:00+05:30
PAY-000479,CMP-NL-001,V0015,TXN-000507,2026-01-04,2026-01-23,completed,336736.54,133.49,336870.03,INR,ACH,UTR-260123-000479,INV-V0015-2601-6383,,AP Automation,2026-01-04T10:00:00+05:30
PAY-000492,CMP-NL-001,V0027,TXN-000520,2026-01-14,2026-01-23,completed,236053.74,81.40,236135.14,INR,Corporate Card,UTR-260123-000492,INV-V0027-2601-9479,,AP Automation,2026-01-10T10:00:00+05:30
PAY-000466,CMP-NL-001,V0003,TXN-000492,2026-02-28,2026-01-24,completed,254146.71,77.21,254223.92,INR,NEFT,UTR-260124-000466,INV-V0003-2601-9479,,AP Automation,2026-01-16T10:00:00+05:30
PAY-000469,CMP-NL-001,V0007,TXN-000497,2026-01-21,2026-01-24,completed,153194.30,65.64,153259.94,INR,ACH,UTR-260124-000469,INV-V0007-2601-4718,,AP Automation,2026-01-07T10:00:00+05:30
PAY-000478,CMP-NL-001,V0014,TXN-000506,2026-02-02,2026-01-24,completed,134057.30,116.41,134173.71,INR,NEFT,UTR-260124-000478,INV-V0014-2601-3921,,AP Automation,2026-01-03T10:00:00+05:30
PAY-000481,CMP-NL-001,V0016,TXN-000509,2026-02-07,2026-01-25,completed,117840.75,36.06,117876.81,INR,Corporate Card,UTR-260125-000481,INV-V0016-2601-5216,,AP Automation,2026-01-09T10:00:00+05:30
PAY-000500,CMP-NL-001,V0042,TXN-000529,2026-01-30,2026-01-27,completed,53182.07,33.32,53215.39,INR,UPI,UTR-260127-000500,INV-V0042-2601-1490,,AP Automation,2026-01-26T10:00:00+05:30
PAY-000505,CMP-NL-001,V0045,TXN-000534,2026-01-27,2026-01-27,completed,59394.10,72.50,59466.60,INR,UPI,UTR-260127-000505,INV-V0045-2601-7624,,AP Automation,2026-01-12T10:00:00+05:30
PAY-000507,CMP-NL-001,V0050,TXN-000537,2026-03-12,2026-01-27,completed,20656.10,25.73,20681.83,INR,Corporate Card,UTR-260127-000507,INV-V0050-2601-5271,,AP Automation,2026-01-27T10:00:00+05:30
PAY-000486,CMP-NL-001,V0021,TXN-000514,2026-01-09,2026-01-28,completed,1081357.33,1207.41,1082564.74,INR,RTGS,UTR-260128-000486,INV-V0021-2601-3079,,AP Automation,2026-01-09T10:00:00+05:30
PAY-000493,CMP-NL-001,V0029,TXN-000521,2026-02-16,2026-01-28,completed,71799.94,47.22,71847.16,INR,IMPS,UTR-260128-000493,INV-V0029-2601-1445,,AP Automation,2026-01-17T10:00:00+05:30
PAY-000462,CMP-NL-001,V0001,TXN-000488,2026-01-05,2026-01-29,completed,184863.78,226.50,185090.28,INR,IMPS,UTR-260129-000462,INV-V0001-2601-6699,,AP Automation,2026-01-05T10:00:00+05:30
PAY-000494,CMP-NL-001,V0029,TXN-000522,2026-02-05,2026-01-29,completed,93347.30,86.20,93433.50,INR,ACH,UTR-260129-000494,INV-V0029-2601-6471,,AP Automation,2026-01-07T10:00:00+05:30
PAY-000476,CMP-NL-001,V0012,TXN-000504,2026-01-11,2026-01-30,completed,27730.50,26.21,27756.71,INR,IMPS,UTR-260130-000476,INV-V0012-2601-6463,,AP Automation,2026-01-07T10:00:00+05:30
PAY-000483,CMP-NL-001,V0018,TXN-000511,2026-02-28,2026-01-30,completed,153463.98,219.29,153683.27,INR,UPI,UTR-260130-000483,INV-V0018-2601-9424,,AP Automation,2026-01-14T10:00:00+05:30
PAY-000491,CMP-NL-001,V0027,TXN-000519,2026-01-29,2026-01-30,completed,245591.87,219.09,245810.96,INR,IMPS,UTR-260130-000491,INV-V0027-2601-7720,,AP Automation,2026-01-25T10:00:00+05:30
PAY-000471,CMP-NL-001,V0009,TXN-000499,2026-01-30,2026-01-31,completed,38005.28,55.76,38061.04,INR,UPI,UTR-260131-000471,INV-V0009-2601-7033,,AP Automation,2026-01-17T10:00:00+05:30
PAY-000472,CMP-NL-001,V0009,TXN-000500,2026-01-20,2026-01-31,completed,67530.18,21.93,67552.11,INR,NEFT,UTR-260131-000472,INV-V0009-2601-7305,,AP Automation,2026-01-07T10:00:00+05:30
PAY-000463,CMP-NL-001,V0002,TXN-000489,2026-02-23,2026-02-01,completed,51881.79,50.08,51931.87,INR,NEFT,UTR-260201-000463,INV-V0002-2601-2590,,AP Automation,2026-01-27T10:00:00+05:30
PAY-000464,CMP-NL-001,V0002,TXN-000490,2026-02-09,2026-02-01,completed,23052.35,5.18,23057.53,INR,UPI,UTR-260201-000464,INV-V0002-2601-7788,,AP Automation,2026-01-13T10:00:00+05:30
PAY-000470,CMP-NL-001,V0008,TXN-000498,2026-02-12,2026-02-02,completed,125940.60,144.09,126084.69,INR,NEFT,UTR-260202-000470,INV-V0008-2601-1844,,AP Automation,2026-01-14T10:00:00+05:30
PAY-000496,CMP-NL-001,V0037,TXN-000525,2026-01-20,2026-02-02,completed,212379.37,103.31,212482.68,INR,Corporate Card,UTR-260202-000496,INV-V0037-2601-9014,,AP Automation,2026-01-16T10:00:00+05:30
PAY-000497,CMP-NL-001,V0037,TXN-000526,2026-01-29,2026-02-02,completed,145870.92,101.82,145972.74,INR,NEFT,UTR-260202-000497,INV-V0037-2601-1419,,AP Automation,2026-01-23T10:00:00+05:30
PAY-000482,CMP-NL-001,V0017,TXN-000510,2026-02-02,2026-02-03,completed,105148.65,39.18,105187.83,INR,NEFT,UTR-260203-000482,INV-V0017-2601-6428,,AP Automation,2026-02-02T10:00:00+05:30
PAY-000487,CMP-NL-001,V0022,TXN-000515,2026-02-07,2026-02-03,completed,667551.40,734.15,668285.55,INR,IMPS,UTR-260203-000487,INV-V0022-2601-1971,,AP Automation,2026-01-11T10:00:00+05:30
PAY-000489,CMP-NL-001,V0024,TXN-000517,2026-02-05,2026-02-03,completed,108154.92,139.92,108294.84,INR,RTGS,UTR-260203-000489,INV-V0024-2601-7935,,AP Automation,2026-01-21T10:00:00+05:30
PAY-000503,CMP-NL-001,V0044,TXN-000532,2026-01-22,2026-02-03,completed,131276.33,179.91,131456.24,INR,UPI,UTR-260203-000503,INV-V0044-2601-3217,,AP Automation,2026-01-22T10:00:00+05:30
PAY-000502,CMP-NL-001,V0043,TXN-000531,2026-01-23,2026-02-04,completed,22324.74,24.99,22349.73,INR,RTGS,UTR-260204-000502,INV-V0043-2601-4101,,AP Automation,2026-01-23T10:00:00+05:30
PAY-000484,CMP-NL-001,V0019,TXN-000512,2026-02-11,2026-02-06,completed,113689.95,147.69,113837.64,INR,ACH,UTR-260206-000484,INV-V0019-2601-2008,,AP Automation,2026-01-28T10:00:00+05:30
PAY-000512,CMP-NL-001,V0055,TXN-000542,2026-01-28,2026-02-06,completed,106129.17,144.05,106273.22,INR,ACH,UTR-260206-000512,INV-V0055-2601-9733,,AP Automation,2026-01-16T10:00:00+05:30
PAY-000499,CMP-NL-001,V0041,TXN-000528,2026-02-10,2026-02-07,completed,79367.40,34.55,79401.95,INR,NEFT,UTR-260207-000499,INV-V0041-2601-9946,,AP Automation,2026-01-29T10:00:00+05:30
PAY-000461,CMP-NL-001,V0001,TXN-000487,2026-01-17,2026-02-08,completed,143368.11,171.43,143539.54,INR,RTGS,UTR-260208-000461,INV-V0001-2601-3017,,AP Automation,2026-01-17T10:00:00+05:30
PAY-000480,CMP-NL-001,V0016,TXN-000508,2026-02-25,2026-02-08,completed,92038.31,108.18,92146.49,INR,IMPS,UTR-260208-000480,INV-V0016-2601-7923,,AP Automation,2026-01-29T10:00:00+05:30
PAY-000508,CMP-NL-001,V0051,TXN-000538,2026-01-26,2026-02-10,completed,11651.86,8.34,11660.20,INR,IMPS,UTR-260210-000508,INV-V0051-2601-4316,,AP Automation,2026-01-22T10:00:00+05:30
PAY-000535,CMP-NL-001,V0017,TXN-000565,2026-02-04,2026-02-10,completed,91439.52,51.09,91490.61,INR,NEFT,UTR-260210-000535,INV-V0017-2602-8593,,AP Automation,2026-02-04T10:00:00+05:30
PAY-000525,CMP-NL-001,V0010,TXN-000555,2026-03-24,2026-02-11,completed,84040.23,72.01,84112.24,INR,NEFT,UTR-260211-000525,INV-V0010-2602-6251,,AP Automation,2026-02-10T10:00:00+05:30
PAY-000532,CMP-NL-001,V0014,TXN-000562,2026-03-10,2026-02-11,failed,34729.19,0.00,0.00,INR,Corporate Card,UTR-260211-000532,INV-V0014-2602-4820,Invalid bank details,AP Automation,2026-02-11T10:00:00+05:30
PAY-000504,CMP-NL-001,V0044,TXN-000533,2026-01-28,2026-02-13,completed,64282.04,63.11,64345.15,INR,RTGS,UTR-260213-000504,INV-V0044-2601-2259,,AP Automation,2026-01-28T10:00:00+05:30
PAY-000551,CMP-NL-001,V0037,TXN-000582,2026-02-16,2026-02-13,completed,266521.41,285.44,266806.85,INR,NEFT,UTR-260213-000551,INV-V0037-2602-2050,,AP Automation,2026-02-09T10:00:00+05:30
PAY-000513,CMP-NL-001,V0001,TXN-000543,2026-02-04,2026-02-14,completed,307979.75,256.36,308236.11,INR,RTGS,UTR-260214-000513,INV-V0001-2602-1092,,AP Automation,2026-02-04T10:00:00+05:30
PAY-000550,CMP-NL-001,V0037,TXN-000581,2026-02-13,2026-02-14,completed,178691.07,91.13,178782.20,INR,ACH,UTR-260214-000550,INV-V0037-2602-2784,,AP Automation,2026-02-09T10:00:00+05:30
PAY-000530,CMP-NL-001,V0013,TXN-000560,2026-02-27,2026-02-15,completed,24405.53,10.11,24415.64,INR,IMPS,UTR-260215-000530,INV-V0013-2602-5964,,AP Automation,2026-02-14T10:00:00+05:30
PAY-000510,CMP-NL-001,V0052,TXN-000540,2026-02-02,2026-02-16,completed,18770.97,23.43,18794.40,INR,ACH,UTR-260216-000510,INV-V0052-2601-6855,,AP Automation,2026-01-29T10:00:00+05:30
PAY-000521,CMP-NL-001,V0008,TXN-000551,2026-03-12,2026-02-16,completed,76062.05,32.19,76094.24,INR,NEFT,UTR-260216-000521,INV-V0008-2602-2407,,AP Automation,2026-02-11T10:00:00+05:30
PAY-000465,CMP-NL-001,V0003,TXN-000491,2026-03-18,2026-02-17,completed,328229.67,78.30,328307.97,INR,RTGS,UTR-260217-000465,INV-V0003-2601-6353,,AP Automation,2026-02-04T10:00:00+05:30
PAY-000498,CMP-NL-001,V0038,TXN-000527,2026-02-20,2026-02-17,completed,474605.99,331.91,474937.90,INR,NEFT,UTR-260217-000498,INV-V0038-2601-6394,,AP Automation,2026-01-24T10:00:00+05:30
PAY-000520,CMP-NL-001,V0006,TXN-000550,2026-03-02,2026-02-17,completed,193626.67,265.03,193891.70,INR,ACH,UTR-260217-000520,INV-V0006-2602-9015,,AP Automation,2026-02-17T10:00:00+05:30
PAY-000538,CMP-NL-001,V0021,TXN-000569,2026-02-13,2026-02-17,completed,593334.38,236.13,593570.51,INR,UPI,UTR-260217-000538,INV-V0021-2602-2617,,AP Automation,2026-02-13T10:00:00+05:30
PAY-000475,CMP-NL-001,V0012,TXN-000503,2026-01-31,2026-02-18,completed,35691.05,15.63,35706.68,INR,NEFT,UTR-260218-000475,INV-V0012-2601-5497,,AP Automation,2026-01-27T10:00:00+05:30
PAY-000542,CMP-NL-001,V0024,TXN-000573,2026-02-22,2026-02-18,completed,78831.70,81.88,78913.58,INR,UPI,UTR-260218-000542,INV-V0024-2602-1581,,AP Automation,2026-02-09T10:00:00+05:30
PAY-000547,CMP-NL-001,V0033,TXN-000578,2026-03-21,2026-02-18,completed,32750.24,15.07,32765.31,INR,UPI,UTR-260218-000547,INV-V0033-2602-4148,,AP Automation,2026-02-06T10:00:00+05:30
PAY-000562,CMP-NL-001,V0055,TXN-000595,2026-02-28,2026-02-18,completed,60120.29,57.45,60177.74,INR,RTGS,UTR-260218-000562,INV-V0055-2602-2824,,AP Automation,2026-02-16T10:00:00+05:30
PAY-000495,CMP-NL-001,V0031,TXN-000523,2026-01-31,2026-02-19,completed,154140.19,107.43,154247.62,INR,Corporate Card,UTR-260219-000495,INV-V0031-2601-9234,,AP Automation,2026-01-27T10:00:00+05:30
PAY-000537,CMP-NL-001,V0018,TXN-000567,2026-03-27,2026-02-19,completed,77619.00,35.44,77654.44,INR,NEFT,UTR-260219-000537,INV-V0018-2602-8287,,AP Automation,2026-02-10T10:00:00+05:30
PAY-000556,CMP-NL-001,V0044,TXN-000588,2026-02-07,2026-02-19,reversed,203038.84,0.00,0.00,INR,Corporate Card,UTR-260219-000556,INV-V0044-2602-7274,,AP Automation,2026-02-07T10:00:00+05:30
PAY-000522,CMP-NL-001,V0008,TXN-000552,2026-03-22,2026-02-20,completed,27664.47,31.69,27696.16,INR,Corporate Card,UTR-260220-000522,INV-V0008-2602-6337,,AP Automation,2026-02-20T10:00:00+05:30
PAY-000552,CMP-NL-001,V0038,TXN-000583,2026-03-16,2026-02-21,completed,128885.97,44.98,128930.95,INR,NEFT,UTR-260221-000552,INV-V0038-2602-3913,,AP Automation,2026-02-15T10:00:00+05:30
PAY-000528,CMP-NL-001,V0012,TXN-000558,2026-02-10,2026-02-23,reversed,58717.37,0.00,0.00,INR,NEFT,UTR-260223-000528,INV-V0012-2602-7974,,AP Automation,2026-02-05T10:00:00+05:30
PAY-000539,CMP-NL-001,V0022,TXN-000570,2026-03-09,2026-02-23,completed,186688.86,109.06,186797.92,INR,NEFT,UTR-260223-000539,INV-V0022-2602-4768,,AP Automation,2026-02-08T10:00:00+05:30
PAY-000541,CMP-NL-001,V0023,TXN-000572,2026-03-07,2026-02-23,completed,118833.73,33.53,118867.26,INR,IMPS,UTR-260223-000541,INV-V0023-2602-4626,,AP Automation,2026-02-08T10:00:00+05:30
PAY-000558,CMP-NL-001,V0048,TXN-000590,2026-04-04,2026-02-23,reversed,132851.53,0.00,0.00,INR,Corporate Card,UTR-260223-000558,INV-V0048-2602-5953,,AP Automation,2026-02-21T10:00:00+05:30
PAY-000477,CMP-NL-001,V0013,TXN-000505,2026-02-14,2026-02-24,completed,88041.23,114.82,88156.05,INR,UPI,UTR-260224-000477,INV-V0013-2601-8212,,AP Automation,2026-01-31T10:00:00+05:30
PAY-000519,CMP-NL-001,V0006,TXN-000549,2026-02-18,2026-02-24,completed,298736.28,296.87,299033.15,INR,UPI,UTR-260224-000519,INV-V0006-2602-3705,,AP Automation,2026-02-04T10:00:00+05:30
PAY-000517,CMP-NL-001,V0005,TXN-000547,2026-03-02,2026-02-25,completed,176886.73,92.25,176978.98,INR,UPI,UTR-260225-000517,INV-V0005-2602-1300,,AP Automation,2026-02-24T10:00:00+05:30
PAY-000553,CMP-NL-001,V0038,TXN-000584,2026-03-22,2026-02-25,completed,162100.34,230.23,162330.57,INR,ACH,UTR-260225-000553,INV-V0038-2602-5593,,AP Automation,2026-02-23T10:00:00+05:30
PAY-000555,CMP-NL-001,V0042,TXN-000586,2026-02-14,2026-02-25,completed,45548.48,53.89,45602.37,INR,ACH,UTR-260225-000555,INV-V0042-2602-2693,,AP Automation,2026-02-10T10:00:00+05:30
PAY-000557,CMP-NL-001,V0045,TXN-000589,2026-03-06,2026-02-25,completed,91458.17,124.74,91582.91,INR,UPI,UTR-260225-000557,INV-V0045-2602-7870,,AP Automation,2026-02-19T10:00:00+05:30
PAY-000516,CMP-NL-001,V0004,TXN-000546,2026-02-25,2026-02-28,completed,498207.00,266.81,498473.81,INR,ACH,UTR-260228-000516,INV-V0004-2602-4572,,AP Automation,2026-02-18T10:00:00+05:30
PAY-000514,CMP-NL-001,V0002,TXN-000544,2026-03-28,2026-03-01,completed,116821.14,99.25,116920.39,INR,Corporate Card,UTR-260301-000514,INV-V0002-2602-9723,,AP Automation,2026-02-28T10:00:00+05:30
PAY-000545,CMP-NL-001,V0028,TXN-000576,2026-02-19,2026-03-02,completed,118487.96,30.08,118518.04,INR,UPI,UTR-260302-000545,INV-V0028-2602-4252,,AP Automation,2026-02-15T10:00:00+05:30
PAY-000527,CMP-NL-001,V0011,TXN-000557,2026-02-26,2026-03-03,completed,38093.42,43.66,38137.08,INR,NEFT,UTR-260303-000527,INV-V0011-2602-1489,,AP Automation,2026-02-26T10:00:00+05:30
PAY-000549,CMP-NL-001,V0035,TXN-000580,2026-04-07,2026-03-03,completed,266260.69,312.04,266572.73,INR,IMPS,UTR-260303-000549,INV-V0035-2602-1633,,AP Automation,2026-02-23T10:00:00+05:30
PAY-000531,CMP-NL-001,V0014,TXN-000561,2026-03-29,2026-03-04,reversed,69059.93,0.00,0.00,INR,IMPS,UTR-260304-000531,INV-V0014-2602-9300,,AP Automation,2026-02-28T10:00:00+05:30
PAY-000536,CMP-NL-001,V0018,TXN-000566,2026-04-10,2026-03-04,completed,104880.28,55.81,104936.09,INR,RTGS,UTR-260304-000536,INV-V0018-2602-7538,,AP Automation,2026-02-27T10:00:00+05:30
PAY-000548,CMP-NL-001,V0033,TXN-000579,2026-04-05,2026-03-04,completed,25014.70,23.14,25037.84,INR,ACH,UTR-260304-000548,INV-V0033-2602-8113,,AP Automation,2026-02-22T10:00:00+05:30
PAY-000518,CMP-NL-001,V0005,TXN-000548,2026-03-03,2026-03-06,completed,418249.61,149.09,418398.70,INR,ACH,UTR-260306-000518,INV-V0005-2602-4075,,AP Automation,2026-02-27T10:00:00+05:30
PAY-000546,CMP-NL-001,V0032,TXN-000577,2026-03-13,2026-03-06,reversed,99431.60,0.00,0.00,INR,UPI,UTR-260306-000546,INV-V0032-2602-8340,,AP Automation,2026-02-11T10:00:00+05:30
PAY-000563,CMP-NL-001,V0056,TXN-000596,2026-04-10,2026-03-07,completed,38577.67,18.10,38595.77,INR,ACH,UTR-260307-000563,INV-V0056-2602-4141,,AP Automation,2026-02-26T10:00:00+05:30
PAY-000515,CMP-NL-001,V0003,TXN-000545,2026-04-06,2026-03-08,completed,694842.85,836.82,695679.67,INR,IMPS,UTR-260308-000515,INV-V0003-2602-6061,,AP Automation,2026-02-20T10:00:00+05:30
PAY-000524,CMP-NL-001,V0009,TXN-000554,2026-03-15,2026-03-08,completed,62932.85,28.53,62961.38,INR,IMPS,UTR-260308-000524,INV-V0009-2602-6635,,AP Automation,2026-03-01T10:00:00+05:30
PAY-000594,CMP-NL-001,V0029,TXN-000629,2026-04-06,2026-03-09,completed,135061.24,168.15,135229.39,INR,Corporate Card,UTR-260309-000594,INV-V0029-2603-2525,,AP Automation,2026-03-08T10:00:00+05:30
PAY-000529,CMP-NL-001,V0013,TXN-000559,2026-03-06,2026-03-10,completed,20097.28,13.21,20110.49,INR,IMPS,UTR-260310-000529,INV-V0013-2602-3751,,AP Automation,2026-02-20T10:00:00+05:30
PAY-000608,CMP-NL-001,V0050,TXN-000643,2026-04-17,2026-03-10,completed,56453.72,35.25,56488.97,INR,ACH,UTR-260310-000608,INV-V0050-2603-4370,,AP Automation,2026-03-04T10:00:00+05:30
PAY-000523,CMP-NL-001,V0009,TXN-000553,2026-03-08,2026-03-11,completed,33363.08,48.71,33411.79,INR,IMPS,UTR-260311-000523,INV-V0009-2602-9430,,AP Automation,2026-02-23T10:00:00+05:30
PAY-000560,CMP-NL-001,V0051,TXN-000593,2026-02-23,2026-03-11,completed,20557.24,29.63,20586.87,INR,NEFT,UTR-260311-000560,INV-V0051-2602-4517,,AP Automation,2026-02-16T10:00:00+05:30
PAY-000607,CMP-NL-001,V0046,TXN-000642,2026-04-03,2026-03-11,completed,29880.46,28.35,29908.81,INR,UPI,UTR-260311-000607,INV-V0046-2603-7559,,AP Automation,2026-03-06T10:00:00+05:30
PAY-000526,CMP-NL-001,V0011,TXN-000556,2026-02-21,2026-03-12,completed,27747.42,23.66,27771.08,INR,UPI,UTR-260312-000526,INV-V0011-2602-1501,,AP Automation,2026-02-21T10:00:00+05:30
PAY-000589,CMP-NL-001,V0025,TXN-000624,2026-04-08,2026-03-12,completed,68388.90,86.56,68475.46,INR,RTGS,UTR-260312-000589,INV-V0025-2603-5308,,AP Automation,2026-03-12T10:00:00+05:30
PAY-000578,CMP-NL-001,V0014,TXN-000612,2026-04-10,2026-03-13,failed,101378.20,0.00,0.00,INR,RTGS,UTR-260313-000578,INV-V0014-2603-6134,Invalid bank details,AP Automation,2026-03-13T10:00:00+05:30
PAY-000534,CMP-NL-001,V0016,TXN-000564,2026-03-18,2026-03-14,completed,321777.38,305.82,322083.20,INR,Corporate Card,UTR-260314-000534,INV-V0016-2602-8548,,AP Automation,2026-02-18T10:00:00+05:30
PAY-000544,CMP-NL-001,V0028,TXN-000575,2026-03-03,2026-03-14,completed,103979.62,70.26,104049.88,INR,IMPS,UTR-260314-000544,INV-V0028-2602-9249,,AP Automation,2026-02-24T10:00:00+05:30
PAY-000559,CMP-NL-001,V0051,TXN-000592,2026-03-04,2026-03-14,completed,31171.45,17.06,31188.51,INR,ACH,UTR-260314-000559,INV-V0051-2602-8320,,AP Automation,2026-02-28T10:00:00+05:30
PAY-000561,CMP-NL-001,V0052,TXN-000594,2026-02-26,2026-03-14,completed,64949.24,25.04,64974.28,INR,RTGS,UTR-260314-000561,INV-V0052-2602-2281,,AP Automation,2026-02-21T10:00:00+05:30
PAY-000567,CMP-NL-001,V0004,TXN-000600,2026-03-15,2026-03-14,completed,474080.07,105.80,474185.87,INR,RTGS,UTR-260314-000567,INV-V0004-2603-6226,,AP Automation,2026-03-09T10:00:00+05:30
PAY-000554,CMP-NL-001,V0039,TXN-000585,2026-03-27,2026-03-16,completed,77812.61,84.15,77896.76,INR,UPI,UTR-260316-000554,INV-V0039-2602-1276,,AP Automation,2026-02-27T10:00:00+05:30
PAY-000564,CMP-NL-001,V0001,TXN-000597,2026-03-03,2026-03-16,completed,291075.58,355.24,291430.82,INR,RTGS,UTR-260316-000564,INV-V0001-2603-6922,,AP Automation,2026-03-03T10:00:00+05:30
PAY-000543,CMP-NL-001,V0025,TXN-000574,2026-03-31,2026-03-17,completed,53201.56,59.96,53261.52,INR,Corporate Card,UTR-260317-000543,INV-V0025-2602-7351,,AP Automation,2026-03-01T10:00:00+05:30
PAY-000533,CMP-NL-001,V0015,TXN-000563,2026-03-02,2026-03-19,completed,182247.84,226.67,182474.51,INR,NEFT,UTR-260319-000533,INV-V0015-2602-9763,,AP Automation,2026-03-02T10:00:00+05:30
PAY-000585,CMP-NL-001,V0021,TXN-000620,2026-03-13,2026-03-20,completed,680956.20,859.55,681815.75,INR,Corporate Card,UTR-260320-000585,INV-V0021-2603-5465,,AP Automation,2026-03-13T10:00:00+05:30
PAY-000540,CMP-NL-001,V0022,TXN-000571,2026-03-27,2026-03-21,completed,154132.16,200.43,154332.59,INR,RTGS,UTR-260321-000540,INV-V0022-2602-9927,,AP Automation,2026-02-26T10:00:00+05:30
PAY-000570,CMP-NL-001,V0007,TXN-000603,2026-03-28,2026-03-21,completed,170567.27,147.68,170714.95,INR,NEFT,UTR-260321-000570,INV-V0007-2603-7724,,AP Automation,2026-03-13T10:00:00+05:30
PAY-000597,CMP-NL-001,V0037,TXN-000632,2026-03-15,2026-03-22,completed,141839.21,138.14,141977.35,INR,NEFT,UTR-260322-000597,INV-V0037-2603-8618,,AP Automation,2026-03-10T10:00:00+05:30
PAY-000603,CMP-NL-001,V0041,TXN-000638,2026-04-05,2026-03-23,completed,92017.95,47.12,92065.07,INR,UPI,UTR-260323-000603,INV-V0041-2603-4609,,AP Automation,2026-03-22T10:00:00+05:30
PAY-000573,CMP-NL-001,V0010,TXN-000606,2026-05-06,2026-03-24,completed,51139.44,63.84,51203.28,INR,NEFT,UTR-260324-000573,INV-V0010-2603-2444,,AP Automation,2026-03-24T10:00:00+05:30
PAY-000599,CMP-NL-001,V0038,TXN-000634,2026-04-01,2026-03-24,completed,131290.32,140.75,131431.07,INR,RTGS,UTR-260324-000599,INV-V0038-2603-4548,,AP Automation,2026-03-05T10:00:00+05:30
PAY-000596,CMP-NL-001,V0035,TXN-000631,2026-04-30,2026-03-25,completed,297546.19,219.15,297765.34,INR,NEFT,UTR-260325-000596,INV-V0035-2603-5774,,AP Automation,2026-03-16T10:00:00+05:30
PAY-000598,CMP-NL-001,V0037,TXN-000633,2026-03-30,2026-03-25,completed,154543.65,215.29,154758.94,INR,RTGS,UTR-260325-000598,INV-V0037-2603-7858,,AP Automation,2026-03-25T10:00:00+05:30
PAY-000600,CMP-NL-001,V0038,TXN-000635,2026-04-13,2026-03-25,completed,210344.71,201.60,210546.31,INR,UPI,UTR-260325-000600,INV-V0038-2603-8006,,AP Automation,2026-03-16T10:00:00+05:30
PAY-000584,CMP-NL-001,V0020,TXN-000619,2026-04-20,2026-03-27,completed,147030.46,179.99,147210.45,INR,ACH,UTR-260327-000584,INV-V0020-2603-5228,,AP Automation,2026-03-21T10:00:00+05:30
PAY-000572,CMP-NL-001,V0009,TXN-000605,2026-04-05,2026-03-29,completed,46213.68,65.73,46279.41,INR,UPI,UTR-260329-000572,INV-V0009-2603-7608,,AP Automation,2026-03-22T10:00:00+05:30
PAY-000592,CMP-NL-001,V0027,TXN-000627,2026-03-24,2026-03-29,completed,610204.78,231.79,610436.57,INR,UPI,UTR-260329-000592,INV-V0027-2603-8346,,AP Automation,2026-03-19T10:00:00+05:30
PAY-000565,CMP-NL-001,V0003,TXN-000598,2026-04-25,2026-03-30,completed,788706.06,1000.31,789706.37,INR,IMPS,UTR-260330-000565,INV-V0003-2603-4136,,AP Automation,2026-03-14T10:00:00+05:30
PAY-000611,CMP-NL-001,V0056,TXN-000646,2026-05-12,2026-03-30,completed,21426.21,15.04,21441.25,INR,ACH,UTR-260330-000611,INV-V0056-2603-6139,,AP Automation,2026-03-30T10:00:00+05:30
PAY-000583,CMP-NL-001,V0018,TXN-000617,2026-05-01,2026-03-31,completed,119777.29,46.79,119824.08,INR,IMPS,UTR-260331-000583,INV-V0018-2603-1348,,AP Automation,2026-03-18T10:00:00+05:30
PAY-000590,CMP-NL-001,V0026,TXN-000625,2026-04-20,2026-03-31,completed,374946.79,113.20,375059.99,INR,NEFT,UTR-260331-000590,INV-V0026-2603-1914,,AP Automation,2026-03-08T10:00:00+05:30
PAY-000595,CMP-NL-001,V0029,TXN-000630,2026-04-05,2026-04-01,completed,107836.88,125.98,107962.86,INR,ACH,UTR-260401-000595,INV-V0029-2603-1022,,AP Automation,2026-03-08T10:00:00+05:30
PAY-000571,CMP-NL-001,V0008,TXN-000604,2026-04-28,2026-04-02,completed,130997.14,181.55,131178.69,INR,ACH,UTR-260402-000571,INV-V0008-2603-7711,,AP Automation,2026-04-01T10:00:00+05:30
PAY-000581,CMP-NL-001,V0016,TXN-000615,2026-04-30,2026-04-02,completed,261174.62,143.49,261318.11,INR,NEFT,UTR-260402-000581,INV-V0016-2603-4584,,AP Automation,2026-04-02T10:00:00+05:30
PAY-000591,CMP-NL-001,V0026,TXN-000626,2026-05-11,2026-04-02,completed,225716.62,151.19,225867.81,INR,IMPS,UTR-260402-000591,INV-V0026-2603-9879,,AP Automation,2026-03-30T10:00:00+05:30
PAY-000606,CMP-NL-001,V0045,TXN-000641,2026-04-06,2026-04-02,completed,66923.85,92.67,67016.52,INR,RTGS,UTR-260402-000606,INV-V0045-2603-7753,,AP Automation,2026-03-23T10:00:00+05:30
PAY-000609,CMP-NL-001,V0054,TXN-000644,2026-03-31,2026-04-02,completed,58340.32,27.75,58368.07,INR,UPI,UTR-260402-000609,INV-V0054-2603-4885,,AP Automation,2026-03-31T10:00:00+05:30
PAY-000568,CMP-NL-001,V0006,TXN-000601,2026-04-12,2026-04-04,completed,340059.53,372.72,340432.25,INR,UPI,UTR-260404-000568,INV-V0006-2603-7064,,AP Automation,2026-03-30T10:00:00+05:30
PAY-000575,CMP-NL-001,V0011,TXN-000609,2026-03-17,2026-04-04,completed,27875.51,19.34,27894.85,INR,IMPS,UTR-260404-000575,INV-V0011-2603-6018,,AP Automation,2026-03-17T10:00:00+05:30
PAY-000576,CMP-NL-001,V0012,TXN-000610,2026-03-19,2026-04-04,completed,80342.04,71.62,80413.66,INR,Corporate Card,UTR-260404-000576,INV-V0012-2603-6089,,AP Automation,2026-03-13T10:00:00+05:30
PAY-000587,CMP-NL-001,V0023,TXN-000622,2026-04-11,2026-04-04,completed,94331.72,128.70,94460.42,INR,IMPS,UTR-260404-000587,INV-V0023-2603-9182,,AP Automation,2026-03-15T10:00:00+05:30
PAY-000588,CMP-NL-001,V0024,TXN-000623,2026-04-16,2026-04-05,completed,124419.31,103.50,124522.81,INR,Corporate Card,UTR-260405-000588,INV-V0024-2603-3380,,AP Automation,2026-04-03T10:00:00+05:30
PAY-000566,CMP-NL-001,V0003,TXN-000599,2026-04-27,2026-04-06,completed,161773.69,162.67,161936.36,INR,IMPS,UTR-260406-000566,INV-V0003-2603-4450,,AP Automation,2026-03-14T10:00:00+05:30
PAY-000602,CMP-NL-001,V0040,TXN-000637,2026-05-14,2026-04-06,reversed,59364.42,0.00,0.00,INR,RTGS,UTR-260406-000602,INV-V0040-2603-8622,,AP Automation,2026-04-01T10:00:00+05:30
PAY-000580,CMP-NL-001,V0015,TXN-000614,2026-03-31,2026-04-07,completed,43732.13,35.53,43767.66,INR,ACH,UTR-260407-000580,INV-V0015-2603-6661,,AP Automation,2026-03-31T10:00:00+05:30
PAY-000586,CMP-NL-001,V0022,TXN-000621,2026-04-30,2026-04-07,completed,221568.22,166.11,221734.33,INR,Corporate Card,UTR-260407-000586,INV-V0022-2603-4201,,AP Automation,2026-03-31T10:00:00+05:30
PAY-000623,CMP-NL-001,V0011,TXN-000658,2026-04-03,2026-04-09,reversed,31805.71,0.00,0.00,INR,UPI,UTR-260409-000623,INV-V0011-2604-6751,,AP Automation,2026-04-03T10:00:00+05:30
PAY-000577,CMP-NL-001,V0013,TXN-000611,2026-04-13,2026-04-10,completed,45309.29,32.34,45341.63,INR,ACH,UTR-260410-000577,INV-V0013-2603-2193,,AP Automation,2026-03-30T10:00:00+05:30
PAY-000593,CMP-NL-001,V0028,TXN-000628,2026-03-26,2026-04-11,completed,224398.63,251.22,224649.85,INR,Corporate Card,UTR-260411-000593,INV-V0028-2603-3125,,AP Automation,2026-03-22T10:00:00+05:30
PAY-000610,CMP-NL-001,V0055,TXN-000645,2026-04-17,2026-04-11,completed,98265.34,25.30,98290.64,INR,Corporate Card,UTR-260411-000610,INV-V0055-2603-1197,,AP Automation,2026-04-04T10:00:00+05:30
PAY-000604,CMP-NL-001,V0042,TXN-000639,2026-04-09,2026-04-13,completed,28440.00,22.38,28462.38,INR,Corporate Card,UTR-260413-000604,INV-V0042-2603-9401,,AP Automation,2026-04-03T10:00:00+05:30
PAY-000614,CMP-NL-001,V0003,TXN-000649,2026-05-24,2026-04-13,completed,1173726.30,302.81,1174029.11,INR,IMPS,UTR-260413-000614,INV-V0003-2604-5480,,AP Automation,2026-04-10T10:00:00+05:30
PAY-000579,CMP-NL-001,V0015,TXN-000613,2026-03-22,2026-04-14,failed,199182.62,0.00,0.00,INR,RTGS,UTR-260414-000579,INV-V0015-2603-8343,Beneficiary bank rejected,AP Automation,2026-03-22T10:00:00+05:30
PAY-000626,CMP-NL-001,V0013,TXN-000661,2026-04-23,2026-04-14,completed,55834.88,31.29,55866.17,INR,ACH,UTR-260414-000626,INV-V0013-2604-2851,,AP Automation,2026-04-09T10:00:00+05:30
PAY-000638,CMP-NL-001,V0028,TXN-000673,2026-04-09,2026-04-14,completed,149083.54,208.31,149291.85,INR,NEFT,UTR-260414-000638,INV-V0028-2604-3796,,AP Automation,2026-04-05T10:00:00+05:30
PAY-000569,CMP-NL-001,V0006,TXN-000602,2026-04-15,2026-04-15,completed,377996.63,500.13,378496.76,INR,IMPS,UTR-260415-000569,INV-V0006-2603-4367,,AP Automation,2026-03-31T10:00:00+05:30
PAY-000615,CMP-NL-001,V0004,TXN-000650,2026-04-12,2026-04-15,completed,546711.30,401.28,547112.58,INR,Corporate Card,UTR-260415-000615,INV-V0004-2604-5292,,AP Automation,2026-04-08T10:00:00+05:30
PAY-000620,CMP-NL-001,V0009,TXN-000655,2026-04-22,2026-04-15,completed,100590.57,85.97,100676.54,INR,NEFT,UTR-260415-000620,INV-V0009-2604-7499,,AP Automation,2026-04-09T10:00:00+05:30
PAY-000630,CMP-NL-001,V0017,TXN-000665,2026-04-06,2026-04-16,completed,69209.77,42.26,69252.03,INR,RTGS,UTR-260416-000630,INV-V0017-2604-9255,,AP Automation,2026-04-06T10:00:00+05:30
PAY-000613,CMP-NL-001,V0002,TXN-000648,2026-05-08,2026-04-17,completed,49845.06,39.01,49884.07,INR,RTGS,UTR-260417-000613,INV-V0002-2604-9891,,AP Automation,2026-04-09T10:00:00+05:30
PAY-000601,CMP-NL-001,V0039,TXN-000636,2026-04-26,2026-04-18,completed,81887.97,97.81,81985.78,INR,UPI,UTR-260418-000601,INV-V0039-2603-3492,,AP Automation,2026-03-29T10:00:00+05:30
PAY-000618,CMP-NL-001,V0008,TXN-000653,2026-05-07,2026-04-19,completed,32367.17,38.29,32405.46,INR,Corporate Card,UTR-260419-000618,INV-V0008-2604-1839,,AP Automation,2026-04-07T10:00:00+05:30
PAY-000641,CMP-NL-001,V0035,TXN-000676,2026-05-25,2026-04-19,completed,152007.36,48.94,152056.30,INR,NEFT,UTR-260419-000641,INV-V0035-2604-7216,,AP Automation,2026-04-10T10:00:00+05:30
PAY-000635,CMP-NL-001,V0023,TXN-000670,2026-05-07,2026-04-20,completed,48936.50,28.46,48964.96,INR,NEFT,UTR-260420-000635,INV-V0023-2604-8762,,AP Automation,2026-04-09T10:00:00+05:30
PAY-000642,CMP-NL-001,V0035,TXN-000677,2026-05-23,2026-04-20,completed,163095.07,183.38,163278.45,INR,NEFT,UTR-260420-000642,INV-V0035-2604-5463,,AP Automation,2026-04-08T10:00:00+05:30
PAY-000657,CMP-NL-001,V0056,TXN-000693,2026-05-25,2026-04-20,completed,16866.90,11.81,16878.71,INR,Corporate Card,UTR-260420-000657,INV-V0056-2604-9799,,AP Automation,2026-04-11T10:00:00+05:30
PAY-000616,CMP-NL-001,V0006,TXN-000651,2026-04-20,2026-04-21,completed,212992.09,112.63,213104.72,INR,Corporate Card,UTR-260421-000616,INV-V0006-2604-7204,,AP Automation,2026-04-05T10:00:00+05:30
PAY-000637,CMP-NL-001,V0025,TXN-000672,2026-05-05,2026-04-21,completed,73771.80,92.68,73864.48,INR,ACH,UTR-260421-000637,INV-V0025-2604-5353,,AP Automation,2026-04-06T10:00:00+05:30
PAY-000658,CMP-NL-001,V0056,TXN-000694,2026-05-25,2026-04-21,failed,13155.91,0.00,0.00,INR,IMPS,UTR-260421-000658,INV-V0056-2604-1157,Daily payment limit exceeded,AP Automation,2026-04-10T10:00:00+05:30
PAY-000574,CMP-NL-001,V0011,TXN-000607,2026-04-01,2026-04-22,completed,12747.25,9.63,12756.88,INR,ACH,UTR-260422-000574,INV-V0011-2603-4593,,AP Automation,2026-04-01T10:00:00+05:30
PAY-000619,CMP-NL-001,V0008,TXN-000654,2026-05-08,2026-04-22,completed,39755.81,30.69,39786.50,INR,ACH,UTR-260422-000619,INV-V0008-2604-7308,,AP Automation,2026-04-11T10:00:00+05:30
PAY-000582,CMP-NL-001,V0017,TXN-000616,2026-04-03,2026-04-23,completed,76930.95,71.28,77002.23,INR,ACH,UTR-260423-000582,INV-V0017-2603-8570,,AP Automation,2026-04-03T10:00:00+05:30
PAY-000605,CMP-NL-001,V0043,TXN-000640,2026-04-01,2026-04-23,completed,93855.93,115.44,93971.37,INR,NEFT,UTR-260423-000605,INV-V0043-2603-4037,,AP Automation,2026-04-01T10:00:00+05:30
PAY-000629,CMP-NL-001,V0016,TXN-000664,2026-05-09,2026-04-24,completed,205880.29,248.84,206129.13,INR,Corporate Card,UTR-260424-000629,INV-V0016-2604-6746,,AP Automation,2026-04-09T10:00:00+05:30
PAY-000649,CMP-NL-001,V0045,TXN-000684,2026-04-20,2026-04-24,completed,121510.18,34.20,121544.38,INR,ACH,UTR-260424-000649,INV-V0045-2604-9532,,AP Automation,2026-04-05T10:00:00+05:30
PAY-000655,CMP-NL-001,V0054,TXN-000691,2026-04-23,2026-04-24,completed,93189.25,139.62,93328.87,INR,NEFT,UTR-260424-000655,INV-V0054-2604-3847,,AP Automation,2026-04-23T10:00:00+05:30
PAY-000628,CMP-NL-001,V0015,TXN-000663,2026-04-06,2026-04-25,completed,237784.50,184.01,237968.51,INR,UPI,UTR-260425-000628,INV-V0015-2604-3682,,AP Automation,2026-04-06T10:00:00+05:30
PAY-000636,CMP-NL-001,V0024,TXN-000671,2026-05-07,2026-04-26,completed,98176.07,112.09,98288.16,INR,NEFT,UTR-260426-000636,INV-V0024-2604-9978,,AP Automation,2026-04-23T10:00:00+05:30
PAY-000639,CMP-NL-001,V0029,TXN-000674,2026-05-17,2026-04-27,completed,223850.87,295.84,224146.71,INR,RTGS,UTR-260427-000639,INV-V0029-2604-2531,,AP Automation,2026-04-17T10:00:00+05:30
PAY-000647,CMP-NL-001,V0042,TXN-000682,2026-04-25,2026-04-27,completed,34308.88,13.49,34322.37,INR,RTGS,UTR-260427-000647,INV-V0042-2604-1075,,AP Automation,2026-04-21T10:00:00+05:30
PAY-000622,CMP-NL-001,V0010,TXN-000657,2026-05-23,2026-04-28,completed,28969.63,6.89,28976.52,INR,Corporate Card,UTR-260428-000622,INV-V0010-2604-4222,,AP Automation,2026-04-09T10:00:00+05:30
PAY-000654,CMP-NL-001,V0053,TXN-000690,2026-05-18,2026-04-28,completed,47458.16,43.39,47501.55,INR,ACH,UTR-260428-000654,INV-V0053-2604-5292,,AP Automation,2026-04-20T10:00:00+05:30
PAY-000643,CMP-NL-001,V0037,TXN-000678,2026-05-07,2026-05-01,completed,613875.51,482.71,614358.22,INR,NEFT,UTR-260501-000643,INV-V0037-2604-1763,,AP Automation,2026-05-01T10:00:00+05:30
PAY-000648,CMP-NL-001,V0043,TXN-000683,2026-04-18,2026-05-02,completed,46143.82,27.37,46171.19,INR,IMPS,UTR-260502-000648,INV-V0043-2604-5195,,AP Automation,2026-04-18T10:00:00+05:30
PAY-000651,CMP-NL-001,V0047,TXN-000686,2026-05-02,2026-05-03,completed,64035.32,32.31,64067.63,INR,IMPS,UTR-260503-000651,INV-V0047-2604-8823,,AP Automation,2026-04-25T10:00:00+05:30
PAY-000656,CMP-NL-001,V0055,TXN-000692,2026-05-12,2026-05-03,completed,48056.87,31.97,48088.84,INR,IMPS,UTR-260503-000656,INV-V0055-2604-6576,,AP Automation,2026-04-29T10:00:00+05:30
PAY-000633,CMP-NL-001,V0021,TXN-000668,2026-04-14,2026-05-04,completed,1153529.88,302.24,1153832.12,INR,ACH,UTR-260504-000633,INV-V0021-2604-7876,,AP Automation,2026-04-14T10:00:00+05:30
PAY-000645,CMP-NL-001,V0039,TXN-000680,2026-05-31,2026-05-04,completed,76416.09,94.04,76510.13,INR,RTGS,UTR-260504-000645,INV-V0039-2604-8768,,AP Automation,2026-05-01T10:00:00+05:30
PAY-000689,CMP-NL-001,V0024,TXN-000726,2026-05-17,2026-05-05,completed,194363.00,169.00,194532.00,INR,IMPS,UTR-260505-000689,INV-V0024-2605-7440,,AP Automation,2026-05-04T10:00:00+05:30
PAY-000624,CMP-NL-001,V0011,TXN-000659,2026-04-18,2026-05-06,completed,35068.79,11.59,35080.38,INR,ACH,UTR-260506-000624,INV-V0011-2604-8992,,AP Automation,2026-04-18T10:00:00+05:30
PAY-000632,CMP-NL-001,V0019,TXN-000667,2026-05-08,2026-05-06,completed,157520.10,97.75,157617.85,INR,IMPS,UTR-260506-000632,INV-V0019-2604-9252,,AP Automation,2026-04-24T10:00:00+05:30
PAY-000653,CMP-NL-001,V0051,TXN-000689,2026-04-19,2026-05-06,completed,24264.09,33.64,24297.73,INR,UPI,UTR-260506-000653,INV-V0051-2604-6353,,AP Automation,2026-04-14T10:00:00+05:30
PAY-000650,CMP-NL-001,V0046,TXN-000685,2026-05-22,2026-05-07,completed,48856.93,67.15,48924.08,INR,ACH,UTR-260507-000650,INV-V0046-2604-4991,,AP Automation,2026-04-22T10:00:00+05:30
PAY-000677,CMP-NL-001,V0015,TXN-000714,2026-05-04,2026-05-07,completed,224754.60,111.35,224865.95,INR,RTGS,UTR-260507-000677,INV-V0015-2605-9886,,AP Automation,2026-05-04T10:00:00+05:30
PAY-000644,CMP-NL-001,V0038,TXN-000679,2026-05-25,2026-05-08,completed,457996.51,151.06,458147.57,INR,UPI,UTR-260508-000644,INV-V0038-2604-6000,,AP Automation,2026-04-27T10:00:00+05:30
PAY-000668,CMP-NL-001,V0008,TXN-000704,2026-06-05,2026-05-08,completed,71595.08,104.00,71699.08,INR,RTGS,UTR-260508-000668,INV-V0008-2605-7301,,AP Automation,2026-05-08T10:00:00+05:30
PAY-000682,CMP-NL-001,V0019,TXN-000719,2026-05-20,2026-05-08,completed,51952.91,67.74,52020.65,INR,UPI,UTR-260508-000682,INV-V0019-2605-9489,,AP Automation,2026-05-07T10:00:00+05:30
PAY-000612,CMP-NL-001,V0001,TXN-000647,2026-04-21,2026-05-10,completed,610491.92,724.70,611216.62,INR,UPI,UTR-260510-000612,INV-V0001-2604-4604,,AP Automation,2026-04-21T10:00:00+05:30
PAY-000627,CMP-NL-001,V0014,TXN-000662,2026-05-25,2026-05-10,completed,61983.39,88.84,62072.23,INR,UPI,UTR-260510-000627,INV-V0014-2604-2378,,AP Automation,2026-04-27T10:00:00+05:30
PAY-000640,CMP-NL-001,V0031,TXN-000675,2026-05-03,2026-05-10,completed,196650.14,238.12,196888.26,INR,ACH,UTR-260510-000640,INV-V0031-2604-5348,,AP Automation,2026-04-27T10:00:00+05:30
PAY-000617,CMP-NL-001,V0007,TXN-000652,2026-05-13,2026-05-11,completed,304531.32,452.51,304983.83,INR,Corporate Card,UTR-260511-000617,INV-V0007-2604-8841,,AP Automation,2026-04-28T10:00:00+05:30
PAY-000646,CMP-NL-001,V0041,TXN-000681,2026-05-08,2026-05-11,completed,135666.00,34.51,135700.51,INR,NEFT,UTR-260511-000646,INV-V0041-2604-8543,,AP Automation,2026-04-25T10:00:00+05:30
PAY-000625,CMP-NL-001,V0012,TXN-000660,2026-04-30,2026-05-12,completed,52991.40,45.01,53036.41,INR,UPI,UTR-260512-000625,INV-V0012-2604-6665,,AP Automation,2026-04-24T10:00:00+05:30
PAY-000631,CMP-NL-001,V0018,TXN-000666,2026-06-05,2026-05-12,completed,121683.32,80.76,121764.08,INR,RTGS,UTR-260512-000631,INV-V0018-2604-3839,,AP Automation,2026-04-23T10:00:00+05:30
PAY-000621,CMP-NL-001,V0010,TXN-000656,2026-06-09,2026-05-13,completed,26999.69,35.82,27035.51,INR,UPI,UTR-260513-000621,INV-V0010-2604-7348,,AP Automation,2026-04-26T10:00:00+05:30
PAY-000673,CMP-NL-001,V0012,TXN-000709,2026-05-06,2026-05-13,completed,114557.88,130.69,114688.57,INR,UPI,UTR-260513-000673,INV-V0012-2605-8160,,AP Automation,2026-05-01T10:00:00+05:30
PAY-000666,CMP-NL-001,V0006,TXN-000702,2026-05-20,2026-05-14,completed,396078.10,163.08,396241.18,INR,Corporate Card,UTR-260514-000666,INV-V0006-2605-5914,,AP Automation,2026-05-05T10:00:00+05:30
PAY-000683,CMP-NL-001,V0019,TXN-000720,2026-05-26,2026-05-14,completed,88566.92,52.49,88619.41,INR,ACH,UTR-260514-000683,INV-V0019-2605-3658,,AP Automation,2026-05-14T10:00:00+05:30
PAY-000694,CMP-NL-001,V0034,TXN-000733,2026-05-15,2026-05-14,completed,108065.50,71.57,108137.07,INR,UPI,UTR-260514-000694,INV-V0034-2605-5251,,AP Automation,2026-05-02T10:00:00+05:30
PAY-000699,CMP-NL-001,V0043,TXN-000738,2026-05-13,2026-05-14,completed,57761.09,27.56,57788.65,INR,Corporate Card,UTR-260514-000699,INV-V0043-2605-9875,,AP Automation,2026-05-13T10:00:00+05:30
PAY-000652,CMP-NL-001,V0050,TXN-000688,2026-06-10,2026-05-16,completed,60108.44,73.93,60182.37,INR,RTGS,UTR-260516-000652,INV-V0050-2604-1378,,AP Automation,2026-04-29T10:00:00+05:30
PAY-000674,CMP-NL-001,V0013,TXN-000710,2026-05-27,2026-05-16,completed,42293.06,20.70,42313.76,INR,ACH,UTR-260516-000674,INV-V0013-2605-4338,,AP Automation,2026-05-14T10:00:00+05:30
PAY-000634,CMP-NL-001,V0022,TXN-000669,2026-05-28,2026-05-17,completed,276722.90,134.34,276857.24,INR,IMPS,UTR-260517-000634,INV-V0022-2604-7115,,AP Automation,2026-04-28T10:00:00+05:30
PAY-000672,CMP-NL-001,V0011,TXN-000708,2026-05-14,2026-05-17,completed,35838.03,22.26,35860.29,INR,UPI,UTR-260517-000672,INV-V0011-2605-4334,,AP Automation,2026-05-14T10:00:00+05:30
PAY-000659,CMP-NL-001,V0001,TXN-000695,2026-05-07,2026-05-18,completed,149287.67,70.48,149358.15,INR,UPI,UTR-260518-000659,INV-V0001-2605-5400,,AP Automation,2026-05-07T10:00:00+05:30
PAY-000695,CMP-NL-001,V0035,TXN-000734,2026-06-28,2026-05-19,completed,254394.60,153.22,254547.82,INR,RTGS,UTR-260519-000695,INV-V0035-2605-8122,,AP Automation,2026-05-17T10:00:00+05:30
PAY-000669,CMP-NL-001,V0008,TXN-000705,2026-06-12,2026-05-21,completed,68724.67,84.80,68809.47,INR,RTGS,UTR-260521-000669,INV-V0008-2605-1292,,AP Automation,2026-05-13T10:00:00+05:30
PAY-000676,CMP-NL-001,V0014,TXN-000713,2026-06-05,2026-05-22,completed,59617.92,53.67,59671.59,INR,NEFT,UTR-260522-000676,INV-V0014-2605-1616,,AP Automation,2026-05-06T10:00:00+05:30
PAY-000701,CMP-NL-001,V0048,TXN-000740,2026-06-23,2026-05-22,completed,100724.72,109.52,100834.24,INR,RTGS,UTR-260522-000701,INV-V0048-2605-4056,,AP Automation,2026-05-10T10:00:00+05:30
PAY-000704,CMP-NL-001,V0052,TXN-000743,2026-05-16,2026-05-22,completed,20968.67,25.97,20994.64,INR,RTGS,UTR-260522-000704,INV-V0052-2605-9762,,AP Automation,2026-05-10T10:00:00+05:30
PAY-000681,CMP-NL-001,V0018,TXN-000718,2026-06-21,2026-05-23,failed,108050.39,0.00,0.00,INR,IMPS,UTR-260523-000681,INV-V0018-2605-5777,Beneficiary bank rejected,AP Automation,2026-05-07T10:00:00+05:30
PAY-000692,CMP-NL-001,V0029,TXN-000731,2026-06-05,2026-05-23,completed,65285.19,71.03,65356.22,INR,NEFT,UTR-260523-000692,INV-V0029-2605-4078,,AP Automation,2026-05-09T10:00:00+05:30
PAY-000661,CMP-NL-001,V0002,TXN-000697,2026-06-10,2026-05-24,completed,67737.16,78.76,67815.92,INR,UPI,UTR-260524-000661,INV-V0002-2605-9059,,AP Automation,2026-05-11T10:00:00+05:30
PAY-000670,CMP-NL-001,V0009,TXN-000706,2026-06-05,2026-05-24,completed,63803.53,46.76,63850.29,INR,IMPS,UTR-260524-000670,INV-V0009-2605-6192,,AP Automation,2026-05-24T10:00:00+05:30
PAY-000696,CMP-NL-001,V0037,TXN-000735,2026-05-26,2026-05-24,completed,274283.27,243.77,274527.04,INR,RTGS,UTR-260524-000696,INV-V0037-2605-5519,,AP Automation,2026-05-21T10:00:00+05:30
PAY-000679,CMP-NL-001,V0016,TXN-000716,2026-06-16,2026-05-25,completed,252088.65,176.66,252265.31,INR,ACH,UTR-260525-000679,INV-V0016-2605-2912,,AP Automation,2026-05-17T10:00:00+05:30
PAY-000685,CMP-NL-001,V0020,TXN-000722,2026-06-16,2026-05-26,completed,48652.83,20.84,48673.67,INR,IMPS,UTR-260526-000685,INV-V0020-2605-3220,,AP Automation,2026-05-20T10:00:00+05:30
PAY-000678,CMP-NL-001,V0015,TXN-000715,2026-05-13,2026-05-28,completed,113643.51,86.09,113729.60,INR,UPI,UTR-260528-000678,INV-V0015-2605-3405,,AP Automation,2026-05-13T10:00:00+05:30
PAY-000660,CMP-NL-001,V0001,TXN-000696,2026-05-18,2026-05-29,completed,132435.92,61.07,132496.99,INR,RTGS,UTR-260529-000660,INV-V0001-2605-8023,,AP Automation,2026-05-18T10:00:00+05:30
PAY-000667,CMP-NL-001,V0007,TXN-000703,2026-06-06,2026-05-29,completed,144859.21,213.25,145072.46,INR,UPI,UTR-260529-000667,INV-V0007-2605-3940,,AP Automation,2026-05-25T10:00:00+05:30
PAY-000662,CMP-NL-001,V0003,TXN-000698,2026-07-06,2026-05-30,completed,287158.53,269.87,287428.40,INR,Corporate Card,UTR-260530-000662,INV-V0003-2605-8306,,AP Automation,2026-05-23T10:00:00+05:30
PAY-000684,CMP-NL-001,V0020,TXN-000721,2026-06-12,2026-05-31,completed,40395.27,57.29,40452.56,INR,UPI,UTR-260531-000684,INV-V0020-2605-5693,,AP Automation,2026-05-13T10:00:00+05:30
PAY-000698,CMP-NL-001,V0042,TXN-000737,2026-06-04,2026-05-31,completed,36920.51,7.64,36928.15,INR,RTGS,UTR-260531-000698,INV-V0042-2605-1377,,AP Automation,2026-05-30T10:00:00+05:30
PAY-000690,CMP-NL-001,V0025,TXN-000727,2026-06-10,2026-06-01,completed,126452.97,185.54,126638.51,INR,ACH,UTR-260601-000690,INV-V0025-2605-7523,,AP Automation,2026-05-12T10:00:00+05:30
PAY-000691,CMP-NL-001,V0029,TXN-000730,2026-06-25,2026-06-01,completed,114246.75,165.33,114412.08,INR,IMPS,UTR-260601-000691,INV-V0029-2605-7873,,AP Automation,2026-05-26T10:00:00+05:30
PAY-000686,CMP-NL-001,V0021,TXN-000723,2026-05-20,2026-06-03,completed,914912.26,1198.64,916110.90,INR,UPI,UTR-260603-000686,INV-V0021-2605-7329,,AP Automation,2026-05-20T10:00:00+05:30
PAY-000706,CMP-NL-001,V0054,TXN-000745,2026-05-15,2026-06-03,completed,70734.51,53.04,70787.55,INR,UPI,UTR-260603-000706,INV-V0054-2605-1899,,AP Automation,2026-05-15T10:00:00+05:30
PAY-000707,CMP-NL-001,V0055,TXN-000746,2026-06-10,2026-06-03,completed,54242.91,78.32,54321.23,INR,NEFT,UTR-260603-000707,INV-V0055-2605-9949,,AP Automation,2026-05-26T10:00:00+05:30
PAY-000703,CMP-NL-001,V0050,TXN-000742,2026-06-29,2026-06-04,completed,41979.75,55.99,42035.74,INR,ACH,UTR-260604-000703,INV-V0050-2605-3381,,AP Automation,2026-05-17T10:00:00+05:30
PAY-000740,CMP-NL-001,V0036,TXN-000781,2026-06-03,2026-06-04,completed,133426.10,76.06,133502.16,INR,RTGS,UTR-260604-000740,INV-V0036-2606-5313,,AP Automation,2026-06-03T10:00:00+05:30
PAY-000675,CMP-NL-001,V0014,TXN-000712,2026-07-02,2026-06-05,completed,25062.65,35.51,25098.16,INR,RTGS,UTR-260605-000675,INV-V0014-2605-3549,,AP Automation,2026-06-02T10:00:00+05:30
PAY-000665,CMP-NL-001,V0005,TXN-000701,2026-06-07,2026-06-06,completed,153638.13,179.73,153817.86,INR,ACH,UTR-260606-000665,INV-V0005-2605-8344,,AP Automation,2026-06-03T10:00:00+05:30
PAY-000680,CMP-NL-001,V0017,TXN-000717,2026-05-22,2026-06-06,completed,248864.02,272.55,249136.57,INR,NEFT,UTR-260606-000680,INV-V0017-2605-3746,,AP Automation,2026-05-22T10:00:00+05:30
PAY-000700,CMP-NL-001,V0046,TXN-000739,2026-06-20,2026-06-06,completed,44390.47,19.19,44409.66,INR,NEFT,UTR-260606-000700,INV-V0046-2605-7377,,AP Automation,2026-05-21T10:00:00+05:30
PAY-000708,CMP-NL-001,V0056,TXN-000747,2026-07-08,2026-06-06,completed,15979.19,13.27,15992.46,INR,Corporate Card,UTR-260606-000708,INV-V0056-2605-5659,,AP Automation,2026-05-27T10:00:00+05:30
PAY-000671,CMP-NL-001,V0010,TXN-000707,2026-07-17,2026-06-08,completed,90064.02,19.86,90083.88,INR,IMPS,UTR-260608-000671,INV-V0010-2605-1972,,AP Automation,2026-06-02T10:00:00+05:30
PAY-000693,CMP-NL-001,V0033,TXN-000732,2026-07-01,2026-06-09,completed,104378.20,92.84,104471.04,INR,IMPS,UTR-260609-000693,INV-V0033-2605-5073,,AP Automation,2026-05-18T10:00:00+05:30
PAY-000664,CMP-NL-001,V0004,TXN-000700,2026-05-28,2026-06-13,completed,269863.56,60.04,269923.60,INR,NEFT,UTR-260613-000664,INV-V0004-2605-6623,,AP Automation,2026-05-21T10:00:00+05:30
PAY-000697,CMP-NL-001,V0038,TXN-000736,2026-06-24,2026-06-13,completed,431945.73,172.40,432118.13,INR,RTGS,UTR-260613-000697,INV-V0038-2605-2297,,AP Automation,2026-05-27T10:00:00+05:30
PAY-000705,CMP-NL-001,V0052,TXN-000744,2026-06-05,2026-06-13,completed,28387.76,37.01,28424.77,INR,RTGS,UTR-260613-000705,INV-V0052-2605-4377,,AP Automation,2026-05-29T10:00:00+05:30
PAY-000722,CMP-NL-001,V0014,TXN-000763,2026-07-02,2026-06-13,completed,30712.93,37.72,30750.65,INR,NEFT,UTR-260613-000722,INV-V0014-2606-1029,,AP Automation,2026-06-05T10:00:00+05:30
PAY-000725,CMP-NL-001,V0017,TXN-000766,2026-06-12,2026-06-13,completed,108333.35,31.25,108364.60,INR,NEFT,UTR-260613-000725,INV-V0017-2606-2350,,AP Automation,2026-06-12T10:00:00+05:30
PAY-000688,CMP-NL-001,V0023,TXN-000725,2026-06-29,2026-06-14,completed,72952.88,71.54,73024.42,INR,NEFT,UTR-260614-000688,INV-V0023-2605-7382,,AP Automation,2026-05-31T10:00:00+05:30
PAY-000687,CMP-NL-001,V0022,TXN-000724,2026-06-26,2026-06-15,completed,349980.67,84.99,350065.66,INR,ACH,UTR-260615-000687,INV-V0022-2605-1474,,AP Automation,2026-05-29T10:00:00+05:30
PAY-000712,CMP-NL-001,V0004,TXN-000752,2026-06-13,2026-06-15,completed,261726.54,67.59,261794.13,INR,Corporate Card,UTR-260615-000712,INV-V0004-2606-8495,,AP Automation,2026-06-09T10:00:00+05:30
PAY-000663,CMP-NL-001,V0003,TXN-000699,2026-07-17,2026-06-16,completed,429430.65,523.74,429954.39,INR,IMPS,UTR-260616-000663,INV-V0003-2605-6242,,AP Automation,2026-06-02T10:00:00+05:30
PAY-000724,CMP-NL-001,V0016,TXN-000765,2026-07-16,2026-06-16,completed,133253.84,182.67,133436.51,INR,RTGS,UTR-260616-000724,INV-V0016-2606-8259,,AP Automation,2026-06-16T10:00:00+05:30
PAY-000729,CMP-NL-001,V0020,TXN-000770,2026-07-14,2026-06-16,completed,128675.54,101.06,128776.60,INR,ACH,UTR-260616-000729,INV-V0020-2606-6137,,AP Automation,2026-06-16T10:00:00+05:30
PAY-000730,CMP-NL-001,V0021,TXN-000771,2026-06-08,2026-06-16,completed,933044.59,823.87,933868.46,INR,IMPS,UTR-260616-000730,INV-V0021-2606-5306,,AP Automation,2026-06-08T10:00:00+05:30
PAY-000733,CMP-NL-001,V0023,TXN-000774,2026-07-07,2026-06-16,completed,31592.70,37.27,31629.97,INR,IMPS,UTR-260616-000733,INV-V0023-2606-3947,,AP Automation,2026-06-09T10:00:00+05:30
PAY-000727,CMP-NL-001,V0019,TXN-000768,2026-06-28,2026-06-17,completed,119825.94,126.62,119952.56,INR,UPI,UTR-260617-000727,INV-V0019-2606-3636,,AP Automation,2026-06-13T10:00:00+05:30
PAY-000709,CMP-NL-001,V0001,TXN-000749,2026-06-12,2026-06-18,completed,187014.67,121.55,187136.22,INR,ACH,UTR-260618-000709,INV-V0001-2606-7733,,AP Automation,2026-06-12T10:00:00+05:30
PAY-000746,CMP-NL-001,V0043,TXN-000787,2026-06-18,2026-06-18,completed,78415.49,47.59,78463.08,INR,RTGS,UTR-260618-000746,INV-V0043-2606-5158,,AP Automation,2026-06-18T10:00:00+05:30
PAY-000702,CMP-NL-001,V0048,TXN-000741,2026-07-13,2026-06-19,completed,75369.00,107.63,75476.63,INR,IMPS,UTR-260619-000702,INV-V0048-2605-2632,,AP Automation,2026-05-31T10:00:00+05:30
PAY-000748,CMP-NL-001,V0045,TXN-000789,2026-06-29,2026-06-19,completed,30479.79,44.36,30524.15,INR,IMPS,UTR-260619-000748,INV-V0045-2606-8354,,AP Automation,2026-06-14T10:00:00+05:30
PAY-000714,CMP-NL-001,V0006,TXN-000754,2026-07-01,2026-06-22,completed,348385.38,369.90,348755.28,INR,IMPS,UTR-260622-000714,INV-V0006-2606-3299,,AP Automation,2026-06-16T10:00:00+05:30
PAY-000716,CMP-NL-001,V0008,TXN-000756,2026-07-09,2026-06-22,completed,202211.44,49.89,202261.33,INR,Corporate Card,UTR-260622-000716,INV-V0008-2606-8536,,AP Automation,2026-06-09T10:00:00+05:30
PAY-000721,CMP-NL-001,V0014,TXN-000762,2026-07-20,2026-06-22,completed,92928.67,119.62,93048.29,INR,NEFT,UTR-260622-000721,INV-V0014-2606-6587,,AP Automation,2026-06-20T10:00:00+05:30
PAY-000726,CMP-NL-001,V0018,TXN-000767,2026-08-04,2026-06-23,completed,196808.07,88.80,196896.87,INR,NEFT,UTR-260623-000726,INV-V0018-2606-2940,,AP Automation,2026-06-23T10:00:00+05:30
PAY-000735,CMP-NL-001,V0025,TXN-000776,2026-07-09,2026-06-23,completed,74572.38,40.65,74613.03,INR,Corporate Card,UTR-260623-000735,INV-V0025-2606-8038,,AP Automation,2026-06-10T10:00:00+05:30
PAY-000747,CMP-NL-001,V0045,TXN-000788,2026-07-06,2026-06-23,completed,36690.10,50.66,36740.76,INR,IMPS,UTR-260623-000747,INV-V0045-2606-1184,,AP Automation,2026-06-23T10:00:00+05:30
PAY-000749,CMP-NL-001,V0047,TXN-000790,2026-06-06,2026-06-23,completed,79935.20,42.08,79977.28,INR,RTGS,UTR-260623-000749,INV-V0047-2606-5242,,AP Automation,2026-06-01T10:00:00+05:30
PAY-000734,CMP-NL-001,V0024,TXN-000775,2026-07-07,2026-06-24,completed,123921.37,93.20,124014.57,INR,NEFT,UTR-260624-000734,INV-V0024-2606-8179,,AP Automation,2026-06-24T10:00:00+05:30
PAY-000738,CMP-NL-001,V0030,TXN-000779,2026-06-08,2026-06-24,completed,164126.68,63.62,164190.30,INR,ACH,UTR-260624-000738,INV-V0030-2606-1434,,AP Automation,2026-06-08T10:00:00+05:30
PAY-000745,CMP-NL-001,V0041,TXN-000786,2026-06-23,2026-06-25,completed,119022.65,121.75,119144.40,INR,NEFT,UTR-260625-000745,INV-V0041-2606-8862,,AP Automation,2026-06-09T10:00:00+05:30
PAY-000752,CMP-NL-001,V0054,TXN-000793,2026-06-13,2026-06-25,completed,159704.25,68.25,159772.50,INR,ACH,UTR-260625-000752,INV-V0054-2606-6829,,AP Automation,2026-06-13T10:00:00+05:30
PAY-000753,CMP-NL-001,V0055,TXN-000794,2026-06-27,2026-06-25,completed,60978.84,89.73,61068.57,INR,ACH,UTR-260625-000753,INV-V0055-2606-5843,,AP Automation,2026-06-15T10:00:00+05:30
PAY-000754,CMP-NL-001,V0056,TXN-000795,2026-07-31,2026-06-25,completed,53018.54,49.21,53067.75,INR,RTGS,UTR-260625-000754,INV-V0056-2606-1437,,AP Automation,2026-06-18T10:00:00+05:30
PAY-000717,CMP-NL-001,V0009,TXN-000757,2026-06-29,2026-06-26,completed,55633.24,52.26,55685.50,INR,ACH,UTR-260626-000717,INV-V0009-2606-1211,,AP Automation,2026-06-15T10:00:00+05:30
PAY-000737,CMP-NL-001,V0029,TXN-000778,2026-07-05,2026-06-27,completed,84349.18,58.68,84407.86,INR,Corporate Card,UTR-260627-000737,INV-V0029-2606-6973,,AP Automation,2026-06-08T10:00:00+05:30
PAY-000739,CMP-NL-001,V0035,TXN-000780,2026-07-22,2026-06-27,completed,213213.17,156.12,213369.29,INR,Corporate Card,UTR-260627-000739,INV-V0035-2606-6075,,AP Automation,2026-06-07T10:00:00+05:30
PAY-000711,CMP-NL-001,V0003,TXN-000751,2026-08-07,2026-06-28,reversed,655428.70,0.00,0.00,INR,Corporate Card,UTR-260628-000711,INV-V0003-2606-7298,,AP Automation,2026-06-24T10:00:00+05:30
PAY-000715,CMP-NL-001,V0007,TXN-000755,2026-07-04,2026-06-29,completed,182518.95,186.25,182705.20,INR,UPI,UTR-260629-000715,INV-V0007-2606-7993,,AP Automation,2026-06-20T10:00:00+05:30
PAY-000732,CMP-NL-001,V0023,TXN-000773,2026-07-08,2026-07-01,completed,56582.50,34.61,56617.11,INR,RTGS,UTR-260701-000732,INV-V0023-2606-1143,,AP Automation,2026-06-08T10:00:00+05:30
PAY-000736,CMP-NL-001,V0028,TXN-000777,2026-07-02,2026-07-01,completed,298983.52,116.10,299099.62,INR,Corporate Card,UTR-260701-000736,INV-V0028-2606-4597,,AP Automation,2026-06-26T10:00:00+05:30
PAY-000741,CMP-NL-001,V0036,TXN-000782,2026-06-29,2026-07-01,completed,141009.75,176.35,141186.10,INR,Corporate Card,UTR-260701-000741,INV-V0036-2606-9549,,AP Automation,2026-06-29T10:00:00+05:30
PAY-000719,CMP-NL-001,V0012,TXN-000760,2026-06-29,2026-07-04,completed,106229.18,50.63,106279.81,INR,RTGS,UTR-260704-000719,INV-V0012-2606-2457,,AP Automation,2026-06-25T10:00:00+05:30
PAY-000750,CMP-NL-001,V0050,TXN-000791,2026-08-14,2026-07-04,completed,26398.79,13.33,26412.12,INR,IMPS,UTR-260704-000750,INV-V0050-2606-6764,,AP Automation,2026-07-02T10:00:00+05:30
PAY-000720,CMP-NL-001,V0013,TXN-000761,2026-07-07,2026-07-05,completed,50064.93,31.59,50096.52,INR,RTGS,UTR-260705-000720,INV-V0013-2606-6051,,AP Automation,2026-06-25T10:00:00+05:30
PAY-000744,CMP-NL-001,V0039,TXN-000785,2026-07-18,2026-07-05,completed,165382.48,94.61,165477.09,INR,RTGS,UTR-260705-000744,INV-V0039-2606-2350,,AP Automation,2026-06-20T10:00:00+05:30
PAY-000718,CMP-NL-001,V0011,TXN-000759,2026-06-13,2026-07-06,completed,77450.56,78.19,77528.75,INR,Corporate Card,UTR-260706-000718,INV-V0011-2606-1209,,AP Automation,2026-06-13T10:00:00+05:30
PAY-000742,CMP-NL-001,V0037,TXN-000783,2026-06-20,2026-07-07,completed,426345.23,135.09,426480.32,INR,IMPS,UTR-260707-000742,INV-V0037-2606-4873,,AP Automation,2026-06-16T10:00:00+05:30
PAY-000780,CMP-NL-001,V0022,TXN-000823,2026-08-03,2026-07-07,completed,98872.68,39.74,98912.42,INR,ACH,UTR-260707-000780,INV-V0022-2607-1200,,AP Automation,2026-07-07T10:00:00+05:30
PAY-000785,CMP-NL-001,V0026,TXN-000828,2026-08-21,2026-07-10,completed,961309.08,929.96,962239.04,INR,Corporate Card,UTR-260710-000785,INV-V0026-2607-8161,,AP Automation,2026-07-10T10:00:00+05:30
PAY-000728,CMP-NL-001,V0020,TXN-000769,2026-07-30,2026-07-11,completed,57096.29,17.23,57113.52,INR,RTGS,UTR-260711-000728,INV-V0020-2606-1103,,AP Automation,2026-07-02T10:00:00+05:30
PAY-000731,CMP-NL-001,V0022,TXN-000772,2026-07-15,2026-07-12,completed,443993.57,266.77,444260.34,INR,NEFT,UTR-260712-000731,INV-V0022-2606-9238,,AP Automation,2026-06-18T10:00:00+05:30
PAY-000743,CMP-NL-001,V0038,TXN-000784,2026-07-17,2026-07-12,completed,373239.38,437.29,373676.67,INR,RTGS,UTR-260712-000743,INV-V0038-2606-9690,,AP Automation,2026-06-20T10:00:00+05:30
PAY-000710,CMP-NL-001,V0002,TXN-000750,2026-07-27,2026-07-15,completed,48040.28,53.13,48093.41,INR,UPI,UTR-260715-000710,INV-V0002-2606-7114,,AP Automation,2026-06-27T10:00:00+05:30
PAY-000779,CMP-NL-001,V0021,TXN-000822,2026-07-12,2026-07-15,completed,495824.49,651.41,496475.90,INR,UPI,UTR-260715-000779,INV-V0021-2607-7368,,AP Automation,2026-07-12T10:00:00+05:30
PAY-000751,CMP-NL-001,V0051,TXN-000792,2026-06-28,2026-07-17,completed,52485.32,60.03,52545.35,INR,UPI,UTR-260717-000751,INV-V0051-2606-9870,,AP Automation,2026-06-24T10:00:00+05:30
PAY-000787,CMP-NL-001,V0029,TXN-000830,2026-08-05,2026-07-17,completed,199315.19,117.52,199432.71,INR,UPI,UTR-260717-000787,INV-V0029-2607-3160,,AP Automation,2026-07-09T10:00:00+05:30
PAY-000801,CMP-NL-001,V0052,TXN-000845,2026-07-10,2026-07-17,completed,27738.71,10.21,27748.92,INR,NEFT,UTR-260717-000801,INV-V0052-2607-4155,,AP Automation,2026-07-06T10:00:00+05:30
PAY-PART-001,CMP-NL-001,V0021,TXN-PART-001,2026-07-17,2026-07-17,completed,500000.00,0.00,500000.00,INR,RTGS,UTR-PART-0726,WE-PART-0726,,AP Automation,2026-07-17T10:00:00+05:30
PAY-000763,CMP-NL-001,V0009,TXN-000805,2026-07-17,2026-07-18,completed,66847.07,88.08,66935.15,INR,RTGS,UTR-260718-000763,INV-V0009-2607-4647,,AP Automation,2026-07-03T10:00:00+05:30
PAY-000784,CMP-NL-001,V0025,TXN-000827,2026-08-04,2026-07-18,completed,91882.02,81.76,91963.78,INR,ACH,UTR-260718-000784,INV-V0025-2607-2053,,AP Automation,2026-07-07T10:00:00+05:30
PAY-000774,CMP-NL-001,V0017,TXN-000816,2026-07-16,2026-07-19,completed,54590.54,71.29,54661.83,INR,RTGS,UTR-260719-000774,INV-V0017-2607-8380,,AP Automation,2026-07-16T10:00:00+05:30
PAY-000771,CMP-NL-001,V0014,TXN-000813,2026-08-09,2026-07-20,completed,47114.09,19.50,47133.59,INR,NEFT,UTR-260720-000771,INV-V0014-2607-2212,,AP Automation,2026-07-13T10:00:00+05:30
PAY-000723,CMP-NL-001,V0015,TXN-000764,2026-06-27,2026-07-21,completed,345879.39,153.04,346032.43,INR,Corporate Card,UTR-260721-000723,INV-V0015-2606-3347,,AP Automation,2026-06-27T10:00:00+05:30
PAY-000761,CMP-NL-001,V0007,TXN-000803,2026-07-20,2026-07-22,completed,96811.99,139.51,96951.50,INR,ACH,UTR-260722-000761,INV-V0007-2607-3697,,AP Automation,2026-07-05T10:00:00+05:30
PAY-000793,CMP-NL-001,V0039,TXN-000837,2026-08-01,2026-07-22,completed,55463.75,64.10,55527.85,INR,UPI,UTR-260722-000793,INV-V0039-2607-8587,,AP Automation,2026-07-02T10:00:00+05:30
PAY-000776,CMP-NL-001,V0018,TXN-000818,2026-08-26,2026-07-23,completed,132125.94,183.41,132309.35,INR,Corporate Card,UTR-260723-000776,INV-V0018-2607-2607,,AP Automation,2026-07-15T10:00:00+05:30
PAY-000783,CMP-NL-001,V0024,TXN-000826,2026-08-08,2026-07-24,completed,103226.00,107.64,103333.64,INR,NEFT,UTR-260724-000783,INV-V0024-2607-7187,,AP Automation,2026-07-24T10:00:00+05:30
PAY-000792,CMP-NL-001,V0038,TXN-000836,2026-08-08,2026-07-24,completed,269550.33,346.50,269896.83,INR,IMPS,UTR-260724-000792,INV-V0038-2607-4779,,AP Automation,2026-07-11T10:00:00+05:30
PAY-000807,CMP-NL-001,V0056,TXN-000851,2026-08-21,2026-07-24,completed,18261.59,22.62,18284.21,INR,Corporate Card,UTR-260724-000807,INV-V0056-2607-4202,,AP Automation,2026-07-08T10:00:00+05:30
PAY-000781,CMP-NL-001,V0022,TXN-000824,2026-08-18,2026-07-25,failed,318176.44,0.00,0.00,INR,RTGS,UTR-260725-000781,INV-V0022-2607-2902,Beneficiary bank rejected,AP Automation,2026-07-22T10:00:00+05:30
PAY-000713,CMP-NL-001,V0005,TXN-000753,2026-07-10,2026-07-26,completed,720118.12,394.69,720512.81,INR,RTGS,UTR-260726-000713,INV-V0005-2606-2703,,AP Automation,2026-07-03T10:00:00+05:30
PAY-000760,CMP-NL-001,V0007,TXN-000802,2026-08-07,2026-07-27,completed,79418.06,34.17,79452.23,INR,ACH,UTR-260727-000760,INV-V0007-2607-6878,,AP Automation,2026-07-25T10:00:00+05:30
PAY-000778,CMP-NL-001,V0019,TXN-000820,2026-08-02,2026-07-29,completed,45083.65,16.07,45099.72,INR,IMPS,UTR-260729-000778,INV-V0019-2607-7406,,AP Automation,2026-07-19T10:00:00+05:30
PAY-000802,CMP-NL-001,V0052,TXN-000846,2026-07-21,2026-07-29,completed,29596.52,26.86,29623.38,INR,Corporate Card,UTR-260729-000802,INV-V0052-2607-8953,,AP Automation,2026-07-16T10:00:00+05:30
PAY-000782,CMP-NL-001,V0023,TXN-000825,2026-08-23,2026-07-30,completed,39458.24,43.37,39501.61,INR,Corporate Card,UTR-260730-000782,INV-V0023-2607-1488,,AP Automation,2026-07-27T10:00:00+05:30
PAY-000798,CMP-NL-001,V0044,TXN-000842,2026-07-24,2026-07-31,completed,128550.17,34.38,128584.55,INR,RTGS,UTR-260731-000798,INV-V0044-2607-6751,,AP Automation,2026-07-24T10:00:00+05:30
PAY-000756,CMP-NL-001,V0002,TXN-000797,2026-08-28,2026-08-02,completed,60713.71,52.31,60766.02,INR,Corporate Card,UTR-260802-000756,INV-V0002-2607-6666,,AP Automation,2026-07-29T10:00:00+05:30
PAY-000852,CMP-NL-001,V0052,TXN-000898,2026-08-06,2026-08-03,completed,65461.67,53.70,65515.37,INR,IMPS,UTR-260803-000852,INV-V0052-2608-1709,,AP Automation,2026-08-02T10:00:00+05:30
PAY-000775,CMP-NL-001,V0017,TXN-000817,2026-07-18,2026-08-04,completed,65449.13,34.38,65483.51,INR,RTGS,UTR-260804-000775,INV-V0017-2607-4609,,AP Automation,2026-07-18T10:00:00+05:30
PAY-000790,CMP-NL-001,V0035,TXN-000833,2026-09-12,2026-08-04,completed,281540.98,363.41,281904.39,INR,NEFT,UTR-260804-000790,INV-V0035-2607-1918,,AP Automation,2026-07-29T10:00:00+05:30
PAY-000794,CMP-NL-001,V0041,TXN-000838,2026-08-10,2026-08-05,completed,96568.35,84.36,96652.71,INR,UPI,UTR-260805-000794,INV-V0041-2607-9303,,AP Automation,2026-07-29T10:00:00+05:30
PAY-000800,CMP-NL-001,V0050,TXN-000844,2026-09-17,2026-08-05,completed,55106.56,31.96,55138.52,INR,ACH,UTR-260805-000800,INV-V0050-2607-3305,,AP Automation,2026-08-03T10:00:00+05:30
PAY-000811,CMP-NL-001,V0005,TXN-000855,2026-08-09,2026-08-05,completed,254338.67,291.75,254630.42,INR,Corporate Card,UTR-260805-000811,INV-V0005-2608-1006,,AP Automation,2026-08-03T10:00:00+05:30
PAY-000755,CMP-NL-001,V0001,TXN-000796,2026-08-01,2026-08-06,completed,372671.37,302.95,372974.32,INR,UPI,UTR-260806-000755,INV-V0001-2607-4179,,AP Automation,2026-08-01T10:00:00+05:30
PAY-000853,CMP-NL-001,V0054,TXN-000899,2026-08-03,2026-08-06,completed,62171.29,55.64,62226.93,INR,ACH,UTR-260806-000853,INV-V0054-2608-6642,,AP Automation,2026-08-03T10:00:00+05:30
PAY-000757,CMP-NL-001,V0003,TXN-000798,2026-08-27,2026-08-07,completed,1655853.90,1354.72,1657208.62,INR,UPI,UTR-260807-000757,INV-V0003-2607-2927,,AP Automation,2026-07-15T10:00:00+05:30
PAY-000767,CMP-NL-001,V0011,TXN-000809,2026-07-31,2026-08-07,completed,23263.20,19.82,23283.02,INR,IMPS,UTR-260807-000767,INV-V0011-2607-5241,,AP Automation,2026-07-31T10:00:00+05:30
PAY-000806,CMP-NL-001,V0056,TXN-000850,2026-08-31,2026-08-07,completed,27460.82,13.52,27474.34,INR,ACH,UTR-260807-000806,INV-V0056-2607-9160,,AP Automation,2026-07-19T10:00:00+05:30
PAY-REV-ORIG,CMP-NL-001,V0026,TXN-REV-ORIG,2026-08-07,2026-08-07,reversed,380000.00,0.00,0.00,INR,RTGS,UTR-REV-0826,DEL-REV-0826,,AP Automation,2026-08-07T10:00:00+05:30
PAY-000791,CMP-NL-001,V0036,TXN-000834,2026-08-02,2026-08-08,completed,177596.27,254.50,177850.77,INR,RTGS,UTR-260808-000791,INV-V0036-2607-3789,,AP Automation,2026-08-02T10:00:00+05:30
PAY-000803,CMP-NL-001,V0053,TXN-000847,2026-08-14,2026-08-08,completed,35141.11,30.47,35171.58,INR,IMPS,UTR-260808-000803,INV-V0053-2607-6394,,AP Automation,2026-07-17T10:00:00+05:30
PAY-000797,CMP-NL-001,V0044,TXN-000841,2026-07-25,2026-08-09,completed,125645.42,163.85,125809.27,INR,ACH,UTR-260809-000797,INV-V0044-2607-3573,,AP Automation,2026-07-25T10:00:00+05:30
PAY-000799,CMP-NL-001,V0045,TXN-000843,2026-08-03,2026-08-09,completed,63561.02,48.41,63609.43,INR,UPI,UTR-260809-000799,INV-V0045-2607-9172,,AP Automation,2026-07-20T10:00:00+05:30
PAY-000762,CMP-NL-001,V0008,TXN-000804,2026-08-27,2026-08-10,completed,144287.45,70.14,144357.59,INR,NEFT,UTR-260810-000762,INV-V0008-2607-4819,,AP Automation,2026-07-28T10:00:00+05:30
PAY-000768,CMP-NL-001,V0012,TXN-000810,2026-08-02,2026-08-10,completed,68787.93,81.38,68869.31,INR,NEFT,UTR-260810-000768,INV-V0012-2607-2213,,AP Automation,2026-07-26T10:00:00+05:30
PAY-000805,CMP-NL-001,V0055,TXN-000849,2026-08-02,2026-08-10,completed,83532.09,66.26,83598.35,INR,NEFT,UTR-260810-000805,INV-V0055-2607-1905,,AP Automation,2026-07-19T10:00:00+05:30
PAY-000788,CMP-NL-001,V0031,TXN-000831,2026-08-05,2026-08-11,completed,118755.70,136.33,118892.03,INR,IMPS,UTR-260811-000788,INV-V0031-2607-7714,,AP Automation,2026-07-29T10:00:00+05:30
PAY-000777,CMP-NL-001,V0019,TXN-000819,2026-08-13,2026-08-12,completed,54556.67,54.45,54611.12,INR,Corporate Card,UTR-260812-000777,INV-V0019-2607-6635,,AP Automation,2026-08-01T10:00:00+05:30
PAY-000804,CMP-NL-001,V0054,TXN-000848,2026-07-29,2026-08-12,completed,99048.69,129.64,99178.33,INR,NEFT,UTR-260812-000804,INV-V0054-2607-6424,,AP Automation,2026-07-29T10:00:00+05:30
PAY-PROMPT-001,CMP-NL-001,V0011,TXN-PROMPT-001,2026-08-12,2026-08-12,completed,49999.00,0.00,49999.00,INR,RTGS,UTR-PROMPT-0826,NOTION-INJ-0826,,AP Automation,2026-08-12T10:00:00+05:30
PAY-000796,CMP-NL-001,V0043,TXN-000840,2026-07-26,2026-08-13,completed,69363.34,27.27,69390.61,INR,Corporate Card,UTR-260813-000796,INV-V0043-2607-5739,,AP Automation,2026-07-26T10:00:00+05:30
PAY-000759,CMP-NL-001,V0006,TXN-000801,2026-08-06,2026-08-14,completed,302734.91,107.94,302842.85,INR,ACH,UTR-260814-000759,INV-V0006-2607-2629,,AP Automation,2026-07-24T10:00:00+05:30
PAY-000772,CMP-NL-001,V0015,TXN-000814,2026-07-24,2026-08-14,completed,169336.10,79.44,169415.54,INR,IMPS,UTR-260814-000772,INV-V0015-2607-5162,,AP Automation,2026-07-24T10:00:00+05:30
PAY-000786,CMP-NL-001,V0028,TXN-000829,2026-08-04,2026-08-14,failed,217415.27,0.00,0.00,INR,UPI,UTR-260814-000786,INV-V0028-2607-4849,Invalid bank details,AP Automation,2026-07-29T10:00:00+05:30
PAY-000826,CMP-NL-001,V0019,TXN-000872,2026-08-21,2026-08-14,completed,218625.68,213.22,218838.90,INR,RTGS,UTR-260814-000826,INV-V0019-2608-3367,,AP Automation,2026-08-07T10:00:00+05:30
PAY-000773,CMP-NL-001,V0016,TXN-000815,2026-08-21,2026-08-15,completed,379981.22,565.33,380546.55,INR,UPI,UTR-260815-000773,INV-V0016-2607-1103,,AP Automation,2026-07-24T10:00:00+05:30
PAY-MISSING-REC-001,CMP-NL-001,V0054,TXN-MISSING-REC-001,2026-08-15,2026-08-15,completed,73500.00,0.00,73500.00,INR,RTGS,UTR-MISS-0826,AMZ-MISS-0826,,AP Automation,2026-08-15T10:00:00+05:30
PAY-000830,CMP-NL-001,V0023,TXN-000876,2026-09-04,2026-08-16,completed,39644.15,11.65,39655.80,INR,Corporate Card,UTR-260816-000830,INV-V0023-2608-9594,,AP Automation,2026-08-08T10:00:00+05:30
PAY-000758,CMP-NL-001,V0005,TXN-000800,2026-07-31,2026-08-17,completed,212929.77,270.61,213200.38,INR,Corporate Card,UTR-260817-000758,INV-V0005-2607-4593,,AP Automation,2026-07-24T10:00:00+05:30
PAY-000769,CMP-NL-001,V0013,TXN-000811,2026-08-12,2026-08-17,completed,21454.02,30.51,21484.53,INR,IMPS,UTR-260817-000769,INV-V0013-2607-9289,,AP Automation,2026-07-28T10:00:00+05:30
PAY-000770,CMP-NL-001,V0013,TXN-000812,2026-08-17,2026-08-17,completed,29115.33,15.30,29130.63,INR,UPI,UTR-260817-000770,INV-V0013-2607-3488,,AP Automation,2026-08-02T10:00:00+05:30
PAY-000795,CMP-NL-001,V0042,TXN-000839,2026-08-06,2026-08-17,failed,42062.79,0.00,0.00,INR,UPI,UTR-260817-000795,INV-V0042-2607-4316,Beneficiary bank rejected,AP Automation,2026-08-01T10:00:00+05:30
PAY-000842,CMP-NL-001,V0039,TXN-000888,2026-09-02,2026-08-17,completed,167354.36,151.34,167505.70,INR,Corporate Card,UTR-260817-000842,INV-V0039-2608-3992,,AP Automation,2026-08-04T10:00:00+05:30
PAY-000836,CMP-NL-001,V0033,TXN-000882,2026-09-24,2026-08-18,completed,53018.65,78.65,53097.30,INR,ACH,UTR-260818-000836,INV-V0033-2608-2136,,AP Automation,2026-08-11T10:00:00+05:30
PAY-ANOM-001,CMP-NL-001,V0028,TXN-ANOM-001,2026-08-18,2026-08-18,completed,1850000.00,0.00,1850000.00,INR,RTGS,UTR-ANOM-0826,DF-ANOM-0826,,AP Automation,2026-08-18T10:00:00+05:30
PAY-000765,CMP-NL-001,V0010,TXN-000807,2026-09-13,2026-08-19,completed,41354.76,44.20,41398.96,INR,ACH,UTR-260819-000765,INV-V0010-2607-9411,,AP Automation,2026-07-31T10:00:00+05:30
PAY-000849,CMP-NL-001,V0050,TXN-000895,2026-10-02,2026-08-19,completed,23308.48,28.23,23336.71,INR,NEFT,UTR-260819-000849,INV-V0050-2608-4136,,AP Automation,2026-08-19T10:00:00+05:30
PAY-000764,CMP-NL-001,V0010,TXN-000806,2026-09-14,2026-08-20,completed,31335.72,28.11,31363.83,INR,NEFT,UTR-260820-000764,INV-V0010-2607-8718,,AP Automation,2026-08-03T10:00:00+05:30
PAY-000816,CMP-NL-001,V0009,TXN-000860,2026-08-28,2026-08-20,completed,35475.69,26.02,35501.71,INR,ACH,UTR-260820-000816,INV-V0009-2608-2905,,AP Automation,2026-08-15T10:00:00+05:30
PAY-000844,CMP-NL-001,V0041,TXN-000890,2026-08-26,2026-08-20,completed,145372.27,180.93,145553.20,INR,Corporate Card,UTR-260820-000844,INV-V0041-2608-4289,,AP Automation,2026-08-14T10:00:00+05:30
PAY-000766,CMP-NL-001,V0011,TXN-000808,2026-08-04,2026-08-22,reversed,41713.64,0.00,0.00,INR,NEFT,UTR-260822-000766,INV-V0011-2607-9568,,AP Automation,2026-08-04T10:00:00+05:30
PAY-000851,CMP-NL-001,V0051,TXN-000897,2026-08-24,2026-08-22,completed,14004.46,10.04,14014.50,INR,UPI,UTR-260822-000851,INV-V0051-2608-4937,,AP Automation,2026-08-18T10:00:00+05:30
PAY-DUP-001,CMP-NL-001,V0035,TXN-DUP-001,2026-08-22,2026-08-22,completed,245000.00,0.00,245000.00,INR,RTGS,UTR-DUP-0822-245000,GM-INV-0826-17,,AP Automation,2026-08-22T10:00:00+05:30
PAY-DUP-002,CMP-NL-001,V0035,TXN-DUP-002,2026-08-22,2026-08-22,completed,245000.00,0.00,245000.00,INR,RTGS,UTR-DUP-0822-245000,GM-INV-0826-17,,AP Automation,2026-08-22T10:00:00+05:30
PAY-000789,CMP-NL-001,V0033,TXN-000832,2026-09-10,2026-08-23,completed,75597.00,35.53,75632.53,INR,IMPS,UTR-260823-000789,INV-V0033-2607-4226,,AP Automation,2026-07-30T10:00:00+05:30
PAY-000819,CMP-NL-001,V0012,TXN-000863,2026-08-08,2026-08-23,completed,58374.31,49.63,58423.94,INR,NEFT,UTR-260823-000819,INV-V0012-2608-3900,,AP Automation,2026-08-04T10:00:00+05:30
PAY-000838,CMP-NL-001,V0034,TXN-000884,2026-08-26,2026-08-24,completed,34258.42,26.05,34284.47,INR,Corporate Card,UTR-260824-000838,INV-V0034-2608-8276,,AP Automation,2026-08-12T10:00:00+05:30
PAY-000850,CMP-NL-001,V0051,TXN-000896,2026-08-09,2026-08-25,completed,13586.94,10.94,13597.88,INR,Corporate Card,UTR-260825-000850,INV-V0051-2608-4790,,AP Automation,2026-08-02T10:00:00+05:30
PAY-000808,CMP-NL-001,V0001,TXN-000852,2026-08-11,2026-08-26,completed,1009350.65,262.16,1009612.81,INR,NEFT,UTR-260826-000808,INV-V0001-2608-8041,,AP Automation,2026-08-11T10:00:00+05:30
PAY-000818,CMP-NL-001,V0011,TXN-000862,2026-08-21,2026-08-27,completed,77411.79,94.46,77506.25,INR,NEFT,UTR-260827-000818,INV-V0011-2608-1234,,AP Automation,2026-08-21T10:00:00+05:30
PAY-000815,CMP-NL-001,V0009,TXN-000859,2026-08-22,2026-08-28,completed,38930.10,57.99,38988.09,INR,ACH,UTR-260828-000815,INV-V0009-2608-7996,,AP Automation,2026-08-08T10:00:00+05:30
PAY-000820,CMP-NL-001,V0012,TXN-000864,2026-08-25,2026-08-28,completed,40313.52,28.05,40341.57,INR,RTGS,UTR-260828-000820,INV-V0012-2608-9588,,AP Automation,2026-08-21T10:00:00+05:30
PAY-000823,CMP-NL-001,V0015,TXN-000868,2026-08-07,2026-08-29,completed,86780.24,101.88,86882.12,INR,Corporate Card,UTR-260829-000823,INV-V0015-2608-7531,,AP Automation,2026-08-07T10:00:00+05:30
PAY-FAIL-001,CMP-NL-001,V0046,TXN-FAIL-001,2026-08-29,2026-08-29,failed,88000.00,0.00,0.00,INR,RTGS,UTR-FAIL-0826,BD-FAIL-0826,Beneficiary bank rejected,AP Automation,2026-08-29T10:00:00+05:30
PAY-000846,CMP-NL-001,V0043,TXN-000892,2026-08-06,2026-08-30,completed,81770.87,65.60,81836.47,INR,RTGS,UTR-260830-000846,INV-V0043-2608-5212,,AP Automation,2026-08-06T10:00:00+05:30
PAY-000841,CMP-NL-001,V0038,TXN-000887,2026-09-21,2026-08-31,completed,75080.29,29.33,75109.62,INR,UPI,UTR-260831-000841,INV-V0038-2608-3154,,AP Automation,2026-08-22T10:00:00+05:30
PAY-000840,CMP-NL-001,V0038,TXN-000886,2026-09-24,2026-09-01,completed,88293.77,114.12,88407.89,INR,RTGS,UTR-260901-000840,INV-V0038-2608-4469,,AP Automation,2026-08-25T10:00:00+05:30
PAY-000848,CMP-NL-001,V0049,TXN-000894,2026-10-05,2026-09-01,completed,151532.24,155.32,151687.56,INR,ACH,UTR-260901-000848,INV-V0049-2608-9759,,AP Automation,2026-08-21T10:00:00+05:30
PAY-000825,CMP-NL-001,V0018,TXN-000871,2026-09-29,2026-09-02,completed,216384.89,305.96,216690.85,INR,ACH,UTR-260902-000825,INV-V0018-2608-8315,,AP Automation,2026-08-16T10:00:00+05:30
PAY-000831,CMP-NL-001,V0024,TXN-000877,2026-08-31,2026-09-03,completed,174389.47,185.31,174574.78,INR,ACH,UTR-260903-000831,INV-V0024-2608-6276,,AP Automation,2026-08-18T10:00:00+05:30
PAY-000878,CMP-NL-001,V0019,TXN-000926,2026-09-17,2026-09-03,completed,126206.21,145.26,126351.47,INR,IMPS,UTR-260903-000878,INV-V0019-2609-2411,,AP Automation,2026-09-03T10:00:00+05:30
PAY-000899,CMP-NL-001,V0042,TXN-000947,2026-09-07,2026-09-03,completed,52690.01,36.38,52726.39,INR,Corporate Card,UTR-260903-000899,INV-V0042-2609-8764,,AP Automation,2026-09-03T10:00:00+05:30
PAY-000809,CMP-NL-001,V0003,TXN-000853,2026-10-10,,pending,737101.20,0.00,0.00,INR,IMPS,,INV-V0003-2608-1110,,AP Automation,2026-08-26T10:00:00+05:30
PAY-000810,CMP-NL-001,V0004,TXN-000854,2026-08-29,,pending,224774.05,0.00,0.00,INR,IMPS,,INV-V0004-2608-2703,,AP Automation,2026-08-22T10:00:00+05:30
PAY-000812,CMP-NL-001,V0006,TXN-000856,2026-09-14,,pending,501118.68,0.00,0.00,INR,UPI,,INV-V0006-2608-2836,,AP Automation,2026-08-30T10:00:00+05:30
PAY-000813,CMP-NL-001,V0007,TXN-000857,2026-09-05,,pending,207484.89,0.00,0.00,INR,ACH,,INV-V0007-2608-3956,,AP Automation,2026-08-21T10:00:00+05:30
PAY-000814,CMP-NL-001,V0008,TXN-000858,2026-09-26,,pending,135741.53,0.00,0.00,INR,RTGS,,INV-V0008-2608-3732,,AP Automation,2026-08-29T10:00:00+05:30
PAY-000817,CMP-NL-001,V0010,TXN-000861,2026-09-26,,pending,78959.28,0.00,0.00,INR,ACH,,INV-V0010-2608-4478,,AP Automation,2026-08-14T10:00:00+05:30
PAY-000821,CMP-NL-001,V0014,TXN-000866,2026-09-21,,pending,67996.15,0.00,0.00,INR,UPI,,INV-V0014-2608-6122,,AP Automation,2026-08-23T10:00:00+05:30
PAY-000822,CMP-NL-001,V0014,TXN-000867,2026-09-12,,pending,50347.55,0.00,0.00,INR,ACH,,INV-V0014-2608-5351,,AP Automation,2026-08-15T10:00:00+05:30
PAY-000824,CMP-NL-001,V0016,TXN-000869,2026-09-28,,pending,271304.19,0.00,0.00,INR,IMPS,,INV-V0016-2608-2463,,AP Automation,2026-08-29T10:00:00+05:30
PAY-000827,CMP-NL-001,V0020,TXN-000873,2026-09-24,,pending,34061.65,0.00,0.00,INR,IMPS,,INV-V0020-2608-6336,,AP Automation,2026-08-25T10:00:00+05:30
PAY-000828,CMP-NL-001,V0020,TXN-000874,2026-09-16,,pending,59118.28,0.00,0.00,INR,NEFT,,INV-V0020-2608-3445,,AP Automation,2026-08-20T10:00:00+05:30
PAY-000829,CMP-NL-001,V0021,TXN-000875,2026-09-01,,pending,440758.03,0.00,0.00,INR,NEFT,,INV-V0021-2608-3236,,AP Automation,2026-09-01T10:00:00+05:30
PAY-000832,CMP-NL-001,V0025,TXN-000878,2026-09-27,,pending,85556.66,0.00,0.00,INR,RTGS,,INV-V0025-2608-1293,,AP Automation,2026-08-29T10:00:00+05:30
PAY-000833,CMP-NL-001,V0028,TXN-000879,2026-08-23,,pending,289492.43,0.00,0.00,INR,Corporate Card,,INV-V0028-2608-2966,,AP Automation,2026-08-17T10:00:00+05:30
PAY-000834,CMP-NL-001,V0031,TXN-000880,2026-08-23,,pending,181727.34,0.00,0.00,INR,RTGS,,INV-V0031-2608-3236,,AP Automation,2026-08-19T10:00:00+05:30
PAY-000835,CMP-NL-001,V0032,TXN-000881,2026-09-15,,pending,68141.31,0.00,0.00,INR,ACH,,INV-V0032-2608-5674,,AP Automation,2026-08-16T10:00:00+05:30
PAY-000837,CMP-NL-001,V0033,TXN-000883,2026-10-07,,pending,54433.75,0.00,0.00,INR,ACH,,INV-V0033-2608-1213,,AP Automation,2026-08-23T10:00:00+05:30
PAY-000839,CMP-NL-001,V0037,TXN-000885,2026-08-30,,pending,347353.37,0.00,0.00,INR,UPI,,INV-V0037-2608-2732,,AP Automation,2026-08-25T10:00:00+05:30
PAY-000843,CMP-NL-001,V0040,TXN-000889,2026-10-12,,pending,57813.04,0.00,0.00,INR,ACH,,INV-V0040-2608-1707,,AP Automation,2026-08-30T10:00:00+05:30
PAY-000845,CMP-NL-001,V0043,TXN-000891,2026-08-30,,pending,50863.99,0.00,0.00,INR,UPI,,INV-V0043-2608-5329,,AP Automation,2026-08-30T10:00:00+05:30
PAY-000847,CMP-NL-001,V0045,TXN-000893,2026-09-04,,pending,68669.80,0.00,0.00,INR,NEFT,,INV-V0045-2608-9726,,AP Automation,2026-08-22T10:00:00+05:30
PAY-000854,CMP-NL-001,V0054,TXN-000900,2026-08-28,,pending,124446.31,0.00,0.00,INR,Corporate Card,,INV-V0054-2608-3268,,AP Automation,2026-08-28T10:00:00+05:30
PAY-000855,CMP-NL-001,V0055,TXN-000901,2026-09-12,,pending,67241.44,0.00,0.00,INR,RTGS,,INV-V0055-2608-3013,,AP Automation,2026-08-28T10:00:00+05:30
PAY-000856,CMP-NL-001,V0001,TXN-000903,2026-09-02,,pending,260207.81,0.00,0.00,INR,RTGS,,INV-V0001-2609-7988,,AP Automation,2026-09-02T10:00:00+05:30
PAY-000857,CMP-NL-001,V0003,TXN-000904,2026-10-15,,pending,335233.18,0.00,0.00,INR,UPI,,INV-V0003-2609-2520,,AP Automation,2026-09-03T10:00:00+05:30
PAY-000858,CMP-NL-001,V0004,TXN-000905,2026-09-07,,pending,130673.82,0.00,0.00,INR,NEFT,,INV-V0004-2609-5856,,AP Automation,2026-09-03T10:00:00+05:30
PAY-000859,CMP-NL-001,V0004,TXN-000906,2026-09-08,,pending,133233.45,0.00,0.00,INR,RTGS,,INV-V0004-2609-2428,,AP Automation,2026-09-03T10:00:00+05:30
PAY-000860,CMP-NL-001,V0005,TXN-000907,2026-09-10,,pending,221890.82,0.00,0.00,INR,RTGS,,INV-V0005-2609-9049,,AP Automation,2026-09-03T10:00:00+05:30
PAY-000861,CMP-NL-001,V0006,TXN-000908,2026-09-14,,pending,483976.06,0.00,0.00,INR,IMPS,,INV-V0006-2609-6591,,AP Automation,2026-09-02T10:00:00+05:30
PAY-000862,CMP-NL-001,V0007,TXN-000909,2026-09-17,,pending,132265.62,0.00,0.00,INR,RTGS,,INV-V0007-2609-1483,,AP Automation,2026-09-03T10:00:00+05:30
PAY-000863,CMP-NL-001,V0007,TXN-000910,2026-09-15,,pending,61110.54,0.00,0.00,INR,RTGS,,INV-V0007-2609-2156,,AP Automation,2026-09-03T10:00:00+05:30
PAY-000864,CMP-NL-001,V0009,TXN-000912,2026-09-16,,pending,53248.03,0.00,0.00,INR,Corporate Card,,INV-V0009-2609-4172,,AP Automation,2026-09-03T10:00:00+05:30
PAY-000865,CMP-NL-001,V0009,TXN-000913,2026-09-17,,pending,39283.43,0.00,0.00,INR,RTGS,,INV-V0009-2609-7491,,AP Automation,2026-09-03T10:00:00+05:30
PAY-000866,CMP-NL-001,V0010,TXN-000914,2026-10-17,,pending,49574.75,0.00,0.00,INR,IMPS,,INV-V0010-2609-3569,,AP Automation,2026-09-03T10:00:00+05:30
PAY-000867,CMP-NL-001,V0010,TXN-000915,2026-10-18,,pending,28708.04,0.00,0.00,INR,ACH,,INV-V0010-2609-7598,,AP Automation,2026-09-03T10:00:00+05:30
PAY-000868,CMP-NL-001,V0011,TXN-000916,2026-09-03,,pending,52402.74,0.00,0.00,INR,NEFT,,INV-V0011-2609-7640,,AP Automation,2026-09-03T10:00:00+05:30
PAY-000869,CMP-NL-001,V0012,TXN-000917,2026-09-09,,pending,73646.43,0.00,0.00,INR,UPI,,INV-V0012-2609-2496,,AP Automation,2026-09-03T10:00:00+05:30
PAY-000870,CMP-NL-001,V0013,TXN-000918,2026-09-17,,pending,47479.57,0.00,0.00,INR,UPI,,INV-V0013-2609-2597,,AP Automation,2026-09-03T10:00:00+05:30
PAY-000871,CMP-NL-001,V0014,TXN-000919,2026-10-03,,pending,47323.29,0.00,0.00,INR,IMPS,,INV-V0014-2609-2938,,AP Automation,2026-09-03T10:00:00+05:30
PAY-000872,CMP-NL-001,V0014,TXN-000920,2026-10-02,,pending,69291.01,0.00,0.00,INR,UPI,,INV-V0014-2609-5151,,AP Automation,2026-09-03T10:00:00+05:30
PAY-000873,CMP-NL-001,V0015,TXN-000921,2026-09-03,,pending,121986.21,0.00,0.00,INR,RTGS,,INV-V0015-2609-2724,,AP Automation,2026-09-03T10:00:00+05:30
PAY-000874,CMP-NL-001,V0015,TXN-000922,2026-09-03,,pending,156964.97,0.00,0.00,INR,NEFT,,INV-V0015-2609-6607,,AP Automation,2026-09-03T10:00:00+05:30
PAY-000875,CMP-NL-001,V0016,TXN-000923,2026-10-01,,pending,143907.45,0.00,0.00,INR,Corporate Card,,INV-V0016-2609-9338,,AP Automation,2026-09-01T10:00:00+05:30
PAY-000876,CMP-NL-001,V0017,TXN-000924,2026-09-03,,pending,106770.53,0.00,0.00,INR,IMPS,,INV-V0017-2609-3568,,AP Automation,2026-09-03T10:00:00+05:30
PAY-000877,CMP-NL-001,V0018,TXN-000925,2026-10-16,,pending,146327.20,0.00,0.00,INR,Corporate Card,,INV-V0018-2609-5487,,AP Automation,2026-09-01T10:00:00+05:30
PAY-000879,CMP-NL-001,V0020,TXN-000927,2026-09-30,,pending,178039.49,0.00,0.00,INR,RTGS,,INV-V0020-2609-3860,,AP Automation,2026-09-03T10:00:00+05:30
PAY-000880,CMP-NL-001,V0021,TXN-000928,2026-09-03,,pending,2053603.43,0.00,0.00,INR,ACH,,INV-V0021-2609-1080,,AP Automation,2026-09-03T10:00:00+05:30
PAY-000881,CMP-NL-001,V0022,TXN-000929,2026-09-30,,pending,195570.78,0.00,0.00,INR,IMPS,,INV-V0022-2609-4234,,AP Automation,2026-09-01T10:00:00+05:30
PAY-000882,CMP-NL-001,V0022,TXN-000930,2026-10-01,,pending,132532.13,0.00,0.00,INR,NEFT,,INV-V0022-2609-9944,,AP Automation,2026-09-01T10:00:00+05:30
PAY-000883,CMP-NL-001,V0023,TXN-000931,2026-09-30,,pending,81720.51,0.00,0.00,INR,ACH,,INV-V0023-2609-6455,,AP Automation,2026-09-03T10:00:00+05:30
PAY-000884,CMP-NL-001,V0024,TXN-000932,2026-09-15,,pending,40977.17,0.00,0.00,INR,IMPS,,INV-V0024-2609-8663,,AP Automation,2026-09-03T10:00:00+05:30
PAY-000885,CMP-NL-001,V0024,TXN-000933,2026-09-18,,pending,25806.29,0.00,0.00,INR,RTGS,,INV-V0024-2609-4828,,AP Automation,2026-09-03T10:00:00+05:30
PAY-000886,CMP-NL-001,V0025,TXN-000934,2026-10-01,,pending,65083.25,0.00,0.00,INR,NEFT,,INV-V0025-2609-3159,,AP Automation,2026-09-03T10:00:00+05:30
PAY-000887,CMP-NL-001,V0026,TXN-000935,2026-10-18,,pending,879503.69,0.00,0.00,INR,Corporate Card,,INV-V0026-2609-6332,,AP Automation,2026-09-03T10:00:00+05:30
PAY-000888,CMP-NL-001,V0028,TXN-000936,2026-09-08,,pending,176721.68,0.00,0.00,INR,UPI,,INV-V0028-2609-3209,,AP Automation,2026-09-03T10:00:00+05:30
PAY-000889,CMP-NL-001,V0030,TXN-000937,2026-09-02,,pending,92051.00,0.00,0.00,INR,IMPS,,INV-V0030-2609-2208,,AP Automation,2026-09-02T10:00:00+05:30
PAY-000890,CMP-NL-001,V0031,TXN-000938,2026-09-10,,pending,28184.58,0.00,0.00,INR,RTGS,,INV-V0031-2609-5147,,AP Automation,2026-09-03T10:00:00+05:30
PAY-000891,CMP-NL-001,V0031,TXN-000939,2026-09-08,,pending,144194.50,0.00,0.00,INR,NEFT,,INV-V0031-2609-9079,,AP Automation,2026-09-02T10:00:00+05:30
PAY-000892,CMP-NL-001,V0034,TXN-000940,2026-09-17,,pending,77933.36,0.00,0.00,INR,NEFT,,INV-V0034-2609-8313,,AP Automation,2026-09-02T10:00:00+05:30
PAY-000893,CMP-NL-001,V0035,TXN-000941,2026-10-17,,pending,404310.20,0.00,0.00,INR,Corporate Card,,INV-V0035-2609-6966,,AP Automation,2026-09-03T10:00:00+05:30
PAY-000894,CMP-NL-001,V0037,TXN-000942,2026-09-05,,pending,420025.42,0.00,0.00,INR,NEFT,,INV-V0037-2609-2972,,AP Automation,2026-09-01T10:00:00+05:30
PAY-000895,CMP-NL-001,V0038,TXN-000943,2026-10-01,,pending,118516.38,0.00,0.00,INR,IMPS,,INV-V0038-2609-3232,,AP Automation,2026-09-03T10:00:00+05:30
PAY-000896,CMP-NL-001,V0038,TXN-000944,2026-10-02,,pending,164568.97,0.00,0.00,INR,Corporate Card,,INV-V0038-2609-9030,,AP Automation,2026-09-03T10:00:00+05:30
PAY-000897,CMP-NL-001,V0039,TXN-000945,2026-09-30,,pending,107465.61,0.00,0.00,INR,NEFT,,INV-V0039-2609-3532,,AP Automation,2026-09-01T10:00:00+05:30
PAY-000898,CMP-NL-001,V0040,TXN-000946,2026-10-16,,pending,122241.41,0.00,0.00,INR,UPI,,INV-V0040-2609-1441,,AP Automation,2026-09-03T10:00:00+05:30
PAY-000900,CMP-NL-001,V0043,TXN-000948,2026-09-03,,pending,41578.54,0.00,0.00,INR,ACH,,INV-V0043-2609-7114,,AP Automation,2026-09-03T10:00:00+05:30
PAY-000901,CMP-NL-001,V0043,TXN-000949,2026-09-03,,pending,64686.68,0.00,0.00,INR,ACH,,INV-V0043-2609-4488,,AP Automation,2026-09-03T10:00:00+05:30
PAY-000902,CMP-NL-001,V0045,TXN-000950,2026-09-17,,pending,39547.08,0.00,0.00,INR,UPI,,INV-V0045-2609-3363,,AP Automation,2026-09-03T10:00:00+05:30
PAY-000903,CMP-NL-001,V0046,TXN-000951,2026-10-03,,pending,159735.28,0.00,0.00,INR,RTGS,,INV-V0046-2609-7215,,AP Automation,2026-09-03T10:00:00+05:30
PAY-000904,CMP-NL-001,V0047,TXN-000952,2026-09-07,,pending,85245.04,0.00,0.00,INR,UPI,,INV-V0047-2609-5977,,AP Automation,2026-09-03T10:00:00+05:30
PAY-000905,CMP-NL-001,V0048,TXN-000953,2026-10-15,,pending,292697.91,0.00,0.00,INR,ACH,,INV-V0048-2609-1571,,AP Automation,2026-09-03T10:00:00+05:30
PAY-000906,CMP-NL-001,V0050,TXN-000954,2026-10-18,,pending,47512.08,0.00,0.00,INR,NEFT,,INV-V0050-2609-7976,,AP Automation,2026-09-03T10:00:00+05:30
PAY-000907,CMP-NL-001,V0051,TXN-000955,2026-09-09,,pending,52776.30,0.00,0.00,INR,IMPS,,INV-V0051-2609-4615,,AP Automation,2026-09-03T10:00:00+05:30
PAY-000908,CMP-NL-001,V0054,TXN-000956,2026-09-03,,pending,125785.89,0.00,0.00,INR,ACH,,INV-V0054-2609-4620,,AP Automation,2026-09-03T10:00:00+05:30
PAY-000909,CMP-NL-001,V0055,TXN-000957,2026-09-18,,pending,66195.97,0.00,0.00,INR,ACH,,INV-V0055-2609-9719,,AP Automation,2026-09-03T10:00:00+05:30
PAY-000910,CMP-NL-001,V0056,TXN-000958,2026-10-17,,pending,77550.80,0.00,0.00,INR,NEFT,,INV-V0056-2609-2308,,AP Automation,2026-09-03T10:00:00+05:30
PAY-PEND-001,CMP-NL-001,V0006,TXN-PEND-001,2026-09-03,,pending,275000.00,0.00,0.00,INR,RTGS,,OAI-PEND-0926,,AP Automation,2026-09-03T10:00:00+05:30
